entry,stop,target,exit_price,exit_reason,quantity,pnl,r_multiple,stop_loss_pct,profit_pct,symbol,strategy_name,strategy_family,setup_name,policy_name,policy_status,execution_route,trade_blueprint,entry_date,rule_score,ml_score,catalyst_score,regime_score,liquidity_score,ai_trade_score,ai_confidence,ai_model_name,model_win_probability,model_expected_r,ai_decision,rationale,rvol,average_volume,last_price,atr_value,intraday_change_pct,extension_above_ema9_pct,above_vwap,ema_stack,breakout_close_confirmed,volume_trend,market_trend,close_near_high,not_overextended,first_5m_bullish,first_5m_close_above_vwap,orb_breakout,trigger_source
133.16,123.45,152.58,131.88,end_of_day,102,-131.07,-0.13,7.29,-0.97,AAPL,Momentum Price Action Trend,Momentum + Price Action Trend,EMA + VWAP + ORB,Signal Selector -> Policy Critic -> Risk Governor -> Execution Router,Approved,Bracket Order / Core Session,Setup EMA + VWAP + ORB -> Policy Approved -> Entry 133.16 / Stop 123.45 / Target 152.58 -> Route Bracket Order / Core Session,2020-12-22,110,95,45,100,80,77,85,HeavyTradingModel-v2,0.0,0.0,Qualified,"RVOL strong, Volume accelerating, EMA stack intact, Above VWAP, Intraday expansion, Close near high, Not extended from EMA 9, First 5m bullish, First 5m above VWAP, ORB confirmed, Setup: EMA + VWAP + ORB, Breakout via premarket_high, SPY above VWAP, ML score 95, Catalyst score 45, Regime score 100, Liquidity score 80, Final score 77, AI confidence 85, Setup fit 96, Trend quality 89, ML 95, Catalyst 45, Regime 100, Memory 50, Anomaly 79, Confidence 85. AAPL matches EMA + VWAP + ORB. EMA 9/21/50 stack is aligned. price is holding above VWAP. volume is expanding. SPY regime is supportive. breakout is confirmed through premarket high. predicted win probability 0%. expected return 0.00R. Model rejects the trade because win probability is too low., AI decision Qualified",10.48,1367461,133.16,3.14,1.77,0.76,True,True,True,True,True,True,True,True,True,True,premarket_high
165.02,156.62,181.82,160.88,end_of_day,118,-488.52,-0.49,5.09,-2.51,AAPL,Momentum Price Action Trend,Momentum + Price Action Trend,EMA + VWAP + ORB,Signal Selector -> Policy Critic -> Risk Governor -> Execution Router,Approved,Bracket Order / Core Session,Setup EMA + VWAP + ORB -> Policy Approved -> Entry 165.02 / Stop 156.62 / Target 181.82 -> Route Bracket Order / Core Session,2021-11-22,105,86,45,100,80,70,79,HeavyTradingModel-v2,0.0,0.0,Qualified,"RVOL strong, Volume accelerating, EMA stack intact, Above VWAP, Intraday expansion, Not extended from EMA 9, First 5m bullish, First 5m above VWAP, ORB confirmed, Setup: EMA + VWAP + ORB, Breakout via premarket_high, SPY above VWAP, ML score 86, Catalyst score 45, Regime score 100, Liquidity score 80, Final score 70, AI confidence 79, Setup fit 96, Trend quality 78, ML 86, Catalyst 45, Regime 100, Memory 45, Anomaly 60, Confidence 79. AAPL matches EMA + VWAP + ORB. EMA 9/21/50 stack is aligned. price is holding above VWAP. volume is expanding. SPY regime is supportive. breakout is confirmed through premarket high. predicted win probability 0%. expected return 0.00R. Model rejects the trade because win probability is too low., AI decision Qualified",5.26,1058360,165.02,2.83,1.38,0.85,True,True,True,True,True,False,True,True,True,True,premarket_high
154.57,144.13,175.44,155.7,end_of_day,95,107.35,0.11,6.75,0.73,AAPL,Momentum Price Action Trend,Momentum + Price Action Trend,EMA + VWAP + ORB,Signal Selector -> Policy Critic -> Risk Governor -> Execution Router,Approved,Bracket Order / Core Session,Setup EMA + VWAP + ORB -> Policy Approved -> Entry 154.57 / Stop 144.13 / Target 175.44 -> Route Bracket Order / Core Session,2022-10-28,105,87,45,100,80,70,80,HeavyTradingModel-v2,0.0,0.0,Qualified,"RVOL strong, Volume accelerating, EMA stack intact, Above VWAP, Intraday expansion, Not extended from EMA 9, First 5m bullish, First 5m above VWAP, ORB confirmed, Setup: EMA + VWAP + ORB, Breakout via premarket_high, SPY above VWAP, ML score 87, Catalyst score 45, Regime score 100, Liquidity score 80, Final score 70, AI confidence 80, Setup fit 96, Trend quality 84, ML 87, Catalyst 45, Regime 100, Memory 44, Anomaly 63, Confidence 80. AAPL matches EMA + VWAP + ORB. EMA 9/21/50 stack is aligned. price is holding above VWAP. volume is expanding. SPY regime is supportive. breakout is confirmed through premarket high. predicted win probability 0%. expected return 0.00R. Model rejects the trade because win probability is too low., AI decision Qualified",4.76,1780203,154.57,5.18,3.01,1.28,True,True,True,True,True,False,True,True,True,True,premarket_high
151.78,147.72,159.92,154.51,end_of_day,245,668.85,0.67,2.67,1.8,AAPL,Momentum Price Action Trend,Momentum + Price Action Trend,EMA + VWAP + ORB,Signal Selector -> Policy Critic -> Risk Governor -> Execution Router,Approved,Bracket Order / Core Session,Setup EMA + VWAP + ORB -> Policy Approved -> Entry 151.78 / Stop 147.72 / Target 159.92 -> Route Bracket Order / Core Session,2023-02-03,105,90,45,100,80,75,82,HeavyTradingModel-v2,0.0,0.0,Qualified,"RVOL strong, Volume accelerating, EMA stack intact, Above VWAP, Intraday expansion, Not extended from EMA 9, First 5m bullish, First 5m above VWAP, ORB confirmed, Setup: EMA + VWAP + ORB, Breakout via premarket_high, SPY above VWAP, ML score 90, Catalyst score 45, Regime score 100, Liquidity score 80, Final score 75, AI confidence 82, Setup fit 96, Trend quality 79, ML 90, Catalyst 45, Regime 100, Memory 60, Anomaly 72, Confidence 82. AAPL matches EMA + VWAP + ORB. EMA 9/21/50 stack is aligned. price is holding above VWAP. volume is expanding. SPY regime is supportive. breakout is confirmed through premarket high. predicted win probability 0%. expected return 0.00R. Model rejects the trade because win probability is too low., AI decision Qualified",7.03,1404651,151.78,4.07,1.54,1.11,True,True,True,True,True,False,True,True,True,True,premarket_high
149.48,143.91,160.62,151.08,end_of_day,179,286.4,0.29,3.73,1.07,AAPL,Momentum Price Action Trend,Momentum + Price Action Trend,EMA + VWAP + ORB,Signal Selector -> Policy Critic -> Risk Governor -> Execution Router,Approved,Bracket Order / Core Session,Setup EMA + VWAP + ORB -> Policy Approved -> Entry 149.48 / Stop 143.91 / Target 160.62 -> Route Bracket Order / Core Session,2023-03-03,110,84,45,100,70,72,82,HeavyTradingModel-v2,0.0,0.0,Qualified,"RVOL strong, Volume accelerating, EMA stack intact, Above VWAP, Intraday expansion, Close near high, Not extended from EMA 9, First 5m bullish, First 5m above VWAP, ORB confirmed, Setup: EMA + VWAP + ORB, Breakout via previous_day_high, SPY above VWAP, ML score 84, Catalyst score 45, Regime score 100, Liquidity score 70, Final score 72, AI confidence 82, Setup fit 96, Trend quality 87, ML 84, Catalyst 45, Regime 100, Memory 71, Anomaly 51, Confidence 82. AAPL matches EMA + VWAP + ORB. EMA 9/21/50 stack is aligned. price is holding above VWAP. volume is expanding. SPY regime is supportive. breakout is confirmed through previous day high. predicted win probability 0%. expected return 0.00R. Model rejects the trade because win probability is too low., AI decision Qualified",3.93,1093311,149.48,3.09,0.96,0.58,True,True,True,True,True,True,True,True,True,True,previous_day_high
176.84,170.14,190.24,177.65,end_of_day,149,120.69,0.12,3.79,0.46,AAPL,Momentum Price Action Trend,Momentum + Price Action Trend,EMA + VWAP + ORB,Signal Selector -> Policy Critic -> Risk Governor -> Execution Router,Approved,Bracket Order / Core Session,Setup EMA + VWAP + ORB -> Policy Approved -> Entry 176.84 / Stop 170.14 / Target 190.24 -> Route Bracket Order / Core Session,2023-11-02,105,78,45,100,70,70,79,HeavyTradingModel-v2,0.0,0.0,Qualified,"RVOL strong, Volume accelerating, EMA stack intact, Above VWAP, Intraday expansion, Not extended from EMA 9, First 5m bullish, First 5m above VWAP, ORB confirmed, Setup: EMA + VWAP + ORB, Breakout via premarket_high, SPY above VWAP, ML score 78, Catalyst score 45, Regime score 100, Liquidity score 70, Final score 70, AI confidence 79, Setup fit 96, Trend quality 75, ML 78, Catalyst 45, Regime 100, Memory 77, Anomaly 48, Confidence 79. AAPL matches EMA + VWAP + ORB. EMA 9/21/50 stack is aligned. price is holding above VWAP. volume is expanding. SPY regime is supportive. breakout is confirmed through premarket high. predicted win probability 0%. expected return 0.00R. Model rejects the trade because win probability is too low., AI decision Qualified",3.74,1127650,176.84,3.19,0.51,0.24,True,True,True,True,True,False,True,True,True,True,premarket_high
185.82,182.49,192.49,186.88,end_of_day,301,319.06,0.32,1.79,0.57,AAPL,Momentum Price Action Trend,Momentum + Price Action Trend,EMA + VWAP + ORB,Signal Selector -> Policy Critic -> Risk Governor -> Execution Router,Approved,Bracket Order / Core Session,Setup EMA + VWAP + ORB -> Policy Approved -> Entry 185.82 / Stop 182.49 / Target 192.49 -> Route Bracket Order / Core Session,2024-02-01,110,78,45,100,70,70,80,HeavyTradingModel-v2,0.0,0.0,Qualified,"RVOL strong, Volume accelerating, EMA stack intact, Above VWAP, Close near high, Not extended from EMA 9, First 5m bullish, First 5m above VWAP, ORB confirmed, Setup: EMA + VWAP + ORB, Breakout via premarket_high, SPY above VWAP, ML score 78, Catalyst score 45, Regime score 100, Liquidity score 70, Final score 70, AI confidence 80, Setup fit 96, Trend quality 85, ML 78, Catalyst 45, Regime 100, Memory 81, Anomaly 41, Confidence 80. AAPL matches EMA + VWAP + ORB. EMA 9/21/50 stack is aligned. price is holding above VWAP. volume is expanding. SPY regime is supportive. breakout is confirmed through premarket high. predicted win probability 0%. expected return 0.00R. Model rejects the trade because win probability is too low., AI decision Qualified",2.61,1020855,185.82,3.33,0.39,0.38,True,True,True,True,True,True,True,True,True,True,premarket_high
183.61,179.8,191.22,185.72,end_of_day,264,557.04,0.55,2.08,1.15,AAPL,Momentum Price Action Trend,Momentum + Price Action Trend,EMA + VWAP + ORB,Signal Selector -> Policy Critic -> Risk Governor -> Execution Router,Approved,Bracket Order / Core Session,Setup EMA + VWAP + ORB -> Policy Approved -> Entry 183.61 / Stop 179.80 / Target 191.22 -> Route Bracket Order / Core Session,2024-02-02,95,79,45,100,80,73,83,HeavyTradingModel-v2,0.0,0.0,Qualified,"RVOL strong, Volume accelerating, EMA stack intact, Above VWAP, Intraday expansion, Close near high, Not extended from EMA 9, First 5m bullish, First 5m above VWAP, ORB confirmed, Setup: EMA + VWAP + ORB, SPY above VWAP, ML score 79, Catalyst score 45, Regime score 100, Liquidity score 80, Final score 73, AI confidence 83, Setup fit 96, Trend quality 87, ML 79, Catalyst 45, Regime 100, Memory 85, Anomaly 60, Confidence 83. AAPL matches EMA + VWAP + ORB. EMA 9/21/50 stack is aligned. price is holding above VWAP. volume is expanding. SPY regime is supportive. predicted win probability 0%. expected return 0.00R. Model rejects the trade because win probability is too low., AI decision Qualified",5.25,1056577,183.61,3.81,1.13,0.47,True,True,False,True,True,True,True,True,True,True,none
172.74,169.12,179.97,173.35,end_of_day,280,172.2,0.17,2.1,0.36,AAPL,Momentum Price Action Trend,Momentum + Price Action Trend,EMA + VWAP + ORB,Signal Selector -> Policy Critic -> Risk Governor -> Execution Router,Approved,Bracket Order / Core Session,Setup EMA + VWAP + ORB -> Policy Approved -> Entry 172.74 / Stop 169.12 / Target 179.97 -> Route Bracket Order / Core Session,2024-03-27,90,74,45,100,55,70,81,HeavyTradingModel-v2,0.0,0.0,Qualified,"Volume accelerating, EMA stack intact, Above VWAP, Intraday expansion, Close near high, Not extended from EMA 9, First 5m bullish, First 5m above VWAP, ORB confirmed, Setup: EMA + VWAP + ORB, Breakout via previous_day_high, SPY above VWAP, ML score 74, Catalyst score 45, Regime score 100, Liquidity score 55, Final score 70, AI confidence 81, Setup fit 96, Trend quality 88, ML 74, Catalyst 45, Regime 100, Memory 89, Anomaly 43, Confidence 81. AAPL matches EMA + VWAP + ORB. EMA 9/21/50 stack is aligned. price is holding above VWAP. volume is expanding. SPY regime is supportive. breakout is confirmed through previous day high. predicted win probability 0%. expected return 0.00R. Model rejects the trade because win probability is too low., AI decision Qualified",0.82,1054638,172.74,3.62,1.3,0.09,True,True,True,True,True,True,True,True,True,True,previous_day_high
185.63,170.9,215.1,183.36,end_of_day,68,-154.36,-0.15,7.94,-1.22,AAPL,Momentum Price Action Trend,Momentum + Price Action Trend,EMA + VWAP + Previous Day High,Signal Selector -> Policy Critic -> Risk Governor -> Execution Router,Approved,Bracket Order / Core Session,Setup EMA + VWAP + Previous Day High -> Policy Approved -> Entry 185.63 / Stop 170.90 / Target 215.10 -> Route Bracket Order / Core Session,2024-05-03,100,79,45,100,70,70,80,HeavyTradingModel-v2,0.0,0.0,Qualified,"RVOL strong, Volume accelerating, EMA stack intact, Above VWAP, Close near high, Not extended from EMA 9, ORB confirmed, Setup: EMA + VWAP + Previous Day High, Breakout via previous_day_high, SPY above VWAP, ML score 79, Catalyst score 45, Regime score 100, Liquidity score 70, Final score 70, AI confidence 80, Setup fit 92, Trend quality 85, ML 79, Catalyst 45, Regime 100, Memory 92, Anomaly 32, Confidence 80. AAPL matches EMA + VWAP + Previous Day High. EMA 9/21/50 stack is aligned. price is holding above VWAP. volume is expanding. SPY regime is supportive. breakout is confirmed through previous day high. predicted win probability 0%. expected return 0.00R. Model rejects the trade because win probability is too low., AI decision Qualified",3.43,1189190,185.63,4.17,0.34,0.17,True,True,True,True,True,True,True,False,False,True,previous_day_high
215.37,210.59,224.93,216.67,end_of_day,212,275.6,0.27,2.22,0.6,AAPL,Momentum Price Action Trend,Momentum + Price Action Trend,EMA + VWAP + ORB,Signal Selector -> Policy Critic -> Risk Governor -> Execution Router,Approved,Bracket Order / Core Session,Setup EMA + VWAP + ORB -> Policy Approved -> Entry 215.37 / Stop 210.59 / Target 224.93 -> Route Bracket Order / Core Session,2024-06-17,110,81,45,100,70,72,82,HeavyTradingModel-v2,0.0,0.0,Qualified,"RVOL strong, Volume accelerating, EMA stack intact, Above VWAP, Intraday expansion, Close near high, Not extended from EMA 9, First 5m bullish, First 5m above VWAP, ORB confirmed, Setup: EMA + VWAP + ORB, Breakout via previous_day_high, SPY above VWAP, ML score 81, Catalyst score 45, Regime score 100, Liquidity score 70, Final score 72, AI confidence 82, Setup fit 96, Trend quality 87, ML 81, Catalyst 45, Regime 100, Memory 88, Anomaly 45, Confidence 82. AAPL matches EMA + VWAP + ORB. EMA 9/21/50 stack is aligned. price is holding above VWAP. volume is expanding. SPY regime is supportive. breakout is confirmed through previous day high. predicted win probability 0%. expected return 0.00R. Model rejects the trade because win probability is too low., AI decision Qualified",2.98,1120171,215.37,4.78,1.12,0.66,True,True,True,True,True,True,True,True,True,True,previous_day_high
218.5,211.95,231.6,220.35,end_of_day,155,286.75,0.28,3.0,0.85,AAPL,Momentum Price Action Trend,Momentum + Price Action Trend,EMA + VWAP + ORB,Signal Selector -> Policy Critic -> Risk Governor -> Execution Router,Approved,Bracket Order / Core Session,Setup EMA + VWAP + ORB -> Policy Approved -> Entry 218.50 / Stop 211.95 / Target 231.60 -> Route Bracket Order / Core Session,2024-07-02,90,74,45,100,55,70,81,HeavyTradingModel-v2,0.0,0.0,Qualified,"Volume accelerating, EMA stack intact, Above VWAP, Intraday expansion, Close near high, Not extended from EMA 9, First 5m bullish, First 5m above VWAP, ORB confirmed, Setup: EMA + VWAP + ORB, Breakout via premarket_high, SPY above VWAP, ML score 74, Catalyst score 45, Regime score 100, Liquidity score 55, Final score 70, AI confidence 81, Setup fit 96, Trend quality 88, ML 74, Catalyst 45, Regime 100, Memory 91, Anomaly 43, Confidence 81. AAPL matches EMA + VWAP + ORB. EMA 9/21/50 stack is aligned. price is holding above VWAP. volume is expanding. SPY regime is supportive. breakout is confirmed through premarket high. predicted win probability 0%. expected return 0.00R. Model rejects the trade because win probability is too low., AI decision Qualified",1.43,1227252,218.5,5.71,1.41,0.6,True,True,True,True,True,True,True,True,True,True,premarket_high
225.09,219.04,237.2,226.35,end_of_day,168,211.68,0.21,2.69,0.56,AAPL,Momentum Price Action Trend,Momentum + Price Action Trend,EMA + VWAP + ORB,Signal Selector -> Policy Critic -> Risk Governor -> Execution Router,Approved,Bracket Order / Core Session,Setup EMA + VWAP + ORB -> Policy Approved -> Entry 225.09 / Stop 219.04 / Target 237.20 -> Route Bracket Order / Core Session,2024-07-05,90,74,45,100,55,70,81,HeavyTradingModel-v2,0.0,0.0,Qualified,"Volume accelerating, EMA stack intact, Above VWAP, Intraday expansion, Close near high, Not extended from EMA 9, First 5m bullish, First 5m above VWAP, ORB confirmed, Setup: EMA + VWAP + ORB, Breakout via previous_day_high, SPY above VWAP, ML score 74, Catalyst score 45, Regime score 100, Liquidity score 55, Final score 70, AI confidence 81, Setup fit 96, Trend quality 87, ML 74, Catalyst 45, Regime 100, Memory 94, Anomaly 42, Confidence 81. AAPL matches EMA + VWAP + ORB. EMA 9/21/50 stack is aligned. price is holding above VWAP. volume is expanding. SPY regime is supportive. breakout is confirmed through previous day high. predicted win probability 0%. expected return 0.00R. Model rejects the trade because win probability is too low., AI decision Qualified",0.68,1225044,225.09,4.94,1.23,0.01,True,True,True,True,True,True,True,True,True,True,previous_day_high
228.39,223.27,238.63,228.69,end_of_day,199,59.7,0.06,2.24,0.13,AAPL,Momentum Price Action Trend,Momentum + Price Action Trend,EMA + VWAP + ORB,Signal Selector -> Policy Critic -> Risk Governor -> Execution Router,Approved,Bracket Order / Core Session,Setup EMA + VWAP + ORB -> Policy Approved -> Entry 228.39 / Stop 223.27 / Target 238.63 -> Route Bracket Order / Core Session,2024-07-09,90,73,45,100,55,70,80,HeavyTradingModel-v2,0.0,0.0,Qualified,"Volume accelerating, EMA stack intact, Above VWAP, Intraday expansion, Close near high, Not extended from EMA 9, First 5m bullish, First 5m above VWAP, ORB confirmed, Setup: EMA + VWAP + ORB, Breakout via previous_day_high, SPY above VWAP, ML score 73, Catalyst score 45, Regime score 100, Liquidity score 55, Final score 70, AI confidence 80, Setup fit 96, Trend quality 85, ML 73, Catalyst 45, Regime 100, Memory 96, Anomaly 40, Confidence 80. AAPL matches EMA + VWAP + ORB. EMA 9/21/50 stack is aligned. price is holding above VWAP. volume is expanding. SPY regime is supportive. breakout is confirmed through previous day high. predicted win probability 0%. expected return 0.00R. Model rejects the trade because win probability is too low., AI decision Qualified",0.87,1208497,228.39,4.75,0.62,0.29,True,True,True,True,True,True,True,True,True,True,previous_day_high
228.72,223.28,239.61,229.51,end_of_day,188,148.52,0.15,2.38,0.35,AAPL,Momentum Price Action Trend,Momentum + Price Action Trend,EMA + VWAP + ORB,Signal Selector -> Policy Critic -> Risk Governor -> Execution Router,Approved,Bracket Order / Core Session,Setup EMA + VWAP + ORB -> Policy Approved -> Entry 228.72 / Stop 223.28 / Target 239.61 -> Route Bracket Order / Core Session,2024-10-09,85,70,45,100,55,70,79,HeavyTradingModel-v2,0.0,0.0,Qualified,"Volume accelerating, EMA stack intact, Above VWAP, Intraday expansion, Not extended from EMA 9, First 5m bullish, First 5m above VWAP, ORB confirmed, Setup: EMA + VWAP + ORB, Breakout via previous_day_high, SPY above VWAP, ML score 70, Catalyst score 45, Regime score 100, Liquidity score 55, Final score 70, AI confidence 79, Setup fit 96, Trend quality 79, ML 70, Catalyst 45, Regime 100, Memory 98, Anomaly 43, Confidence 79. AAPL matches EMA + VWAP + ORB. EMA 9/21/50 stack is aligned. price is holding above VWAP. volume is expanding. SPY regime is supportive. breakout is confirmed through previous day high. predicted win probability 0%. expected return 0.00R. Model rejects the trade because win probability is too low., AI decision Qualified",0.6,1129118,228.72,4.39,1.54,0.03,True,True,True,True,True,False,True,True,True,True,previous_day_high
236.76,228.65,252.98,233.93,end_of_day,126,-356.58,-0.35,3.43,-1.2,AAPL,Momentum Price Action Trend,Momentum + Price Action Trend,EMA + VWAP + ORB,Signal Selector -> Policy Critic -> Risk Governor -> Execution Router,Approved,Bracket Order / Core Session,Setup EMA + VWAP + ORB -> Policy Approved -> Entry 236.76 / Stop 228.65 / Target 252.98 -> Route Bracket Order / Core Session,2024-10-15,110,79,45,100,70,73,82,HeavyTradingModel-v2,0.0,0.0,Qualified,"RVOL strong, Volume accelerating, EMA stack intact, Above VWAP, Intraday expansion, Close near high, Not extended from EMA 9, First 5m bullish, First 5m above VWAP, ORB confirmed, Setup: EMA + VWAP + ORB, Breakout via previous_day_high, SPY above VWAP, ML score 79, Catalyst score 45, Regime score 100, Liquidity score 70, Final score 73, AI confidence 82, Setup fit 96, Trend quality 87, ML 79, Catalyst 45, Regime 100, Memory 100, Anomaly 43, Confidence 82. AAPL matches EMA + VWAP + ORB. EMA 9/21/50 stack is aligned. price is holding above VWAP. volume is expanding. SPY regime is supportive. breakout is confirmed through previous day high. predicted win probability 0%. expected return 0.00R. Model rejects the trade because win probability is too low., AI decision Qualified",2.61,1086091,236.76,4.31,1.14,0.75,True,True,True,True,True,True,True,True,True,True,previous_day_high
237.56,232.48,247.74,237.76,end_of_day,200,41.0,0.04,2.14,0.09,AAPL,Momentum Price Action Trend,Momentum + Price Action Trend,EMA + VWAP + ORB,Signal Selector -> Policy Critic -> Risk Governor -> Execution Router,Approved,Bracket Order / Core Session,Setup EMA + VWAP + ORB -> Policy Approved -> Entry 237.56 / Stop 232.48 / Target 247.74 -> Route Bracket Order / Core Session,2025-01-15,90,72,45,100,55,70,80,HeavyTradingModel-v2,0.0,0.0,Qualified,"Volume accelerating, EMA stack intact, Above VWAP, Close near high, Not extended from EMA 9, First 5m bullish, First 5m above VWAP, ORB confirmed, Setup: EMA + VWAP + ORB, Breakout via previous_day_high, SPY above VWAP, ML score 72, Catalyst score 45, Regime score 100, Liquidity score 55, Final score 70, AI confidence 80, Setup fit 96, Trend quality 85, ML 72, Catalyst 45, Regime 100, Memory 97, Anomaly 40, Confidence 80. AAPL matches EMA + VWAP + ORB. EMA 9/21/50 stack is aligned. price is holding above VWAP. volume is expanding. SPY regime is supportive. breakout is confirmed through previous day high. predicted win probability 0%. expected return 0.00R. Model rejects the trade because win probability is too low., AI decision Qualified",1.06,1048201,237.56,4.93,0.29,-0.01,True,True,True,True,True,True,True,True,True,True,previous_day_high
223.13,217.4,234.59,223.81,end_of_day,178,121.04,0.12,2.57,0.3,AAPL,Momentum Price Action Trend,Momentum + Price Action Trend,EMA + VWAP + Premarket High,Signal Selector -> Policy Critic -> Risk Governor -> Execution Router,Approved,Bracket Order / Core Session,Setup EMA + VWAP + Premarket High -> Policy Approved -> Entry 223.13 / Stop 217.40 / Target 234.59 -> Route Bracket Order / Core Session,2025-01-22,100,80,45,100,70,72,81,HeavyTradingModel-v2,0.0,0.0,Qualified,"RVOL strong, Volume accelerating, EMA stack intact, Above VWAP, Close near high, Not extended from EMA 9, First 5m above VWAP, ORB confirmed, Setup: EMA + VWAP + Premarket High, Breakout via premarket_high, SPY above VWAP, ML score 80, Catalyst score 45, Regime score 100, Liquidity score 70, Final score 72, AI confidence 81, Setup fit 92, Trend quality 85, ML 80, Catalyst 45, Regime 100, Memory 98, Anomaly 33, Confidence 81. AAPL matches EMA + VWAP + Premarket High. EMA 9/21/50 stack is aligned. price is holding above VWAP. volume is expanding. SPY regime is supportive. breakout is confirmed through premarket high. predicted win probability 0%. expected return 0.00R. Model rejects the trade because win probability is too low., AI decision Qualified",3.65,1134428,223.13,5.73,0.14,0.51,True,True,True,True,True,True,True,False,True,True,premarket_high
226.19,220.21,238.15,229.98,end_of_day,170,644.3,0.63,2.64,1.68,AAPL,Momentum Price Action Trend,Momentum + Price Action Trend,EMA + VWAP + Premarket High,Signal Selector -> Policy Critic -> Risk Governor -> Execution Router,Approved,Bracket Order / Core Session,Setup EMA + VWAP + Premarket High -> Policy Approved -> Entry 226.19 / Stop 220.21 / Target 238.15 -> Route Bracket Order / Core Session,2025-01-27,100,80,45,100,70,70,80,HeavyTradingModel-v2,0.0,0.0,Qualified,"RVOL strong, Volume accelerating, EMA stack intact, Above VWAP, Close near high, Not extended from EMA 9, Setup: EMA + VWAP + Premarket High, Breakout via premarket_high, SPY above VWAP, ML score 80, Catalyst score 45, Regime score 100, Liquidity score 70, Final score 70, AI confidence 80, Setup fit 92, Trend quality 85, ML 80, Catalyst 45, Regime 100, Memory 100, Anomaly 20, Confidence 80. AAPL matches EMA + VWAP + Premarket High. EMA 9/21/50 stack is aligned. price is holding above VWAP. volume is expanding. SPY regime is supportive. breakout is confirmed through premarket high. predicted win probability 0%. expected return 0.00R. Model rejects the trade because win probability is too low., AI decision Qualified",3.65,1303246,226.19,5.98,-0.16,0.24,True,True,True,True,True,True,True,False,False,False,premarket_high
235.25,224.02,257.69,238.23,end_of_day,91,271.18,0.27,4.77,1.27,AAPL,Momentum Price Action Trend,Momentum + Price Action Trend,EMA + VWAP + ORB,Signal Selector -> Policy Critic -> Risk Governor -> Execution Router,Approved,Bracket Order / Core Session,Setup EMA + VWAP + ORB -> Policy Approved -> Entry 235.25 / Stop 224.02 / Target 257.69 -> Route Bracket Order / Core Session,2025-01-28,100,84,45,68,80,72,78,HeavyTradingModel-v2,0.0,0.0,Qualified,"RVOL strong, Volume accelerating, EMA stack intact, Above VWAP, Close near high, Not extended from EMA 9, First 5m bullish, First 5m above VWAP, ORB confirmed, Setup: EMA + VWAP + ORB, Breakout via previous_day_high, ML score 84, Catalyst score 45, Regime score 68, Liquidity score 80, Final score 72, AI confidence 78, Setup fit 96, Trend quality 85, ML 84, Catalyst 45, Regime 68, Memory 100, Anomaly 53, Confidence 78. AAPL matches EMA + VWAP + ORB. EMA 9/21/50 stack is aligned. price is holding above VWAP. volume is expanding. breakout is confirmed through previous day high. predicted win probability 0%. expected return 0.00R. Model rejects the trade because win probability is too low., AI decision Qualified",4.61,1379080,235.25,6.43,0.45,0.32,True,True,True,True,False,True,True,True,True,True,previous_day_high
231.91,224.63,246.46,232.81,end_of_day,141,126.9,0.12,3.14,0.39,AAPL,Momentum Price Action Trend,Momentum + Price Action Trend,EMA + VWAP + ORB,Signal Selector -> Policy Critic -> Risk Governor -> Execution Router,Approved,Bracket Order / Core Session,Setup EMA + VWAP + ORB -> Policy Approved -> Entry 231.91 / Stop 224.63 / Target 246.46 -> Route Bracket Order / Core Session,2025-02-04,90,76,45,100,55,72,83,HeavyTradingModel-v2,0.0,0.0,Qualified,"Volume accelerating, EMA stack intact, Above VWAP, Intraday expansion, Close near high, Not extended from EMA 9, First 5m bullish, First 5m above VWAP, ORB confirmed, Setup: EMA + VWAP + ORB, Breakout via previous_day_high, SPY above VWAP, ML score 76, Catalyst score 45, Regime score 100, Liquidity score 55, Final score 72, AI confidence 83, Setup fit 96, Trend quality 90, ML 76, Catalyst 45, Regime 100, Memory 100, Anomaly 46, Confidence 83. AAPL matches EMA + VWAP + ORB. EMA 9/21/50 stack is aligned. price is holding above VWAP. volume is expanding. SPY regime is supportive. breakout is confirmed through previous day high. predicted win probability 0%. expected return 0.00R. Model rejects the trade because win probability is too low., AI decision Qualified",1.17,1515816,231.91,7.28,2.15,0.4,True,True,True,True,True,True,True,True,True,True,previous_day_high
244.26,235.6,261.58,244.6,end_of_day,119,40.46,0.04,3.55,0.14,AAPL,Momentum Price Action Trend,Momentum + Price Action Trend,EMA + VWAP + ORB,Signal Selector -> Policy Critic -> Risk Governor -> Execution Router,Approved,Bracket Order / Core Session,Setup EMA + VWAP + ORB -> Policy Approved -> Entry 244.26 / Stop 235.60 / Target 261.58 -> Route Bracket Order / Core Session,2025-02-14,105,74,45,100,70,71,80,HeavyTradingModel-v2,0.0,0.0,Qualified,"RVOL strong, Volume accelerating, EMA stack intact, Above VWAP, Intraday expansion, Not extended from EMA 9, First 5m bullish, First 5m above VWAP, ORB confirmed, Setup: EMA + VWAP + ORB, Breakout via premarket_high, SPY above VWAP, ML score 74, Catalyst score 45, Regime score 100, Liquidity score 70, Final score 71, AI confidence 80, Setup fit 96, Trend quality 76, ML 74, Catalyst 45, Regime 100, Memory 100, Anomaly 41, Confidence 80. AAPL matches EMA + VWAP + ORB. EMA 9/21/50 stack is aligned. price is holding above VWAP. volume is expanding. SPY regime is supportive. breakout is confirmed through premarket high. predicted win probability 0%. expected return 0.00R. Model rejects the trade because win probability is too low., AI decision Qualified",2.65,1429255,244.26,6.61,0.64,0.42,True,True,True,True,True,False,True,True,True,True,premarket_high
238.55,233.55,248.55,241.37,end_of_day,206,580.92,0.56,2.1,1.18,AAPL,Momentum Price Action Trend,Momentum + Price Action Trend,EMA + VWAP + ORB,Signal Selector -> Policy Critic -> Risk Governor -> Execution Router,Approved,Bracket Order / Core Session,Setup EMA + VWAP + ORB -> Policy Approved -> Entry 238.55 / Stop 233.55 / Target 248.55 -> Route Bracket Order / Core Session,2025-02-28,85,69,45,100,55,70,79,HeavyTradingModel-v2,0.0,0.0,Qualified,"Volume accelerating, EMA stack intact, Above VWAP, Intraday expansion, Not extended from EMA 9, First 5m bullish, First 5m above VWAP, ORB confirmed, Setup: EMA + VWAP + ORB, Breakout via premarket_high, SPY above VWAP, ML score 69, Catalyst score 45, Regime score 100, Liquidity score 55, Final score 70, AI confidence 79, Setup fit 96, Trend quality 78, ML 69, Catalyst 45, Regime 100, Memory 100, Anomaly 42, Confidence 79. AAPL matches EMA + VWAP + ORB. EMA 9/21/50 stack is aligned. price is holding above VWAP. volume is expanding. SPY regime is supportive. breakout is confirmed through premarket high. predicted win probability 0%. expected return 0.00R. Model rejects the trade because win probability is too low., AI decision Qualified",0.99,1291625,238.55,5.0,1.2,0.24,True,True,True,True,True,False,True,True,True,True,premarket_high
237.72,229.24,254.68,235.35,end_of_day,122,-289.14,-0.28,3.57,-1.0,AAPL,Momentum Price Action Trend,Momentum + Price Action Trend,EMA + VWAP + ORB,Signal Selector -> Policy Critic -> Risk Governor -> Execution Router,Approved,Bracket Order / Core Session,Setup EMA + VWAP + ORB -> Policy Approved -> Entry 237.72 / Stop 229.24 / Target 254.68 -> Route Bracket Order / Core Session,2025-03-06,85,70,45,100,55,70,79,HeavyTradingModel-v2,0.0,0.0,Qualified,"Volume accelerating, EMA stack intact, Above VWAP, Intraday expansion, Not extended from EMA 9, First 5m bullish, First 5m above VWAP, ORB confirmed, Setup: EMA + VWAP + ORB, Breakout via premarket_high, SPY above VWAP, ML score 70, Catalyst score 45, Regime score 100, Liquidity score 55, Final score 70, AI confidence 79, Setup fit 96, Trend quality 79, ML 70, Catalyst 45, Regime 100, Memory 100, Anomaly 43, Confidence 79. AAPL matches EMA + VWAP + ORB. EMA 9/21/50 stack is aligned. price is holding above VWAP. volume is expanding. SPY regime is supportive. breakout is confirmed through premarket high. predicted win probability 0%. expected return 0.00R. Model rejects the trade because win probability is too low., AI decision Qualified",1.99,1289587,237.72,5.08,1.52,0.36,True,True,True,True,True,False,True,True,True,True,premarket_high
240.21,233.35,253.92,239.0,end_of_day,151,-182.71,-0.18,2.86,-0.5,AAPL,Momentum Price Action Trend,Momentum + Price Action Trend,EMA + VWAP + ORB,Signal Selector -> Policy Critic -> Risk Governor -> Execution Router,Approved,Bracket Order / Core Session,Setup EMA + VWAP + ORB -> Policy Approved -> Entry 240.21 / Stop 233.35 / Target 253.92 -> Route Bracket Order / Core Session,2025-03-07,85,70,45,100,55,70,80,HeavyTradingModel-v2,0.0,0.0,Qualified,"Volume accelerating, EMA stack intact, Above VWAP, Intraday expansion, Not extended from EMA 9, First 5m bullish, First 5m above VWAP, ORB confirmed, Setup: EMA + VWAP + ORB, Breakout via premarket_high, SPY above VWAP, ML score 70, Catalyst score 45, Regime score 100, Liquidity score 55, Final score 70, AI confidence 80, Setup fit 96, Trend quality 79, ML 70, Catalyst 45, Regime 100, Memory 100, Anomaly 44, Confidence 80. AAPL matches EMA + VWAP + ORB. EMA 9/21/50 stack is aligned. price is holding above VWAP. volume is expanding. SPY regime is supportive. breakout is confirmed through premarket high. predicted win probability 0%. expected return 0.00R. Model rejects the trade because win probability is too low., AI decision Qualified",1.61,1344975,240.21,5.25,1.73,0.21,True,True,True,True,True,False,True,True,True,True,premarket_high
222.75,216.36,235.53,223.72,end_of_day,161,156.17,0.15,2.87,0.44,AAPL,Momentum Price Action Trend,Momentum + Price Action Trend,EMA + VWAP + ORB,Signal Selector -> Policy Critic -> Risk Governor -> Execution Router,Approved,Bracket Order / Core Session,Setup EMA + VWAP + ORB -> Policy Approved -> Entry 222.75 / Stop 216.36 / Target 235.53 -> Route Bracket Order / Core Session,2025-03-25,90,74,45,100,55,71,81,HeavyTradingModel-v2,0.0,0.0,Qualified,"Volume accelerating, EMA stack intact, Above VWAP, Intraday expansion, Close near high, Not extended from EMA 9, First 5m bullish, First 5m above VWAP, ORB confirmed, Setup: EMA + VWAP + ORB, Breakout via previous_day_high, SPY above VWAP, ML score 74, Catalyst score 45, Regime score 100, Liquidity score 55, Final score 71, AI confidence 81, Setup fit 96, Trend quality 87, ML 74, Catalyst 45, Regime 100, Memory 100, Anomaly 42, Confidence 81. AAPL matches EMA + VWAP + ORB. EMA 9/21/50 stack is aligned. price is holding above VWAP. volume is expanding. SPY regime is supportive. breakout is confirmed through previous day high. predicted win probability 0%. expected return 0.00R. Model rejects the trade because win probability is too low., AI decision Qualified",1.45,1637495,222.75,6.39,1.1,0.4,True,True,True,True,True,True,True,True,True,True,previous_day_high
222.09,216.25,233.76,223.2,end_of_day,177,196.47,0.19,2.63,0.5,AAPL,Momentum Price Action Trend,Momentum + Price Action Trend,EMA + VWAP + ORB,Signal Selector -> Policy Critic -> Risk Governor -> Execution Router,Approved,Bracket Order / Core Session,Setup EMA + VWAP + ORB -> Policy Approved -> Entry 222.09 / Stop 216.25 / Target 233.76 -> Route Bracket Order / Core Session,2025-04-01,90,73,45,100,55,71,81,HeavyTradingModel-v2,0.0,0.0,Qualified,"Volume accelerating, EMA stack intact, Above VWAP, Intraday expansion, Close near high, Not extended from EMA 9, First 5m bullish, First 5m above VWAP, ORB confirmed, Setup: EMA + VWAP + ORB, Breakout via premarket_high, SPY above VWAP, ML score 73, Catalyst score 45, Regime score 100, Liquidity score 55, Final score 71, AI confidence 81, Setup fit 96, Trend quality 87, ML 73, Catalyst 45, Regime 100, Memory 100, Anomaly 42, Confidence 81. AAPL matches EMA + VWAP + ORB. EMA 9/21/50 stack is aligned. price is holding above VWAP. volume is expanding. SPY regime is supportive. breakout is confirmed through premarket high. predicted win probability 0%. expected return 0.00R. Model rejects the trade because win probability is too low., AI decision Qualified",1.71,1579594,222.09,5.3,0.98,0.15,True,True,True,True,True,True,True,True,True,True,premarket_high
224.05,218.91,234.33,223.8,end_of_day,201,-50.25,-0.05,2.29,-0.11,AAPL,Momentum Price Action Trend,Momentum + Price Action Trend,EMA + VWAP + ORB,Signal Selector -> Policy Critic -> Risk Governor -> Execution Router,Approved,Bracket Order / Core Session,Setup EMA + VWAP + ORB -> Policy Approved -> Entry 224.05 / Stop 218.91 / Target 234.33 -> Route Bracket Order / Core Session,2025-04-02,90,73,45,100,55,71,81,HeavyTradingModel-v2,0.0,0.0,Qualified,"Volume accelerating, EMA stack intact, Above VWAP, Intraday expansion, Close near high, Not extended from EMA 9, First 5m bullish, First 5m above VWAP, ORB confirmed, Setup: EMA + VWAP + ORB, Breakout via premarket_high, SPY above VWAP, ML score 73, Catalyst score 45, Regime score 100, Liquidity score 55, Final score 71, AI confidence 81, Setup fit 96, Trend quality 87, ML 73, Catalyst 45, Regime 100, Memory 100, Anomaly 42, Confidence 81. AAPL matches EMA + VWAP + ORB. EMA 9/21/50 stack is aligned. price is holding above VWAP. volume is expanding. SPY regime is supportive. breakout is confirmed through premarket high. predicted win probability 0%. expected return 0.00R. Model rejects the trade because win probability is too low., AI decision Qualified",1.0,1571135,224.05,4.98,0.97,0.38,True,True,True,True,True,True,True,True,True,True,premarket_high
180.92,172.75,197.25,181.58,end_of_day,126,83.16,0.08,4.52,0.36,AAPL,Momentum Price Action Trend,Momentum + Price Action Trend,EMA + VWAP + ORB,Signal Selector -> Policy Critic -> Risk Governor -> Execution Router,Approved,Bracket Order / Core Session,Setup EMA + VWAP + ORB -> Policy Approved -> Entry 180.92 / Stop 172.75 / Target 197.25 -> Route Bracket Order / Core Session,2025-04-07,90,68,45,100,70,71,80,HeavyTradingModel-v2,0.0,0.0,Qualified,"RVOL strong, Volume accelerating, EMA stack intact, Above VWAP, Intraday expansion, Not extended from EMA 9, First 5m bullish, First 5m above VWAP, ORB confirmed, Setup: EMA + VWAP + ORB, SPY above VWAP, ML score 68, Catalyst score 45, Regime score 100, Liquidity score 70, Final score 71, AI confidence 80, Setup fit 96, Trend quality 82, ML 68, Catalyst 45, Regime 100, Memory 100, Anomaly 52, Confidence 80. AAPL matches EMA + VWAP + ORB. EMA 9/21/50 stack is aligned. price is holding above VWAP. volume is expanding. SPY regime is supportive. predicted win probability 0%. expected return 0.00R. Model rejects the trade because win probability is too low., AI decision Qualified",3.39,1927590,180.92,8.17,2.38,-0.16,True,True,False,True,True,False,True,True,True,True,none
189.46,174.64,219.1,174.64,stop_loss,70,-1037.4,-1.0,7.82,-7.82,AAPL,Momentum Price Action Trend,Momentum + Price Action Trend,EMA + VWAP + Premarket High,Signal Selector -> Policy Critic -> Risk Governor -> Execution Router,Approved,Bracket Order / Core Session,Setup EMA + VWAP + Premarket High -> Policy Approved -> Entry 189.46 / Stop 174.64 / Target 219.10 -> Route Bracket Order / Core Session,2025-04-08,100,87,45,100,80,76,84,HeavyTradingModel-v2,0.0,0.0,Qualified,"RVOL strong, Volume accelerating, EMA stack intact, Above VWAP, Intraday expansion, Close near high, Not extended from EMA 9, ORB confirmed, Setup: EMA + VWAP + Premarket High, Breakout via premarket_high, SPY above VWAP, ML score 87, Catalyst score 45, Regime score 100, Liquidity score 80, Final score 76, AI confidence 84, Setup fit 92, Trend quality 89, ML 87, Catalyst 45, Regime 100, Memory 100, Anomaly 45, Confidence 84. AAPL matches EMA + VWAP + Premarket High. EMA 9/21/50 stack is aligned. price is holding above VWAP. volume is expanding. SPY regime is supportive. breakout is confirmed through premarket high. predicted win probability 0%. expected return 0.00R. Model rejects the trade because win probability is too low., AI decision Qualified",4.78,2034425,189.46,9.25,1.74,1.0,True,True,True,True,True,True,True,False,False,True,premarket_high
178.67,167.75,200.51,200.51,target,94,2052.96,2.0,6.11,12.22,AAPL,Momentum Price Action Trend,Momentum + Price Action Trend,EMA + VWAP + ORB,Signal Selector -> Policy Critic -> Risk Governor -> Execution Router,Approved,Bracket Order / Core Session,Setup EMA + VWAP + ORB -> Policy Approved -> Entry 178.67 / Stop 167.75 / Target 200.51 -> Route Bracket Order / Core Session,2025-04-09,105,91,45,100,80,81,86,HeavyTradingModel-v2,0.0,0.0,Qualified,"RVOL strong, Volume accelerating, EMA stack intact, Above VWAP, Intraday expansion, Not extended from EMA 9, First 5m bullish, First 5m above VWAP, ORB confirmed, Setup: EMA + VWAP + ORB, Breakout via premarket_high, SPY above VWAP, ML score 91, Catalyst score 45, Regime score 100, Liquidity score 80, Final score 81, AI confidence 86, Setup fit 96, Trend quality 81, ML 91, Catalyst 45, Regime 100, Memory 100, Anomaly 68, Confidence 86. AAPL matches EMA + VWAP + ORB. EMA 9/21/50 stack is aligned. price is holding above VWAP. volume is expanding. SPY regime is supportive. breakout is confirmed through premarket high. predicted win probability 0%. expected return 0.00R. Model rejects the trade because win probability is too low., AI decision Qualified",6.03,2282115,178.67,10.92,2.28,1.31,True,True,True,True,True,False,True,True,True,True,premarket_high
192.67,180.42,217.17,198.15,end_of_day,85,465.8,0.45,6.36,2.84,AAPL,Momentum Price Action Trend,Momentum + Price Action Trend,EMA + VWAP + ORB,Signal Selector -> Policy Critic -> Risk Governor -> Execution Router,Approved,Bracket Order / Core Session,Setup EMA + VWAP + ORB -> Policy Approved -> Entry 192.67 / Stop 180.42 / Target 217.17 -> Route Bracket Order / Core Session,2025-04-11,105,78,45,100,70,74,82,HeavyTradingModel-v2,0.0,0.0,Qualified,"RVOL strong, Volume accelerating, EMA stack intact, Above VWAP, Intraday expansion, Not extended from EMA 9, First 5m bullish, First 5m above VWAP, ORB confirmed, Setup: EMA + VWAP + ORB, Breakout via premarket_high, SPY above VWAP, ML score 78, Catalyst score 45, Regime score 100, Liquidity score 70, Final score 74, AI confidence 82, Setup fit 96, Trend quality 81, ML 78, Catalyst 45, Regime 100, Memory 100, Anomaly 49, Confidence 82. AAPL matches EMA + VWAP + ORB. EMA 9/21/50 stack is aligned. price is holding above VWAP. volume is expanding. SPY regime is supportive. breakout is confirmed through premarket high. predicted win probability 0%. expected return 0.00R. Model rejects the trade because win probability is too low., AI decision Qualified",2.95,2467945,192.67,12.25,2.33,1.71,True,True,True,True,True,False,True,True,True,True,premarket_high
208.8,197.15,232.1,209.18,end_of_day,90,34.2,0.03,5.58,0.18,AAPL,Momentum Price Action Trend,Momentum + Price Action Trend,EMA + VWAP + ORB,Signal Selector -> Policy Critic -> Risk Governor -> Execution Router,Approved,Bracket Order / Core Session,Setup EMA + VWAP + ORB -> Policy Approved -> Entry 208.80 / Stop 197.15 / Target 232.10 -> Route Bracket Order / Core Session,2025-04-25,90,72,45,100,55,70,81,HeavyTradingModel-v2,0.0,0.0,Qualified,"Volume accelerating, EMA stack intact, Above VWAP, Close near high, Not extended from EMA 9, First 5m bullish, First 5m above VWAP, ORB confirmed, Setup: EMA + VWAP + ORB, Breakout via premarket_high, SPY above VWAP, ML score 72, Catalyst score 45, Regime score 100, Liquidity score 55, Final score 70, AI confidence 81, Setup fit 96, Trend quality 85, ML 72, Catalyst 45, Regime 100, Memory 100, Anomaly 40, Confidence 81. AAPL matches EMA + VWAP + ORB. EMA 9/21/50 stack is aligned. price is holding above VWAP. volume is expanding. SPY regime is supportive. breakout is confirmed through premarket high. predicted win probability 0%. expected return 0.00R. Model rejects the trade because win probability is too low., AI decision Qualified",0.41,2631647,208.8,11.65,0.48,0.41,True,True,True,True,True,True,True,True,True,True,premarket_high
211.07,201.76,229.68,210.89,end_of_day,113,-20.34,-0.02,4.41,-0.09,AAPL,Momentum Price Action Trend,Momentum + Price Action Trend,EMA + VWAP + ORB,Signal Selector -> Policy Critic -> Risk Governor -> Execution Router,Approved,Bracket Order / Core Session,Setup EMA + VWAP + ORB -> Policy Approved -> Entry 211.07 / Stop 201.76 / Target 229.68 -> Route Bracket Order / Core Session,2025-04-29,90,73,45,100,55,71,81,HeavyTradingModel-v2,0.0,0.0,Qualified,"Volume accelerating, EMA stack intact, Above VWAP, Intraday expansion, Close near high, Not extended from EMA 9, First 5m bullish, First 5m above VWAP, ORB confirmed, Setup: EMA + VWAP + ORB, Breakout via premarket_high, SPY above VWAP, ML score 73, Catalyst score 45, Regime score 100, Liquidity score 55, Final score 71, AI confidence 81, Setup fit 96, Trend quality 86, ML 73, Catalyst 45, Regime 100, Memory 100, Anomaly 41, Confidence 81. AAPL matches EMA + VWAP + ORB. EMA 9/21/50 stack is aligned. price is holding above VWAP. volume is expanding. SPY regime is supportive. breakout is confirmed through premarket high. predicted win probability 0%. expected return 0.00R. Model rejects the trade because win probability is too low., AI decision Qualified",0.41,2553996,211.07,9.31,0.86,-0.01,True,True,True,True,True,True,True,True,True,True,premarket_high
212.68,205.63,226.76,213.03,end_of_day,149,52.15,0.05,3.31,0.16,AAPL,Momentum Price Action Trend,Momentum + Price Action Trend,EMA + VWAP + ORB,Signal Selector -> Policy Critic -> Risk Governor -> Execution Router,Approved,Bracket Order / Core Session,Setup EMA + VWAP + ORB -> Policy Approved -> Entry 212.68 / Stop 205.63 / Target 226.76 -> Route Bracket Order / Core Session,2025-05-01,90,73,45,100,55,71,81,HeavyTradingModel-v2,0.0,0.0,Qualified,"Volume accelerating, EMA stack intact, Above VWAP, Intraday expansion, Close near high, Not extended from EMA 9, First 5m bullish, First 5m above VWAP, ORB confirmed, Setup: EMA + VWAP + ORB, Breakout via premarket_high, SPY above VWAP, ML score 73, Catalyst score 45, Regime score 100, Liquidity score 55, Final score 71, AI confidence 81, Setup fit 96, Trend quality 86, ML 73, Catalyst 45, Regime 100, Memory 100, Anomaly 41, Confidence 81. AAPL matches EMA + VWAP + ORB. EMA 9/21/50 stack is aligned. price is holding above VWAP. volume is expanding. SPY regime is supportive. breakout is confirmed through premarket high. predicted win probability 0%. expected return 0.00R. Model rejects the trade because win probability is too low., AI decision Qualified",0.5,2553682,212.68,7.04,0.84,0.0,True,True,True,True,True,True,True,True,True,True,premarket_high
200.43,194.14,213.02,198.44,end_of_day,167,-331.5,-0.32,3.14,-0.99,AAPL,Momentum Price Action Trend,Momentum + Price Action Trend,EMA + VWAP + ORB,Signal Selector -> Policy Critic -> Risk Governor -> Execution Router,Approved,Bracket Order / Core Session,Setup EMA + VWAP + ORB -> Policy Approved -> Entry 200.43 / Stop 194.14 / Target 213.02 -> Route Bracket Order / Core Session,2025-05-06,90,72,45,100,55,70,81,HeavyTradingModel-v2,0.0,0.0,Qualified,"Volume accelerating, EMA stack intact, Above VWAP, Close near high, Not extended from EMA 9, First 5m bullish, First 5m above VWAP, ORB confirmed, Setup: EMA + VWAP + ORB, Breakout via premarket_high, SPY above VWAP, ML score 72, Catalyst score 45, Regime score 100, Liquidity score 55, Final score 70, AI confidence 81, Setup fit 96, Trend quality 85, ML 72, Catalyst 45, Regime 100, Memory 100, Anomaly 40, Confidence 81. AAPL matches EMA + VWAP + ORB. EMA 9/21/50 stack is aligned. price is holding above VWAP. volume is expanding. SPY regime is supportive. breakout is confirmed through premarket high. predicted win probability 0%. expected return 0.00R. Model rejects the trade because win probability is too low., AI decision Qualified",0.77,2163816,200.43,6.29,0.48,0.59,True,True,True,True,True,True,True,True,True,True,premarket_high
196.97,191.84,207.24,195.3,end_of_day,204,-340.68,-0.33,2.6,-0.85,AAPL,Momentum Price Action Trend,Momentum + Price Action Trend,EMA + VWAP + Premarket High,Signal Selector -> Policy Critic -> Risk Governor -> Execution Router,Approved,Bracket Order / Core Session,Setup EMA + VWAP + Premarket High -> Policy Approved -> Entry 196.97 / Stop 191.84 / Target 207.24 -> Route Bracket Order / Core Session,2025-05-23,95,80,45,100,80,73,80,HeavyTradingModel-v2,0.0,0.0,Qualified,"RVOL strong, Volume accelerating, EMA stack intact, Above VWAP, Not extended from EMA 9, First 5m bullish, First 5m above VWAP, Setup: EMA + VWAP + Premarket High, Breakout via premarket_high, SPY above VWAP, ML score 80, Catalyst score 45, Regime score 100, Liquidity score 80, Final score 73, AI confidence 80, Setup fit 92, Trend quality 75, ML 80, Catalyst 45, Regime 100, Memory 100, Anomaly 41, Confidence 80. AAPL matches EMA + VWAP + Premarket High. EMA 9/21/50 stack is aligned. price is holding above VWAP. volume is expanding. SPY regime is supportive. breakout is confirmed through premarket high. predicted win probability 0%. expected return 0.00R. Model rejects the trade because win probability is too low., AI decision Qualified",4.74,1320396,196.97,5.13,0.24,0.42,True,True,True,True,True,False,True,True,True,False,premarket_high
202.32,198.01,210.95,203.33,end_of_day,242,244.42,0.23,2.13,0.5,AAPL,Momentum Price Action Trend,Momentum + Price Action Trend,EMA + VWAP + ORB,Signal Selector -> Policy Critic -> Risk Governor -> Execution Router,Approved,Bracket Order / Core Session,Setup EMA + VWAP + ORB -> Policy Approved -> Entry 202.32 / Stop 198.01 / Target 210.95 -> Route Bracket Order / Core Session,2025-06-03,90,73,45,100,55,71,81,HeavyTradingModel-v2,0.0,0.0,Qualified,"Volume accelerating, EMA stack intact, Above VWAP, Intraday expansion, Close near high, Not extended from EMA 9, First 5m bullish, First 5m above VWAP, ORB confirmed, Setup: EMA + VWAP + ORB, Breakout via previous_day_high, SPY above VWAP, ML score 73, Catalyst score 45, Regime score 100, Liquidity score 55, Final score 71, AI confidence 81, Setup fit 96, Trend quality 85, ML 73, Catalyst 45, Regime 100, Memory 100, Anomaly 40, Confidence 81. AAPL matches EMA + VWAP + ORB. EMA 9/21/50 stack is aligned. price is holding above VWAP. volume is expanding. SPY regime is supportive. breakout is confirmed through previous day high. predicted win probability 0%. expected return 0.00R. Model rejects the trade because win probability is too low., AI decision Qualified",1.81,1186804,202.32,4.31,0.62,0.04,True,True,True,True,True,True,True,True,True,True,previous_day_high
201.99,196.86,212.25,201.53,end_of_day,204,-93.84,-0.09,2.54,-0.23,AAPL,Momentum Price Action Trend,Momentum + Price Action Trend,EMA + VWAP + ORB,Signal Selector -> Policy Critic -> Risk Governor -> Execution Router,Approved,Bracket Order / Core Session,Setup EMA + VWAP + ORB -> Policy Approved -> Entry 201.99 / Stop 196.86 / Target 212.25 -> Route Bracket Order / Core Session,2025-06-23,90,73,45,100,55,71,81,HeavyTradingModel-v2,0.0,0.0,Qualified,"Volume accelerating, EMA stack intact, Above VWAP, Intraday expansion, Close near high, Not extended from EMA 9, First 5m bullish, First 5m above VWAP, ORB confirmed, Setup: EMA + VWAP + ORB, Breakout via previous_day_high, SPY above VWAP, ML score 73, Catalyst score 45, Regime score 100, Liquidity score 55, Final score 71, AI confidence 81, Setup fit 96, Trend quality 86, ML 73, Catalyst 45, Regime 100, Memory 100, Anomaly 41, Confidence 81. AAPL matches EMA + VWAP + ORB. EMA 9/21/50 stack is aligned. price is holding above VWAP. volume is expanding. SPY regime is supportive. breakout is confirmed through previous day high. predicted win probability 0%. expected return 0.00R. Model rejects the trade because win probability is too low., AI decision Qualified",1.1,1207222,201.99,3.97,0.86,0.26,True,True,True,True,True,True,True,True,True,True,previous_day_high
203.15,198.96,211.53,200.3,end_of_day,250,-712.5,-0.68,2.06,-1.4,AAPL,Momentum Price Action Trend,Momentum + Price Action Trend,EMA + VWAP + ORB,Signal Selector -> Policy Critic -> Risk Governor -> Execution Router,Approved,Bracket Order / Core Session,Setup EMA + VWAP + ORB -> Policy Approved -> Entry 203.15 / Stop 198.96 / Target 211.53 -> Route Bracket Order / Core Session,2025-06-24,90,72,45,100,55,70,81,HeavyTradingModel-v2,0.0,0.0,Qualified,"Volume accelerating, EMA stack intact, Above VWAP, Close near high, Not extended from EMA 9, First 5m bullish, First 5m above VWAP, ORB confirmed, Setup: EMA + VWAP + ORB, Breakout via previous_day_high, SPY above VWAP, ML score 72, Catalyst score 45, Regime score 100, Liquidity score 55, Final score 70, AI confidence 81, Setup fit 96, Trend quality 85, ML 72, Catalyst 45, Regime 100, Memory 100, Anomaly 40, Confidence 81. AAPL matches EMA + VWAP + ORB. EMA 9/21/50 stack is aligned. price is holding above VWAP. volume is expanding. SPY regime is supportive. breakout is confirmed through previous day high. predicted win probability 0%. expected return 0.00R. Model rejects the trade because win probability is too low., AI decision Qualified",1.31,1185550,203.15,4.0,0.45,0.38,True,True,True,True,True,True,True,True,True,True,previous_day_high
209.59,199.27,230.23,207.81,end_of_day,100,-177.5,-0.17,4.92,-0.85,AAPL,Momentum Price Action Trend,Momentum + Price Action Trend,EMA + VWAP + ORB,Signal Selector -> Policy Critic -> Risk Governor -> Execution Router,Approved,Bracket Order / Core Session,Setup EMA + VWAP + ORB -> Policy Approved -> Entry 209.59 / Stop 199.27 / Target 230.23 -> Route Bracket Order / Core Session,2025-07-01,105,82,45,100,80,76,83,HeavyTradingModel-v2,0.0,0.0,Qualified,"RVOL strong, Volume accelerating, EMA stack intact, Above VWAP, Intraday expansion, Not extended from EMA 9, First 5m bullish, First 5m above VWAP, ORB confirmed, Setup: EMA + VWAP + ORB, Breakout via previous_day_high, SPY above VWAP, ML score 82, Catalyst score 45, Regime score 100, Liquidity score 80, Final score 76, AI confidence 83, Setup fit 96, Trend quality 78, ML 82, Catalyst 45, Regime 100, Memory 100, Anomaly 54, Confidence 83. AAPL matches EMA + VWAP + ORB. EMA 9/21/50 stack is aligned. price is holding above VWAP. volume is expanding. SPY regime is supportive. breakout is confirmed through previous day high. predicted win probability 0%. expected return 0.00R. Model rejects the trade because win probability is too low., AI decision Qualified",4.4,1317431,209.59,3.95,1.19,0.37,True,True,True,True,True,False,True,True,True,True,previous_day_high
211.74,206.2,222.82,212.4,end_of_day,187,123.42,0.12,2.62,0.31,AAPL,Momentum Price Action Trend,Momentum + Price Action Trend,EMA + VWAP + ORB,Signal Selector -> Policy Critic -> Risk Governor -> Execution Router,Approved,Bracket Order / Core Session,Setup EMA + VWAP + ORB -> Policy Approved -> Entry 211.74 / Stop 206.20 / Target 222.82 -> Route Bracket Order / Core Session,2025-07-02,105,81,45,100,80,75,82,HeavyTradingModel-v2,0.0,0.0,Qualified,"RVOL strong, Volume accelerating, EMA stack intact, Above VWAP, Intraday expansion, Not extended from EMA 9, First 5m bullish, First 5m above VWAP, ORB confirmed, Setup: EMA + VWAP + ORB, Breakout via previous_day_high, SPY above VWAP, ML score 81, Catalyst score 45, Regime score 100, Liquidity score 80, Final score 75, AI confidence 82, Setup fit 96, Trend quality 77, ML 81, Catalyst 45, Regime 100, Memory 100, Anomaly 52, Confidence 82. AAPL matches EMA + VWAP + ORB. EMA 9/21/50 stack is aligned. price is holding above VWAP. volume is expanding. SPY regime is supportive. breakout is confirmed through previous day high. predicted win probability 0%. expected return 0.00R. Model rejects the trade because win probability is too low., AI decision Qualified",4.15,1347561,211.74,3.91,0.99,0.07,True,True,True,True,True,False,True,True,True,True,previous_day_high
214.42,208.15,226.96,213.36,end_of_day,166,-175.96,-0.17,2.92,-0.49,AAPL,Momentum Price Action Trend,Momentum + Price Action Trend,EMA + VWAP + ORB,Signal Selector -> Policy Critic -> Risk Governor -> Execution Router,Approved,Bracket Order / Core Session,Setup EMA + VWAP + ORB -> Policy Approved -> Entry 214.42 / Stop 208.15 / Target 226.96 -> Route Bracket Order / Core Session,2025-07-03,90,74,45,100,55,71,81,HeavyTradingModel-v2,0.0,0.0,Qualified,"Volume accelerating, EMA stack intact, Above VWAP, Intraday expansion, Close near high, Not extended from EMA 9, First 5m bullish, First 5m above VWAP, ORB confirmed, Setup: EMA + VWAP + ORB, Breakout via previous_day_high, SPY above VWAP, ML score 74, Catalyst score 45, Regime score 100, Liquidity score 55, Final score 71, AI confidence 81, Setup fit 96, Trend quality 87, ML 74, Catalyst 45, Regime 100, Memory 100, Anomaly 42, Confidence 81. AAPL matches EMA + VWAP + ORB. EMA 9/21/50 stack is aligned. price is holding above VWAP. volume is expanding. SPY regime is supportive. breakout is confirmed through previous day high. predicted win probability 0%. expected return 0.00R. Model rejects the trade because win probability is too low., AI decision Qualified",1.75,1346039,214.42,3.95,1.14,0.05,True,True,True,True,True,True,True,True,True,True,previous_day_high
213.14,207.24,224.94,212.36,end_of_day,176,-137.28,-0.13,2.77,-0.37,AAPL,Momentum Price Action Trend,Momentum + Price Action Trend,EMA + VWAP + ORB,Signal Selector -> Policy Critic -> Risk Governor -> Execution Router,Approved,Bracket Order / Core Session,Setup EMA + VWAP + ORB -> Policy Approved -> Entry 213.14 / Stop 207.24 / Target 224.94 -> Route Bracket Order / Core Session,2025-07-10,90,74,45,100,55,71,82,HeavyTradingModel-v2,0.0,0.0,Qualified,"Volume accelerating, EMA stack intact, Above VWAP, Intraday expansion, Close near high, Not extended from EMA 9, First 5m bullish, First 5m above VWAP, ORB confirmed, Setup: EMA + VWAP + ORB, Breakout via previous_day_high, SPY above VWAP, ML score 74, Catalyst score 45, Regime score 100, Liquidity score 55, Final score 71, AI confidence 82, Setup fit 96, Trend quality 88, ML 74, Catalyst 45, Regime 100, Memory 100, Anomaly 43, Confidence 82. AAPL matches EMA + VWAP + ORB. EMA 9/21/50 stack is aligned. price is holding above VWAP. volume is expanding. SPY regime is supportive. breakout is confirmed through previous day high. predicted win probability 0%. expected return 0.00R. Model rejects the trade because win probability is too low., AI decision Qualified",0.97,1299500,213.14,4.32,1.34,0.31,True,True,True,True,True,True,True,True,True,True,previous_day_high
214.64,209.73,224.46,212.53,end_of_day,211,-445.21,-0.43,2.29,-0.98,AAPL,Momentum Price Action Trend,Momentum + Price Action Trend,EMA + VWAP + ORB,Signal Selector -> Policy Critic -> Risk Governor -> Execution Router,Approved,Bracket Order / Core Session,Setup EMA + VWAP + ORB -> Policy Approved -> Entry 214.64 / Stop 209.73 / Target 224.46 -> Route Bracket Order / Core Session,2025-07-21,90,73,45,100,55,71,81,HeavyTradingModel-v2,0.0,0.0,Qualified,"Volume accelerating, EMA stack intact, Above VWAP, Intraday expansion, Close near high, Not extended from EMA 9, First 5m bullish, First 5m above VWAP, ORB confirmed, Setup: EMA + VWAP + ORB, Breakout via previous_day_high, SPY above VWAP, ML score 73, Catalyst score 45, Regime score 100, Liquidity score 55, Final score 71, AI confidence 81, Setup fit 96, Trend quality 86, ML 73, Catalyst 45, Regime 100, Memory 100, Anomaly 41, Confidence 81. AAPL matches EMA + VWAP + ORB. EMA 9/21/50 stack is aligned. price is holding above VWAP. volume is expanding. SPY regime is supportive. breakout is confirmed through previous day high. predicted win probability 0%. expected return 0.00R. Model rejects the trade because win probability is too low., AI decision Qualified",2.43,1205451,214.64,3.77,0.82,0.59,True,True,True,True,True,True,True,True,True,True,previous_day_high
211.71,202.16,230.8,213.28,end_of_day,108,169.02,0.16,4.51,0.74,AAPL,Momentum Price Action Trend,Momentum + Price Action Trend,EMA + VWAP + Previous Day High,Signal Selector -> Policy Critic -> Risk Governor -> Execution Router,Approved,Bracket Order / Core Session,Setup EMA + VWAP + Previous Day High -> Policy Approved -> Entry 211.71 / Stop 202.16 / Target 230.80 -> Route Bracket Order / Core Session,2025-08-06,100,78,45,100,70,71,81,HeavyTradingModel-v2,0.0,0.0,Qualified,"RVOL strong, Volume accelerating, EMA stack intact, Above VWAP, Intraday expansion, Close near high, Not extended from EMA 9, First 5m above VWAP, ORB confirmed, Setup: EMA + VWAP + Previous Day High, Breakout via previous_day_high, SPY above VWAP, ML score 78, Catalyst score 45, Regime score 100, Liquidity score 70, Final score 71, AI confidence 81, Setup fit 92, Trend quality 88, ML 78, Catalyst 45, Regime 100, Memory 100, Anomaly 31, Confidence 81. AAPL matches EMA + VWAP + Previous Day High. EMA 9/21/50 stack is aligned. price is holding above VWAP. volume is expanding. SPY regime is supportive. breakout is confirmed through previous day high. predicted win probability 0%. expected return 0.00R. Model rejects the trade because win probability is too low., AI decision Qualified",2.76,1112983,211.71,4.47,1.48,0.51,True,True,True,True,True,True,True,False,True,True,previous_day_high
219.24,205.61,246.5,220.17,end_of_day,75,69.75,0.07,6.22,0.42,AAPL,Momentum Price Action Trend,Momentum + Price Action Trend,EMA + VWAP + Previous Day High,Signal Selector -> Policy Critic -> Risk Governor -> Execution Router,Approved,Bracket Order / Core Session,Setup EMA + VWAP + Previous Day High -> Policy Approved -> Entry 219.24 / Stop 205.61 / Target 246.50 -> Route Bracket Order / Core Session,2025-08-07,85,83,45,68,80,71,76,HeavyTradingModel-v2,0.0,0.0,Qualified,"RVOL strong, Volume accelerating, EMA stack intact, Above VWAP, Intraday expansion, Not extended from EMA 9, First 5m bullish, First 5m above VWAP, Setup: EMA + VWAP + Previous Day High, Breakout via previous_day_high, ML score 83, Catalyst score 45, Regime score 68, Liquidity score 80, Final score 71, AI confidence 76, Setup fit 92, Trend quality 75, ML 83, Catalyst 45, Regime 68, Memory 100, Anomaly 53, Confidence 76. AAPL matches EMA + VWAP + Previous Day High. EMA 9/21/50 stack is aligned. price is holding above VWAP. volume is expanding. breakout is confirmed through previous day high. predicted win probability 0%. expected return 0.00R. Model rejects the trade because win probability is too low., AI decision Qualified",6.52,1181437,219.24,4.86,0.5,0.13,True,True,True,True,False,False,True,True,True,False,previous_day_high
225.58,216.62,243.5,229.37,end_of_day,115,435.27,0.42,3.97,1.68,AAPL,Momentum Price Action Trend,Momentum + Price Action Trend,EMA + VWAP + Previous Day High,Signal Selector -> Policy Critic -> Risk Governor -> Execution Router,Approved,Bracket Order / Core Session,Setup EMA + VWAP + Previous Day High -> Policy Approved -> Entry 225.58 / Stop 216.62 / Target 243.50 -> Route Bracket Order / Core Session,2025-08-08,80,74,45,100,55,70,81,HeavyTradingModel-v2,0.0,0.0,Qualified,"Volume accelerating, EMA stack intact, Above VWAP, Intraday expansion, Close near high, Not extended from EMA 9, First 5m bullish, ORB confirmed, Setup: EMA + VWAP + Previous Day High, Breakout via previous_day_high, SPY above VWAP, ML score 74, Catalyst score 45, Regime score 100, Liquidity score 55, Final score 70, AI confidence 81, Setup fit 92, Trend quality 92, ML 74, Catalyst 45, Regime 100, Memory 100, Anomaly 33, Confidence 81. AAPL matches EMA + VWAP + Previous Day High. EMA 9/21/50 stack is aligned. price is holding above VWAP. volume is expanding. SPY regime is supportive. breakout is confirmed through previous day high. predicted win probability 0%. expected return 0.00R. Model rejects the trade because win probability is too low., AI decision Qualified",2.22,1282303,225.58,5.37,2.63,0.39,True,True,True,True,True,True,True,True,False,True,previous_day_high
229.0,223.59,239.8,227.15,end_of_day,192,-355.2,-0.34,2.36,-0.81,AAPL,Momentum Price Action Trend,Momentum + Price Action Trend,EMA + VWAP + ORB,Signal Selector -> Policy Critic -> Risk Governor -> Execution Router,Approved,Bracket Order / Core Session,Setup EMA + VWAP + ORB -> Policy Approved -> Entry 229.00 / Stop 223.59 / Target 239.80 -> Route Bracket Order / Core Session,2025-08-25,90,73,45,100,55,71,81,HeavyTradingModel-v2,0.0,0.0,Qualified,"Volume accelerating, EMA stack intact, Above VWAP, Intraday expansion, Close near high, Not extended from EMA 9, First 5m bullish, First 5m above VWAP, ORB confirmed, Setup: EMA + VWAP + ORB, Breakout via premarket_high, SPY above VWAP, ML score 73, Catalyst score 45, Regime score 100, Liquidity score 55, Final score 71, AI confidence 81, Setup fit 96, Trend quality 86, ML 73, Catalyst 45, Regime 100, Memory 100, Anomaly 41, Confidence 81. AAPL matches EMA + VWAP + ORB. EMA 9/21/50 stack is aligned. price is holding above VWAP. volume is expanding. SPY regime is supportive. breakout is confirmed through premarket high. predicted win probability 0%. expected return 0.00R. Model rejects the trade because win probability is too low., AI decision Qualified",0.87,1405586,229.0,5.4,0.85,0.09,True,True,True,True,True,True,True,True,True,True,premarket_high
230.36,226.49,238.09,229.69,end_of_day,267,-178.89,-0.17,1.68,-0.29,AAPL,Momentum Price Action Trend,Momentum + Price Action Trend,EMA + VWAP + ORB,Signal Selector -> Policy Critic -> Risk Governor -> Execution Router,Approved,Bracket Order / Core Session,Setup EMA + VWAP + ORB -> Policy Approved -> Entry 230.36 / Stop 226.49 / Target 238.09 -> Route Bracket Order / Core Session,2025-09-02,105,74,45,100,70,71,80,HeavyTradingModel-v2,0.0,0.0,Qualified,"RVOL strong, Volume accelerating, EMA stack intact, Above VWAP, Intraday expansion, Not extended from EMA 9, First 5m bullish, First 5m above VWAP, ORB confirmed, Setup: EMA + VWAP + ORB, Breakout via premarket_high, SPY above VWAP, ML score 74, Catalyst score 45, Regime score 100, Liquidity score 70, Final score 71, AI confidence 80, Setup fit 96, Trend quality 77, ML 74, Catalyst 45, Regime 100, Memory 100, Anomaly 42, Confidence 80. AAPL matches EMA + VWAP + ORB. EMA 9/21/50 stack is aligned. price is holding above VWAP. volume is expanding. SPY regime is supportive. breakout is confirmed through premarket high. predicted win probability 0%. expected return 0.00R. Model rejects the trade because win probability is too low., AI decision Qualified",2.57,1308114,230.36,3.87,1.01,0.21,True,True,True,True,True,False,True,True,True,True,premarket_high
236.94,227.0,256.82,238.49,end_of_day,104,160.68,0.16,4.2,0.65,AAPL,Momentum Price Action Trend,Momentum + Price Action Trend,EMA + VWAP + Previous Day High,Signal Selector -> Policy Critic -> Risk Governor -> Execution Router,Approved,Bracket Order / Core Session,Setup EMA + VWAP + Previous Day High -> Policy Approved -> Entry 236.94 / Stop 227.00 / Target 256.82 -> Route Bracket Order / Core Session,2025-09-03,95,76,45,100,70,71,79,HeavyTradingModel-v2,0.0,0.0,Qualified,"RVOL strong, Volume accelerating, EMA stack intact, Above VWAP, Intraday expansion, Not extended from EMA 9, ORB confirmed, Setup: EMA + VWAP + Previous Day High, Breakout via previous_day_high, SPY above VWAP, ML score 76, Catalyst score 45, Regime score 100, Liquidity score 70, Final score 71, AI confidence 79, Setup fit 92, Trend quality 75, ML 76, Catalyst 45, Regime 100, Memory 100, Anomaly 34, Confidence 79. AAPL matches EMA + VWAP + Previous Day High. EMA 9/21/50 stack is aligned. price is holding above VWAP. volume is expanding. SPY regime is supportive. breakout is confirmed through previous day high. predicted win probability 0%. expected return 0.00R. Model rejects the trade because win probability is too low., AI decision Qualified",3.76,1359138,236.94,4.13,0.56,0.35,True,True,True,True,True,False,True,False,False,True,previous_day_high
251.75,240.25,274.75,256.12,end_of_day,90,393.3,0.38,4.57,1.74,AAPL,Momentum Price Action Trend,Momentum + Price Action Trend,EMA + VWAP + ORB,Signal Selector -> Policy Critic -> Risk Governor -> Execution Router,Approved,Bracket Order / Core Session,Setup EMA + VWAP + ORB -> Policy Approved -> Entry 251.75 / Stop 240.25 / Target 274.75 -> Route Bracket Order / Core Session,2025-09-22,105,82,45,100,80,76,82,HeavyTradingModel-v2,0.0,0.0,Qualified,"RVOL strong, Volume accelerating, EMA stack intact, Above VWAP, Intraday expansion, Not extended from EMA 9, First 5m bullish, First 5m above VWAP, ORB confirmed, Setup: EMA + VWAP + ORB, Breakout via previous_day_high, SPY above VWAP, ML score 82, Catalyst score 45, Regime score 100, Liquidity score 80, Final score 76, AI confidence 82, Setup fit 96, Trend quality 76, ML 82, Catalyst 45, Regime 100, Memory 100, Anomaly 54, Confidence 82. AAPL matches EMA + VWAP + ORB. EMA 9/21/50 stack is aligned. price is holding above VWAP. volume is expanding. SPY regime is supportive. breakout is confirmed through previous day high. predicted win probability 0%. expected return 0.00R. Model rejects the trade because win probability is too low., AI decision Qualified",4.63,1591628,251.75,5.51,0.7,0.41,True,True,True,True,True,False,True,True,True,True,previous_day_high
253.87,248.44,264.73,256.91,end_of_day,191,580.64,0.56,2.14,1.2,AAPL,Momentum Price Action Trend,Momentum + Price Action Trend,EMA + VWAP + ORB,Signal Selector -> Policy Critic -> Risk Governor -> Execution Router,Approved,Bracket Order / Core Session,Setup EMA + VWAP + ORB -> Policy Approved -> Entry 253.87 / Stop 248.44 / Target 264.73 -> Route Bracket Order / Core Session,2025-09-25,90,73,45,100,55,71,81,HeavyTradingModel-v2,0.0,0.0,Qualified,"Volume accelerating, EMA stack intact, Above VWAP, Intraday expansion, Close near high, Not extended from EMA 9, First 5m bullish, First 5m above VWAP, ORB confirmed, Setup: EMA + VWAP + ORB, Breakout via premarket_high, SPY above VWAP, ML score 73, Catalyst score 45, Regime score 100, Liquidity score 55, Final score 71, AI confidence 81, Setup fit 96, Trend quality 86, ML 73, Catalyst 45, Regime 100, Memory 100, Anomaly 41, Confidence 81. AAPL matches EMA + VWAP + ORB. EMA 9/21/50 stack is aligned. price is holding above VWAP. volume is expanding. SPY regime is supportive. breakout is confirmed through premarket high. predicted win probability 0%. expected return 0.00R. Model rejects the trade because win probability is too low., AI decision Qualified",0.77,1709226,253.87,5.43,0.76,0.1,True,True,True,True,True,True,True,True,True,True,premarket_high
258.41,253.6,268.02,258.04,end_of_day,217,-80.29,-0.08,1.86,-0.14,AAPL,Momentum Price Action Trend,Momentum + Price Action Trend,EMA + VWAP + ORB,Signal Selector -> Policy Critic -> Risk Governor -> Execution Router,Approved,Bracket Order / Core Session,Setup EMA + VWAP + ORB -> Policy Approved -> Entry 258.41 / Stop 253.60 / Target 268.02 -> Route Bracket Order / Core Session,2025-10-03,105,74,45,100,70,71,80,HeavyTradingModel-v2,0.0,0.0,Qualified,"RVOL strong, Volume accelerating, EMA stack intact, Above VWAP, Intraday expansion, Not extended from EMA 9, First 5m bullish, First 5m above VWAP, ORB confirmed, Setup: EMA + VWAP + ORB, Breakout via premarket_high, SPY above VWAP, ML score 74, Catalyst score 45, Regime score 100, Liquidity score 70, Final score 71, AI confidence 80, Setup fit 96, Trend quality 76, ML 74, Catalyst 45, Regime 100, Memory 100, Anomaly 42, Confidence 80. AAPL matches EMA + VWAP + ORB. EMA 9/21/50 stack is aligned. price is holding above VWAP. volume is expanding. SPY regime is supportive. breakout is confirmed through premarket high. predicted win probability 0%. expected return 0.00R. Model rejects the trade because win probability is too low., AI decision Qualified",2.73,1610603,258.41,4.81,0.59,0.2,True,True,True,True,True,False,True,True,True,True,premarket_high
251.68,244.77,265.5,249.41,end_of_day,151,-343.53,-0.33,2.75,-0.9,AAPL,Momentum Price Action Trend,Momentum + Price Action Trend,EMA + VWAP + ORB,Signal Selector -> Policy Critic -> Risk Governor -> Execution Router,Approved,Bracket Order / Core Session,Setup EMA + VWAP + ORB -> Policy Approved -> Entry 251.68 / Stop 244.77 / Target 265.50 -> Route Bracket Order / Core Session,2025-10-15,90,73,45,100,55,71,81,HeavyTradingModel-v2,0.0,0.0,Qualified,"Volume accelerating, EMA stack intact, Above VWAP, Intraday expansion, Close near high, Not extended from EMA 9, First 5m bullish, First 5m above VWAP, ORB confirmed, Setup: EMA + VWAP + ORB, Breakout via premarket_high, SPY above VWAP, ML score 73, Catalyst score 45, Regime score 100, Liquidity score 55, Final score 71, AI confidence 81, Setup fit 96, Trend quality 87, ML 73, Catalyst 45, Regime 100, Memory 100, Anomaly 42, Confidence 81. AAPL matches EMA + VWAP + ORB. EMA 9/21/50 stack is aligned. price is holding above VWAP. volume is expanding. SPY regime is supportive. breakout is confirmed through premarket high. predicted win probability 0%. expected return 0.00R. Model rejects the trade because win probability is too low., AI decision Qualified",1.67,1379410,251.68,4.27,1.04,0.65,True,True,True,True,True,True,True,True,True,True,premarket_high
258.98,247.29,282.35,262.25,end_of_day,89,290.58,0.28,4.51,1.26,AAPL,Momentum Price Action Trend,Momentum + Price Action Trend,EMA + VWAP + Premarket High,Signal Selector -> Policy Critic -> Risk Governor -> Execution Router,Approved,Bracket Order / Core Session,Setup EMA + VWAP + Premarket High -> Policy Approved -> Entry 258.98 / Stop 247.29 / Target 282.35 -> Route Bracket Order / Core Session,2025-10-20,95,75,45,100,70,70,78,HeavyTradingModel-v2,0.0,0.0,Qualified,"RVOL strong, Volume accelerating, EMA stack intact, Above VWAP, Not extended from EMA 9, First 5m above VWAP, ORB confirmed, Setup: EMA + VWAP + Premarket High, Breakout via premarket_high, SPY above VWAP, ML score 75, Catalyst score 45, Regime score 100, Liquidity score 70, Final score 70, AI confidence 78, Setup fit 92, Trend quality 75, ML 75, Catalyst 45, Regime 100, Memory 100, Anomaly 33, Confidence 78. AAPL matches EMA + VWAP + Premarket High. EMA 9/21/50 stack is aligned. price is holding above VWAP. volume is expanding. SPY regime is supportive. breakout is confirmed through premarket high. predicted win probability 0%. expected return 0.00R. Model rejects the trade because win probability is too low., AI decision Qualified",3.66,1329499,258.98,5.25,0.21,0.34,True,True,True,True,True,False,True,False,True,True,premarket_high
263.81,255.66,280.1,262.73,end_of_day,128,-138.24,-0.13,3.09,-0.41,AAPL,Momentum Price Action Trend,Momentum + Price Action Trend,EMA + VWAP + Premarket High,Signal Selector -> Policy Critic -> Risk Governor -> Execution Router,Approved,Bracket Order / Core Session,Setup EMA + VWAP + Premarket High -> Policy Approved -> Entry 263.81 / Stop 255.66 / Target 280.10 -> Route Bracket Order / Core Session,2025-10-21,90,83,45,68,80,70,76,HeavyTradingModel-v2,0.0,0.0,Qualified,"RVOL strong, Volume accelerating, EMA stack intact, Above VWAP, Close near high, Not extended from EMA 9, First 5m bullish, First 5m above VWAP, Setup: EMA + VWAP + Premarket High, Breakout via premarket_high, ML score 83, Catalyst score 45, Regime score 68, Liquidity score 80, Final score 70, AI confidence 76, Setup fit 92, Trend quality 85, ML 83, Catalyst 45, Regime 68, Memory 100, Anomaly 42, Confidence 76. AAPL matches EMA + VWAP + Premarket High. EMA 9/21/50 stack is aligned. price is holding above VWAP. volume is expanding. breakout is confirmed through premarket high. predicted win probability 0%. expected return 0.00R. Model rejects the trade because win probability is too low., AI decision Qualified",4.88,1321826,263.81,5.18,0.17,0.15,True,True,True,True,False,True,True,True,True,False,premarket_high
272.23,266.92,282.86,269.85,end_of_day,196,-466.48,-0.45,1.95,-0.87,AAPL,Momentum Price Action Trend,Momentum + Price Action Trend,EMA + VWAP + ORB,Signal Selector -> Policy Critic -> Risk Governor -> Execution Router,Approved,Bracket Order / Core Session,Setup EMA + VWAP + ORB -> Policy Approved -> Entry 272.23 / Stop 266.92 / Target 282.86 -> Route Bracket Order / Core Session,2025-11-06,90,74,45,100,55,71,82,HeavyTradingModel-v2,0.0,0.0,Qualified,"Volume accelerating, EMA stack intact, Above VWAP, Intraday expansion, Close near high, Not extended from EMA 9, First 5m bullish, First 5m above VWAP, ORB confirmed, Setup: EMA + VWAP + ORB, Breakout via premarket_high, SPY above VWAP, ML score 74, Catalyst score 45, Regime score 100, Liquidity score 55, Final score 71, AI confidence 82, Setup fit 96, Trend quality 88, ML 74, Catalyst 45, Regime 100, Memory 100, Anomaly 43, Confidence 82. AAPL matches EMA + VWAP + ORB. EMA 9/21/50 stack is aligned. price is holding above VWAP. volume is expanding. SPY regime is supportive. breakout is confirmed through premarket high. predicted win probability 0%. expected return 0.00R. Model rejects the trade because win probability is too low., AI decision Qualified",1.09,1705714,272.23,5.31,1.29,0.7,True,True,True,True,True,True,True,True,True,True,premarket_high
270.7,265.85,280.39,268.47,end_of_day,214,-477.22,-0.46,1.79,-0.82,AAPL,Momentum Price Action Trend,Momentum + Price Action Trend,EMA + VWAP + ORB,Signal Selector -> Policy Critic -> Risk Governor -> Execution Router,Approved,Bracket Order / Core Session,Setup EMA + VWAP + ORB -> Policy Approved -> Entry 270.70 / Stop 265.85 / Target 280.39 -> Route Bracket Order / Core Session,2025-11-07,90,73,45,100,55,71,81,HeavyTradingModel-v2,0.0,0.0,Qualified,"Volume accelerating, EMA stack intact, Above VWAP, Intraday expansion, Close near high, Not extended from EMA 9, First 5m bullish, First 5m above VWAP, ORB confirmed, Setup: EMA + VWAP + ORB, Breakout via premarket_high, SPY above VWAP, ML score 73, Catalyst score 45, Regime score 100, Liquidity score 55, Final score 71, AI confidence 81, Setup fit 96, Trend quality 87, ML 73, Catalyst 45, Regime 100, Memory 100, Anomaly 42, Confidence 81. AAPL matches EMA + VWAP + ORB. EMA 9/21/50 stack is aligned. price is holding above VWAP. volume is expanding. SPY regime is supportive. breakout is confirmed through premarket high. predicted win probability 0%. expected return 0.00R. Model rejects the trade because win probability is too low., AI decision Qualified",1.94,1750111,270.7,4.85,0.99,0.31,True,True,True,True,True,True,True,True,True,True,premarket_high
273.85,267.46,286.63,275.4,end_of_day,161,250.35,0.24,2.33,0.57,AAPL,Momentum Price Action Trend,Momentum + Price Action Trend,EMA + VWAP + ORB,Signal Selector -> Policy Critic -> Risk Governor -> Execution Router,Approved,Bracket Order / Core Session,Setup EMA + VWAP + ORB -> Policy Approved -> Entry 273.85 / Stop 267.46 / Target 286.63 -> Route Bracket Order / Core Session,2025-11-11,90,74,45,100,55,71,81,HeavyTradingModel-v2,0.0,0.0,Qualified,"Volume accelerating, EMA stack intact, Above VWAP, Intraday expansion, Close near high, Not extended from EMA 9, First 5m bullish, First 5m above VWAP, ORB confirmed, Setup: EMA + VWAP + ORB, Breakout via previous_day_high, SPY above VWAP, ML score 74, Catalyst score 45, Regime score 100, Liquidity score 55, Final score 71, AI confidence 81, Setup fit 96, Trend quality 87, ML 74, Catalyst 45, Regime 100, Memory 100, Anomaly 42, Confidence 81. AAPL matches EMA + VWAP + ORB. EMA 9/21/50 stack is aligned. price is holding above VWAP. volume is expanding. SPY regime is supportive. breakout is confirmed through previous day high. predicted win probability 0%. expected return 0.00R. Model rejects the trade because win probability is too low., AI decision Qualified",0.97,1864909,273.85,5.0,1.15,0.16,True,True,True,True,True,True,True,True,True,True,previous_day_high
272.56,267.5,282.68,272.53,end_of_day,204,-6.12,-0.01,1.86,-0.01,AAPL,Momentum Price Action Trend,Momentum + Price Action Trend,EMA + VWAP + ORB,Signal Selector -> Policy Critic -> Risk Governor -> Execution Router,Approved,Bracket Order / Core Session,Setup EMA + VWAP + ORB -> Policy Approved -> Entry 272.56 / Stop 267.50 / Target 282.68 -> Route Bracket Order / Core Session,2025-11-14,110,79,45,100,70,73,82,HeavyTradingModel-v2,0.0,0.0,Qualified,"RVOL strong, Volume accelerating, EMA stack intact, Above VWAP, Intraday expansion, Close near high, Not extended from EMA 9, First 5m bullish, First 5m above VWAP, ORB confirmed, Setup: EMA + VWAP + ORB, Breakout via premarket_high, SPY above VWAP, ML score 79, Catalyst score 45, Regime score 100, Liquidity score 70, Final score 73, AI confidence 82, Setup fit 96, Trend quality 87, ML 79, Catalyst 45, Regime 100, Memory 100, Anomaly 42, Confidence 82. AAPL matches EMA + VWAP + ORB. EMA 9/21/50 stack is aligned. price is holding above VWAP. volume is expanding. SPY regime is supportive. breakout is confirmed through premarket high. predicted win probability 0%. expected return 0.00R. Model rejects the trade because win probability is too low., AI decision Qualified",2.56,1874313,272.56,5.06,1.0,0.46,True,True,True,True,True,True,True,True,True,True,premarket_high
270.87,265.3,282.0,268.49,end_of_day,186,-442.68,-0.43,2.06,-0.88,AAPL,Momentum Price Action Trend,Momentum + Price Action Trend,EMA + VWAP + ORB,Signal Selector -> Policy Critic -> Risk Governor -> Execution Router,Approved,Bracket Order / Core Session,Setup EMA + VWAP + ORB -> Policy Approved -> Entry 270.87 / Stop 265.30 / Target 282.00 -> Route Bracket Order / Core Session,2025-11-19,90,74,45,100,55,71,82,HeavyTradingModel-v2,0.0,0.0,Qualified,"Volume accelerating, EMA stack intact, Above VWAP, Intraday expansion, Close near high, Not extended from EMA 9, First 5m bullish, First 5m above VWAP, ORB confirmed, Setup: EMA + VWAP + ORB, Breakout via previous_day_high, SPY above VWAP, ML score 74, Catalyst score 45, Regime score 100, Liquidity score 55, Final score 71, AI confidence 82, Setup fit 96, Trend quality 88, ML 74, Catalyst 45, Regime 100, Memory 100, Anomaly 43, Confidence 82. AAPL matches EMA + VWAP + ORB. EMA 9/21/50 stack is aligned. price is holding above VWAP. volume is expanding. SPY regime is supportive. breakout is confirmed through previous day high. predicted win probability 0%. expected return 0.00R. Model rejects the trade because win probability is too low., AI decision Qualified",1.38,1800664,270.87,5.57,1.48,0.8,True,True,True,True,True,True,True,True,True,True,previous_day_high
270.27,264.39,282.03,271.49,end_of_day,175,213.5,0.21,2.18,0.45,AAPL,Momentum Price Action Trend,Momentum + Price Action Trend,EMA + VWAP + ORB,Signal Selector -> Policy Critic -> Risk Governor -> Execution Router,Approved,Bracket Order / Core Session,Setup EMA + VWAP + ORB -> Policy Approved -> Entry 270.27 / Stop 264.39 / Target 282.03 -> Route Bracket Order / Core Session,2025-11-21,90,73,45,100,55,71,81,HeavyTradingModel-v2,0.0,0.0,Qualified,"Volume accelerating, EMA stack intact, Above VWAP, Intraday expansion, Close near high, Not extended from EMA 9, First 5m bullish, First 5m above VWAP, ORB confirmed, Setup: EMA + VWAP + ORB, Breakout via premarket_high, SPY above VWAP, ML score 73, Catalyst score 45, Regime score 100, Liquidity score 55, Final score 71, AI confidence 81, Setup fit 96, Trend quality 86, ML 73, Catalyst 45, Regime 100, Memory 100, Anomaly 41, Confidence 81. AAPL matches EMA + VWAP + ORB. EMA 9/21/50 stack is aligned. price is holding above VWAP. volume is expanding. SPY regime is supportive. breakout is confirmed through premarket high. predicted win probability 0%. expected return 0.00R. Model rejects the trade because win probability is too low., AI decision Qualified",1.58,1869638,270.27,5.88,0.88,0.47,True,True,True,True,True,True,True,True,True,True,premarket_high
276.04,265.74,296.64,275.86,end_of_day,100,-18.0,-0.02,3.73,-0.07,AAPL,Momentum Price Action Trend,Momentum + Price Action Trend,EMA + VWAP + ORB,Signal Selector -> Policy Critic -> Risk Governor -> Execution Router,Approved,Bracket Order / Core Session,Setup EMA + VWAP + ORB -> Policy Approved -> Entry 276.04 / Stop 265.74 / Target 296.64 -> Route Bracket Order / Core Session,2025-11-24,90,72,45,100,55,70,81,HeavyTradingModel-v2,0.0,0.0,Qualified,"Volume accelerating, EMA stack intact, Above VWAP, Close near high, Not extended from EMA 9, First 5m bullish, First 5m above VWAP, ORB confirmed, Setup: EMA + VWAP + ORB, Breakout via previous_day_high, SPY above VWAP, ML score 72, Catalyst score 45, Regime score 100, Liquidity score 55, Final score 70, AI confidence 81, Setup fit 96, Trend quality 85, ML 72, Catalyst 45, Regime 100, Memory 100, Anomaly 40, Confidence 81. AAPL matches EMA + VWAP + ORB. EMA 9/21/50 stack is aligned. price is holding above VWAP. volume is expanding. SPY regime is supportive. breakout is confirmed through previous day high. predicted win probability 0%. expected return 0.00R. Model rejects the trade because win probability is too low., AI decision Qualified",0.84,1864434,276.04,6.02,0.35,-0.03,True,True,True,True,True,True,True,True,True,True,previous_day_high
280.36,274.6,291.88,283.17,end_of_day,179,502.99,0.49,2.05,1.0,AAPL,Momentum Price Action Trend,Momentum + Price Action Trend,EMA + VWAP + ORB,Signal Selector -> Policy Critic -> Risk Governor -> Execution Router,Approved,Bracket Order / Core Session,Setup EMA + VWAP + ORB -> Policy Approved -> Entry 280.36 / Stop 274.60 / Target 291.88 -> Route Bracket Order / Core Session,2025-12-01,90,73,45,100,55,71,81,HeavyTradingModel-v2,0.0,0.0,Qualified,"Volume accelerating, EMA stack intact, Above VWAP, Intraday expansion, Close near high, Not extended from EMA 9, First 5m bullish, First 5m above VWAP, ORB confirmed, Setup: EMA + VWAP + ORB, Breakout via previous_day_high, SPY above VWAP, ML score 73, Catalyst score 45, Regime score 100, Liquidity score 55, Final score 71, AI confidence 81, Setup fit 96, Trend quality 87, ML 73, Catalyst 45, Regime 100, Memory 100, Anomaly 42, Confidence 81. AAPL matches EMA + VWAP + ORB. EMA 9/21/50 stack is aligned. price is holding above VWAP. volume is expanding. SPY regime is supportive. breakout is confirmed through previous day high. predicted win probability 0%. expected return 0.00R. Model rejects the trade because win probability is too low., AI decision Qualified",0.78,1650901,280.36,5.76,1.01,0.15,True,True,True,True,True,True,True,True,True,True,previous_day_high
285.01,276.14,302.75,286.09,end_of_day,117,126.36,0.12,3.11,0.38,AAPL,Momentum Price Action Trend,Momentum + Price Action Trend,EMA + VWAP + ORB,Signal Selector -> Policy Critic -> Risk Governor -> Execution Router,Approved,Bracket Order / Core Session,Setup EMA + VWAP + ORB -> Policy Approved -> Entry 285.01 / Stop 276.14 / Target 302.75 -> Route Bracket Order / Core Session,2025-12-02,90,72,45,100,55,70,81,HeavyTradingModel-v2,0.0,0.0,Qualified,"Volume accelerating, EMA stack intact, Above VWAP, Intraday expansion, Close near high, Not extended from EMA 9, First 5m bullish, First 5m above VWAP, ORB confirmed, Setup: EMA + VWAP + ORB, Breakout via previous_day_high, SPY above VWAP, ML score 72, Catalyst score 45, Regime score 100, Liquidity score 55, Final score 70, AI confidence 81, Setup fit 96, Trend quality 85, ML 72, Catalyst 45, Regime 100, Memory 100, Anomaly 40, Confidence 81. AAPL matches EMA + VWAP + ORB. EMA 9/21/50 stack is aligned. price is holding above VWAP. volume is expanding. SPY regime is supportive. breakout is confirmed through previous day high. predicted win probability 0%. expected return 0.00R. Model rejects the trade because win probability is too low., AI decision Qualified",1.3,1655188,285.01,5.63,0.5,0.23,True,True,True,True,True,True,True,True,True,True,previous_day_high
275.17,269.61,286.29,273.9,end_of_day,187,-237.49,-0.23,2.02,-0.46,AAPL,Momentum Price Action Trend,Momentum + Price Action Trend,EMA + VWAP + ORB,Signal Selector -> Policy Critic -> Risk Governor -> Execution Router,Approved,Bracket Order / Core Session,Setup EMA + VWAP + ORB -> Policy Approved -> Entry 275.17 / Stop 269.61 / Target 286.29 -> Route Bracket Order / Core Session,2025-12-24,90,72,45,100,55,70,81,HeavyTradingModel-v2,0.0,0.0,Qualified,"Volume accelerating, EMA stack intact, Above VWAP, Close near high, Not extended from EMA 9, First 5m bullish, First 5m above VWAP, ORB confirmed, Setup: EMA + VWAP + ORB, Breakout via previous_day_high, SPY above VWAP, ML score 72, Catalyst score 45, Regime score 100, Liquidity score 55, Final score 70, AI confidence 81, Setup fit 96, Trend quality 85, ML 72, Catalyst 45, Regime 100, Memory 100, Anomaly 40, Confidence 81. AAPL matches EMA + VWAP + ORB. EMA 9/21/50 stack is aligned. price is holding above VWAP. volume is expanding. SPY regime is supportive. breakout is confirmed through previous day high. predicted win probability 0%. expected return 0.00R. Model rejects the trade because win probability is too low., AI decision Qualified",0.6,1196115,275.17,4.01,0.47,0.1,True,True,True,True,True,True,True,True,True,True,previous_day_high
277.36,271.77,288.54,271.77,stop_loss,185,-1034.15,-1.0,2.02,-2.02,AAPL,Momentum Price Action Trend,Momentum + Price Action Trend,EMA + VWAP + ORB,Signal Selector -> Policy Critic -> Risk Governor -> Execution Router,Approved,Bracket Order / Core Session,Setup EMA + VWAP + ORB -> Policy Approved -> Entry 277.36 / Stop 271.77 / Target 288.54 -> Route Bracket Order / Core Session,2026-01-02,90,74,45,100,55,72,82,HeavyTradingModel-v2,0.0,0.0,Qualified,"Volume accelerating, EMA stack intact, Above VWAP, Intraday expansion, Close near high, Not extended from EMA 9, First 5m bullish, First 5m above VWAP, ORB confirmed, Setup: EMA + VWAP + ORB, Breakout via premarket_high, SPY above VWAP, ML score 74, Catalyst score 45, Regime score 100, Liquidity score 55, Final score 72, AI confidence 82, Setup fit 96, Trend quality 89, ML 74, Catalyst 45, Regime 100, Memory 100, Anomaly 44, Confidence 82. AAPL matches EMA + VWAP + ORB. EMA 9/21/50 stack is aligned. price is holding above VWAP. volume is expanding. SPY regime is supportive. breakout is confirmed through premarket high. predicted win probability 0%. expected return 0.00R. Model rejects the trade because win probability is too low., AI decision Qualified",2.45,1057762,277.36,3.88,1.59,1.04,True,True,True,True,True,True,True,True,True,True,premarket_high
253.68,244.69,271.66,255.38,end_of_day,114,193.8,0.19,3.54,0.67,AAPL,Momentum Price Action Trend,Momentum + Price Action Trend,EMA + VWAP + ORB,Signal Selector -> Policy Critic -> Risk Governor -> Execution Router,Approved,Bracket Order / Core Session,Setup EMA + VWAP + ORB -> Policy Approved -> Entry 253.68 / Stop 244.69 / Target 271.66 -> Route Bracket Order / Core Session,2026-01-26,110,81,45,100,70,74,83,HeavyTradingModel-v2,0.0,0.0,Qualified,"RVOL strong, Volume accelerating, EMA stack intact, Above VWAP, Intraday expansion, Close near high, Not extended from EMA 9, First 5m bullish, First 5m above VWAP, ORB confirmed, Setup: EMA + VWAP + ORB, Breakout via premarket_high, SPY above VWAP, ML score 81, Catalyst score 45, Regime score 100, Liquidity score 70, Final score 74, AI confidence 83, Setup fit 96, Trend quality 87, ML 81, Catalyst 45, Regime 100, Memory 100, Anomaly 46, Confidence 83. AAPL matches EMA + VWAP + ORB. EMA 9/21/50 stack is aligned. price is holding above VWAP. volume is expanding. SPY regime is supportive. breakout is confirmed through premarket high. predicted win probability 0%. expected return 0.00R. Model rejects the trade because win probability is too low., AI decision Qualified",3.15,1324898,253.68,5.24,1.01,0.4,True,True,True,True,True,True,True,True,True,True,premarket_high
260.99,249.88,283.2,258.28,end_of_day,92,-249.32,-0.24,4.26,-1.04,AAPL,Momentum Price Action Trend,Momentum + Price Action Trend,EMA + VWAP + ORB,Signal Selector -> Policy Critic -> Risk Governor -> Execution Router,Approved,Bracket Order / Core Session,Setup EMA + VWAP + ORB -> Policy Approved -> Entry 260.99 / Stop 249.88 / Target 283.20 -> Route Bracket Order / Core Session,2026-01-27,90,72,45,100,55,70,81,HeavyTradingModel-v2,0.0,0.0,Qualified,"Volume accelerating, EMA stack intact, Above VWAP, Close near high, Not extended from EMA 9, First 5m bullish, First 5m above VWAP, ORB confirmed, Setup: EMA + VWAP + ORB, Breakout via premarket_high, SPY above VWAP, ML score 72, Catalyst score 45, Regime score 100, Liquidity score 55, Final score 70, AI confidence 81, Setup fit 96, Trend quality 85, ML 72, Catalyst 45, Regime 100, Memory 100, Anomaly 40, Confidence 81. AAPL matches EMA + VWAP + ORB. EMA 9/21/50 stack is aligned. price is holding above VWAP. volume is expanding. SPY regime is supportive. breakout is confirmed through premarket high. predicted win probability 0%. expected return 0.00R. Model rejects the trade because win probability is too low., AI decision Qualified",2.15,1350945,260.99,5.33,0.3,0.19,True,True,True,True,True,True,True,True,True,True,premarket_high
261.9,254.52,276.68,263.93,end_of_day,139,282.17,0.28,2.82,0.78,AAPL,Momentum Price Action Trend,Momentum + Price Action Trend,EMA + VWAP + ORB,Signal Selector -> Policy Critic -> Risk Governor -> Execution Router,Approved,Bracket Order / Core Session,Setup EMA + VWAP + ORB -> Policy Approved -> Entry 261.90 / Stop 254.52 / Target 276.68 -> Route Bracket Order / Core Session,2026-02-17,90,74,45,100,55,71,82,HeavyTradingModel-v2,0.0,0.0,Qualified,"Volume accelerating, EMA stack intact, Above VWAP, Intraday expansion, Close near high, Not extended from EMA 9, First 5m bullish, First 5m above VWAP, ORB confirmed, Setup: EMA + VWAP + ORB, Breakout via premarket_high, SPY above VWAP, ML score 74, Catalyst score 45, Regime score 100, Liquidity score 55, Final score 71, AI confidence 82, Setup fit 96, Trend quality 88, ML 74, Catalyst 45, Regime 100, Memory 100, Anomaly 42, Confidence 82. AAPL matches EMA + VWAP + ORB. EMA 9/21/50 stack is aligned. price is holding above VWAP. volume is expanding. SPY regime is supportive. breakout is confirmed through premarket high. predicted win probability 0%. expected return 0.00R. Model rejects the trade because win probability is too low., AI decision Qualified",1.04,1726286,261.9,7.39,1.25,0.39,True,True,True,True,True,True,True,True,True,True,premarket_high
265.71,255.55,286.03,264.24,end_of_day,101,-148.97,-0.15,3.82,-0.56,AAPL,Momentum Price Action Trend,Momentum + Price Action Trend,EMA + VWAP + ORB,Signal Selector -> Policy Critic -> Risk Governor -> Execution Router,Approved,Bracket Order / Core Session,Setup EMA + VWAP + ORB -> Policy Approved -> Entry 265.71 / Stop 255.55 / Target 286.03 -> Route Bracket Order / Core Session,2026-02-18,90,73,45,100,55,71,81,HeavyTradingModel-v2,0.0,0.0,Qualified,"Volume accelerating, EMA stack intact, Above VWAP, Intraday expansion, Close near high, Not extended from EMA 9, First 5m bullish, First 5m above VWAP, ORB confirmed, Setup: EMA + VWAP + ORB, Breakout via premarket_high, SPY above VWAP, ML score 73, Catalyst score 45, Regime score 100, Liquidity score 55, Final score 71, AI confidence 81, Setup fit 96, Trend quality 86, ML 73, Catalyst 45, Regime 100, Memory 100, Anomaly 41, Confidence 81. AAPL matches EMA + VWAP + ORB. EMA 9/21/50 stack is aligned. price is holding above VWAP. volume is expanding. SPY regime is supportive. breakout is confirmed through premarket high. predicted win probability 0%. expected return 0.00R. Model rejects the trade because win probability is too low., AI decision Qualified",1.13,1671800,265.71,7.39,0.88,0.12,True,True,True,True,True,True,True,True,True,True,premarket_high
264.44,257.33,278.65,264.72,end_of_day,144,40.32,0.04,2.69,0.11,AAPL,Momentum Price Action Trend,Momentum + Price Action Trend,EMA + VWAP + ORB,Signal Selector -> Policy Critic -> Risk Governor -> Execution Router,Approved,Bracket Order / Core Session,Setup EMA + VWAP + ORB -> Policy Approved -> Entry 264.44 / Stop 257.33 / Target 278.65 -> Route Bracket Order / Core Session,2026-02-20,90,75,45,100,55,72,82,HeavyTradingModel-v2,0.0,0.0,Qualified,"Volume accelerating, EMA stack intact, Above VWAP, Intraday expansion, Close near high, Not extended from EMA 9, First 5m bullish, First 5m above VWAP, ORB confirmed, Setup: EMA + VWAP + ORB, Breakout via previous_day_high, SPY above VWAP, ML score 75, Catalyst score 45, Regime score 100, Liquidity score 55, Final score 72, AI confidence 82, Setup fit 96, Trend quality 90, ML 75, Catalyst 45, Regime 100, Memory 100, Anomaly 45, Confidence 82. AAPL matches EMA + VWAP + ORB. EMA 9/21/50 stack is aligned. price is holding above VWAP. volume is expanding. SPY regime is supportive. breakout is confirmed through previous day high. predicted win probability 0%. expected return 0.00R. Model rejects the trade because win probability is too low., AI decision Qualified",0.59,1607586,264.44,7.11,2.06,0.12,True,True,True,True,True,True,True,True,True,True,previous_day_high
274.09,263.48,295.31,272.19,end_of_day,96,-182.4,-0.18,3.87,-0.69,AAPL,Momentum Price Action Trend,Momentum + Price Action Trend,EMA + VWAP + ORB,Signal Selector -> Policy Critic -> Risk Governor -> Execution Router,Approved,Bracket Order / Core Session,Setup EMA + VWAP + ORB -> Policy Approved -> Entry 274.09 / Stop 263.48 / Target 295.31 -> Route Bracket Order / Core Session,2026-02-24,90,73,45,100,55,71,81,HeavyTradingModel-v2,0.0,0.0,Qualified,"Volume accelerating, EMA stack intact, Above VWAP, Intraday expansion, Close near high, Not extended from EMA 9, First 5m bullish, First 5m above VWAP, ORB confirmed, Setup: EMA + VWAP + ORB, Breakout via premarket_high, SPY above VWAP, ML score 73, Catalyst score 45, Regime score 100, Liquidity score 55, Final score 71, AI confidence 81, Setup fit 96, Trend quality 86, ML 73, Catalyst 45, Regime 100, Memory 100, Anomaly 41, Confidence 81. AAPL matches EMA + VWAP + ORB. EMA 9/21/50 stack is aligned. price is holding above VWAP. volume is expanding. SPY regime is supportive. breakout is confirmed through premarket high. predicted win probability 0%. expected return 0.00R. Model rejects the trade because win probability is too low., AI decision Qualified",1.47,1579285,274.09,7.03,0.8,0.29,True,True,True,True,True,True,True,True,True,True,premarket_high
250.73,245.53,261.13,248.9,end_of_day,197,-360.51,-0.35,2.07,-0.73,AAPL,Momentum Price Action Trend,Momentum + Price Action Trend,EMA + VWAP + ORB,Signal Selector -> Policy Critic -> Risk Governor -> Execution Router,Approved,Bracket Order / Core Session,Setup EMA + VWAP + ORB -> Policy Approved -> Entry 250.73 / Stop 245.53 / Target 261.13 -> Route Bracket Order / Core Session,2026-03-19,105,74,45,100,70,71,80,HeavyTradingModel-v2,0.0,0.0,Qualified,"RVOL strong, Volume accelerating, EMA stack intact, Above VWAP, Intraday expansion, Not extended from EMA 9, First 5m bullish, First 5m above VWAP, ORB confirmed, Setup: EMA + VWAP + ORB, Breakout via premarket_high, SPY above VWAP, ML score 74, Catalyst score 45, Regime score 100, Liquidity score 70, Final score 71, AI confidence 80, Setup fit 96, Trend quality 76, ML 74, Catalyst 45, Regime 100, Memory 100, Anomaly 42, Confidence 80. AAPL matches EMA + VWAP + ORB. EMA 9/21/50 stack is aligned. price is holding above VWAP. volume is expanding. SPY regime is supportive. breakout is confirmed through premarket high. predicted win probability 0%. expected return 0.00R. Model rejects the trade because win probability is too low., AI decision Qualified",2.68,1109923,250.73,5.2,0.81,0.09,True,True,True,True,True,False,True,True,True,True,premarket_high
254.48,249.38,264.68,251.76,end_of_day,200,-544.0,-0.53,2.0,-1.07,AAPL,Momentum Price Action Trend,Momentum + Price Action Trend,EMA + VWAP + ORB,Signal Selector -> Policy Critic -> Risk Governor -> Execution Router,Approved,Bracket Order / Core Session,Setup EMA + VWAP + ORB -> Policy Approved -> Entry 254.48 / Stop 249.38 / Target 264.68 -> Route Bracket Order / Core Session,2026-03-24,90,74,45,100,55,71,82,HeavyTradingModel-v2,0.0,0.0,Qualified,"Volume accelerating, EMA stack intact, Above VWAP, Intraday expansion, Close near high, Not extended from EMA 9, First 5m bullish, First 5m above VWAP, ORB confirmed, Setup: EMA + VWAP + ORB, Breakout via premarket_high, SPY above VWAP, ML score 74, Catalyst score 45, Regime score 100, Liquidity score 55, Final score 71, AI confidence 82, Setup fit 96, Trend quality 88, ML 74, Catalyst 45, Regime 100, Memory 100, Anomaly 43, Confidence 82. AAPL matches EMA + VWAP + ORB. EMA 9/21/50 stack is aligned. price is holding above VWAP. volume is expanding. SPY regime is supportive. breakout is confirmed through premarket high. predicted win probability 0%. expected return 0.00R. Model rejects the trade because win probability is too low., AI decision Qualified",0.87,1098527,254.48,5.1,1.26,0.23,True,True,True,True,True,True,True,True,True,True,premarket_high
260.87,254.71,273.19,266.31,end_of_day,165,897.6,0.88,2.36,2.09,AAPL,Momentum Price Action Trend,Momentum + Price Action Trend,EMA + VWAP + ORB,Signal Selector -> Policy Critic -> Risk Governor -> Execution Router,Approved,Bracket Order / Core Session,Setup EMA + VWAP + ORB -> Policy Approved -> Entry 260.87 / Stop 254.71 / Target 273.19 -> Route Bracket Order / Core Session,2026-04-15,90,72,45,100,55,70,81,HeavyTradingModel-v2,0.0,0.0,Qualified,"Volume accelerating, EMA stack intact, Above VWAP, Close near high, Not extended from EMA 9, First 5m bullish, First 5m above VWAP, ORB confirmed, Setup: EMA + VWAP + ORB, Breakout via premarket_high, SPY above VWAP, ML score 72, Catalyst score 45, Regime score 100, Liquidity score 55, Final score 70, AI confidence 81, Setup fit 96, Trend quality 85, ML 72, Catalyst 45, Regime 100, Memory 100, Anomaly 40, Confidence 81. AAPL matches EMA + VWAP + ORB. EMA 9/21/50 stack is aligned. price is holding above VWAP. volume is expanding. SPY regime is supportive. breakout is confirmed through premarket high. predicted win probability 0%. expected return 0.00R. Model rejects the trade because win probability is too low., AI decision Qualified",2.37,1047052,260.87,6.16,0.47,0.55,True,True,True,True,True,True,True,True,True,True,premarket_high
271.34,261.27,291.48,270.2,end_of_day,101,-114.63,-0.11,3.71,-0.42,AAPL,Momentum Price Action Trend,Momentum + Price Action Trend,EMA + VWAP + ORB,Signal Selector -> Policy Critic -> Risk Governor -> Execution Router,Approved,Bracket Order / Core Session,Setup EMA + VWAP + ORB -> Policy Approved -> Entry 271.34 / Stop 261.27 / Target 291.48 -> Route Bracket Order / Core Session,2026-04-17,90,74,45,100,55,71,81,HeavyTradingModel-v2,0.0,0.0,Qualified,"Volume accelerating, EMA stack intact, Above VWAP, Intraday expansion, Close near high, Not extended from EMA 9, First 5m bullish, First 5m above VWAP, ORB confirmed, Setup: EMA + VWAP + ORB, Breakout via premarket_high, SPY above VWAP, ML score 74, Catalyst score 45, Regime score 100, Liquidity score 55, Final score 71, AI confidence 81, Setup fit 96, Trend quality 87, ML 74, Catalyst 45, Regime 100, Memory 100, Anomaly 42, Confidence 81. AAPL matches EMA + VWAP + ORB. EMA 9/21/50 stack is aligned. price is holding above VWAP. volume is expanding. SPY regime is supportive. breakout is confirmed through premarket high. predicted win probability 0%. expected return 0.00R. Model rejects the trade because win probability is too low., AI decision Qualified",1.91,1065431,271.34,6.25,1.11,0.49,True,True,True,True,True,True,True,True,True,True,premarket_high
273.44,266.78,286.76,273.06,end_of_day,153,-58.14,-0.06,2.44,-0.14,AAPL,Momentum Price Action Trend,Momentum + Price Action Trend,EMA + VWAP + ORB,Signal Selector -> Policy Critic -> Risk Governor -> Execution Router,Approved,Bracket Order / Core Session,Setup EMA + VWAP + ORB -> Policy Approved -> Entry 273.44 / Stop 266.78 / Target 286.76 -> Route Bracket Order / Core Session,2026-04-20,90,72,45,100,55,70,81,HeavyTradingModel-v2,0.0,0.0,Qualified,"Volume accelerating, EMA stack intact, Above VWAP, Close near high, Not extended from EMA 9, First 5m bullish, First 5m above VWAP, ORB confirmed, Setup: EMA + VWAP + ORB, Breakout via premarket_high, SPY above VWAP, ML score 72, Catalyst score 45, Regime score 100, Liquidity score 55, Final score 70, AI confidence 81, Setup fit 96, Trend quality 85, ML 72, Catalyst 45, Regime 100, Memory 100, Anomaly 40, Confidence 81. AAPL matches EMA + VWAP + ORB. EMA 9/21/50 stack is aligned. price is holding above VWAP. volume is expanding. SPY regime is supportive. breakout is confirmed through premarket high. predicted win probability 0%. expected return 0.00R. Model rejects the trade because win probability is too low., AI decision Qualified",1.22,1071874,273.44,6.17,0.37,0.19,True,True,True,True,True,True,True,True,True,True,premarket_high
269.07,262.63,281.96,273.06,end_of_day,159,634.41,0.62,2.39,1.48,AAPL,Momentum Price Action Trend,Momentum + Price Action Trend,EMA + VWAP + ORB,Signal Selector -> Policy Critic -> Risk Governor -> Execution Router,Approved,Bracket Order / Core Session,Setup EMA + VWAP + ORB -> Policy Approved -> Entry 269.07 / Stop 262.63 / Target 281.96 -> Route Bracket Order / Core Session,2026-04-22,90,73,45,100,55,70,81,HeavyTradingModel-v2,0.0,0.0,Qualified,"Volume accelerating, EMA stack intact, Above VWAP, Intraday expansion, Close near high, Not extended from EMA 9, First 5m bullish, First 5m above VWAP, ORB confirmed, Setup: EMA + VWAP + ORB, Breakout via premarket_high, SPY above VWAP, ML score 73, Catalyst score 45, Regime score 100, Liquidity score 55, Final score 70, AI confidence 81, Setup fit 96, Trend quality 85, ML 73, Catalyst 45, Regime 100, Memory 100, Anomaly 40, Confidence 81. AAPL matches EMA + VWAP + ORB. EMA 9/21/50 stack is aligned. price is holding above VWAP. volume is expanding. SPY regime is supportive. breakout is confirmed through premarket high. predicted win probability 0%. expected return 0.00R. Model rejects the trade because win probability is too low., AI decision Qualified",2.31,1114711,269.07,6.44,0.61,0.32,True,True,True,True,True,True,True,True,True,True,premarket_high
281.08,274.3,294.64,284.18,end_of_day,152,471.2,0.46,2.41,1.1,AAPL,Momentum Price Action Trend,Momentum + Price Action Trend,EMA + VWAP + ORB,Signal Selector -> Policy Critic -> Risk Governor -> Execution Router,Approved,Bracket Order / Core Session,Setup EMA + VWAP + ORB -> Policy Approved -> Entry 281.08 / Stop 274.30 / Target 294.64 -> Route Bracket Order / Core Session,2026-05-05,90,73,45,100,55,71,81,HeavyTradingModel-v2,0.0,0.0,Qualified,"Volume accelerating, EMA stack intact, Above VWAP, Intraday expansion, Close near high, Not extended from EMA 9, First 5m bullish, First 5m above VWAP, ORB confirmed, Setup: EMA + VWAP + ORB, Breakout via premarket_high, SPY above VWAP, ML score 73, Catalyst score 45, Regime score 100, Liquidity score 55, Final score 71, AI confidence 81, Setup fit 96, Trend quality 86, ML 73, Catalyst 45, Regime 100, Memory 100, Anomaly 41, Confidence 81. AAPL matches EMA + VWAP + ORB. EMA 9/21/50 stack is aligned. price is holding above VWAP. volume is expanding. SPY regime is supportive. breakout is confirmed through premarket high. predicted win probability 0%. expected return 0.00R. Model rejects the trade because win probability is too low., AI decision Qualified",1.74,1295440,281.08,6.78,0.69,0.56,True,True,True,True,True,True,True,True,True,True,premarket_high
285.08,276.51,302.22,287.46,end_of_day,120,285.6,0.28,3.01,0.83,AAPL,Momentum Price Action Trend,Momentum + Price Action Trend,EMA + VWAP + ORB,Signal Selector -> Policy Critic -> Risk Governor -> Execution Router,Approved,Bracket Order / Core Session,Setup EMA + VWAP + ORB -> Policy Approved -> Entry 285.08 / Stop 276.51 / Target 302.22 -> Route Bracket Order / Core Session,2026-05-06,85,69,45,100,55,70,79,HeavyTradingModel-v2,0.0,0.0,Qualified,"Volume accelerating, EMA stack intact, Above VWAP, Intraday expansion, Not extended from EMA 9, First 5m bullish, First 5m above VWAP, ORB confirmed, Setup: EMA + VWAP + ORB, Breakout via premarket_high, SPY above VWAP, ML score 69, Catalyst score 45, Regime score 100, Liquidity score 55, Final score 70, AI confidence 79, Setup fit 96, Trend quality 78, ML 69, Catalyst 45, Regime 100, Memory 100, Anomaly 43, Confidence 79. AAPL matches EMA + VWAP + ORB. EMA 9/21/50 stack is aligned. price is holding above VWAP. volume is expanding. SPY regime is supportive. breakout is confirmed through premarket high. predicted win probability 0%. expected return 0.00R. Model rejects the trade because win probability is too low., AI decision Qualified",1.97,1302427,285.08,6.86,1.38,-0.11,True,True,True,True,True,False,True,True,True,True,premarket_high
290.67,281.09,309.82,287.4,end_of_day,108,-353.16,-0.34,3.3,-1.12,AAPL,Momentum Price Action Trend,Momentum + Price Action Trend,EMA + VWAP + ORB,Signal Selector -> Policy Critic -> Risk Governor -> Execution Router,Approved,Bracket Order / Core Session,Setup EMA + VWAP + ORB -> Policy Approved -> Entry 290.67 / Stop 281.09 / Target 309.82 -> Route Bracket Order / Core Session,2026-05-07,90,73,45,100,55,70,81,HeavyTradingModel-v2,0.0,0.0,Qualified,"Volume accelerating, EMA stack intact, Above VWAP, Intraday expansion, Close near high, Not extended from EMA 9, First 5m bullish, First 5m above VWAP, ORB confirmed, Setup: EMA + VWAP + ORB, Breakout via premarket_high, SPY above VWAP, ML score 73, Catalyst score 45, Regime score 100, Liquidity score 55, Final score 70, AI confidence 81, Setup fit 96, Trend quality 85, ML 73, Catalyst 45, Regime 100, Memory 100, Anomaly 40, Confidence 81. AAPL matches EMA + VWAP + ORB. EMA 9/21/50 stack is aligned. price is holding above VWAP. volume is expanding. SPY regime is supportive. breakout is confirmed through premarket high. predicted win probability 0%. expected return 0.00R. Model rejects the trade because win probability is too low., AI decision Qualified",1.83,1325228,290.67,6.67,0.58,0.13,True,True,True,True,True,True,True,True,True,True,premarket_high
297.81,291.31,310.82,298.95,end_of_day,159,181.26,0.18,2.18,0.38,AAPL,Momentum Price Action Trend,Momentum + Price Action Trend,EMA + VWAP + ORB,Signal Selector -> Policy Critic -> Risk Governor -> Execution Router,Approved,Bracket Order / Core Session,Setup EMA + VWAP + ORB -> Policy Approved -> Entry 297.81 / Stop 291.31 / Target 310.82 -> Route Bracket Order / Core Session,2026-05-13,90,72,45,100,55,70,81,HeavyTradingModel-v2,0.0,0.0,Qualified,"Volume accelerating, EMA stack intact, Above VWAP, Close near high, Not extended from EMA 9, First 5m bullish, First 5m above VWAP, ORB confirmed, Setup: EMA + VWAP + ORB, Breakout via premarket_high, SPY above VWAP, ML score 72, Catalyst score 45, Regime score 100, Liquidity score 55, Final score 70, AI confidence 81, Setup fit 96, Trend quality 85, ML 72, Catalyst 45, Regime 100, Memory 100, Anomaly 40, Confidence 81. AAPL matches EMA + VWAP + ORB. EMA 9/21/50 stack is aligned. price is holding above VWAP. volume is expanding. SPY regime is supportive. breakout is confirmed through premarket high. predicted win probability 0%. expected return 0.00R. Model rejects the trade because win probability is too low., AI decision Qualified",1.17,1337253,297.81,6.5,0.31,0.32,True,True,True,True,True,True,True,True,True,True,premarket_high
298.46,291.82,311.73,300.0,end_of_day,156,240.24,0.23,2.22,0.52,AAPL,Momentum Price Action Trend,Momentum + Price Action Trend,EMA + VWAP + Premarket High,Signal Selector -> Policy Critic -> Risk Governor -> Execution Router,Approved,Bracket Order / Core Session,Setup EMA + VWAP + Premarket High -> Policy Approved -> Entry 298.46 / Stop 291.82 / Target 311.73 -> Route Bracket Order / Core Session,2026-05-15,100,78,45,100,70,71,80,HeavyTradingModel-v2,0.0,0.0,Qualified,"RVOL strong, Volume accelerating, EMA stack intact, Above VWAP, Close near high, Not extended from EMA 9, First 5m bullish, ORB confirmed, Setup: EMA + VWAP + Premarket High, Breakout via premarket_high, SPY above VWAP, ML score 78, Catalyst score 45, Regime score 100, Liquidity score 70, Final score 71, AI confidence 80, Setup fit 92, Trend quality 85, ML 78, Catalyst 45, Regime 100, Memory 100, Anomaly 30, Confidence 80. AAPL matches EMA + VWAP + Premarket High. EMA 9/21/50 stack is aligned. price is holding above VWAP. volume is expanding. SPY regime is supportive. breakout is confirmed through premarket high. predicted win probability 0%. expected return 0.00R. Model rejects the trade because win probability is too low., AI decision Qualified",3.17,1318477,298.46,6.64,0.36,0.52,True,True,True,True,True,True,True,True,False,True,premarket_high
312.33,307.05,322.89,310.93,end_of_day,196,-274.4,-0.27,1.69,-0.45,AAPL,Momentum Price Action Trend,Momentum + Price Action Trend,EMA + VWAP + ORB,Signal Selector -> Policy Critic -> Risk Governor -> Execution Router,Approved,Bracket Order / Core Session,Setup EMA + VWAP + ORB -> Policy Approved -> Entry 312.33 / Stop 307.05 / Target 322.89 -> Route Bracket Order / Core Session,2026-05-27,110,82,45,100,70,74,83,HeavyTradingModel-v2,0.0,0.0,Qualified,"RVOL strong, Volume accelerating, EMA stack intact, Above VWAP, Intraday expansion, Close near high, Not extended from EMA 9, First 5m bullish, First 5m above VWAP, ORB confirmed, Setup: EMA + VWAP + ORB, Breakout via premarket_high, SPY above VWAP, ML score 82, Catalyst score 45, Regime score 100, Liquidity score 70, Final score 74, AI confidence 83, Setup fit 96, Trend quality 85, ML 82, Catalyst 45, Regime 100, Memory 100, Anomaly 46, Confidence 83. AAPL matches EMA + VWAP + ORB. EMA 9/21/50 stack is aligned. price is holding above VWAP. volume is expanding. SPY regime is supportive. breakout is confirmed through premarket high. predicted win probability 0%. expected return 0.00R. Model rejects the trade because win probability is too low., AI decision Qualified",3.41,1377285,312.33,5.28,0.56,0.52,True,True,True,True,True,True,True,True,True,True,premarket_high
295.94,287.38,313.07,295.48,end_of_day,121,-55.66,-0.05,2.89,-0.16,AAPL,Momentum Price Action Trend,Momentum + Price Action Trend,EMA + VWAP + ORB,Signal Selector -> Policy Critic -> Risk Governor -> Execution Router,Approved,Bracket Order / Core Session,Setup EMA + VWAP + ORB -> Policy Approved -> Entry 295.94 / Stop 287.38 / Target 313.07 -> Route Bracket Order / Core Session,2026-06-11,90,75,45,100,55,72,82,HeavyTradingModel-v2,0.0,0.0,Qualified,"Volume accelerating, EMA stack intact, Above VWAP, Intraday expansion, Close near high, Not extended from EMA 9, First 5m bullish, First 5m above VWAP, ORB confirmed, Setup: EMA + VWAP + ORB, Breakout via premarket_high, SPY above VWAP, ML score 75, Catalyst score 45, Regime score 100, Liquidity score 55, Final score 72, AI confidence 82, Setup fit 96, Trend quality 89, ML 75, Catalyst 45, Regime 100, Memory 100, Anomaly 44, Confidence 82. AAPL matches EMA + VWAP + ORB. EMA 9/21/50 stack is aligned. price is holding above VWAP. volume is expanding. SPY regime is supportive. breakout is confirmed through premarket high. predicted win probability 0%. expected return 0.00R. Model rejects the trade because win probability is too low., AI decision Qualified",0.84,1575996,295.94,7.47,1.61,0.68,True,True,True,True,True,True,True,True,True,True,premarket_high
297.54,289.63,313.34,296.53,end_of_day,131,-132.31,-0.13,2.66,-0.34,AAPL,Momentum Price Action Trend,Momentum + Price Action Trend,EMA + VWAP + ORB,Signal Selector -> Policy Critic -> Risk Governor -> Execution Router,Approved,Bracket Order / Core Session,Setup EMA + VWAP + ORB -> Policy Approved -> Entry 297.54 / Stop 289.63 / Target 313.34 -> Route Bracket Order / Core Session,2026-06-15,90,74,45,100,55,71,82,HeavyTradingModel-v2,0.0,0.0,Qualified,"Volume accelerating, EMA stack intact, Above VWAP, Intraday expansion, Close near high, Not extended from EMA 9, First 5m bullish, First 5m above VWAP, ORB confirmed, Setup: EMA + VWAP + ORB, Breakout via premarket_high, SPY above VWAP, ML score 74, Catalyst score 45, Regime score 100, Liquidity score 55, Final score 71, AI confidence 82, Setup fit 96, Trend quality 88, ML 74, Catalyst 45, Regime 100, Memory 100, Anomaly 43, Confidence 82. AAPL matches EMA + VWAP + ORB. EMA 9/21/50 stack is aligned. price is holding above VWAP. volume is expanding. SPY regime is supportive. breakout is confirmed through premarket high. predicted win probability 0%. expected return 0.00R. Model rejects the trade because win probability is too low., AI decision Qualified",1.2,1617869,297.54,7.73,1.29,0.26,True,True,True,True,True,True,True,True,True,True,premarket_high
299.63,291.74,315.42,294.28,end_of_day,131,-700.85,-0.68,2.63,-1.79,AAPL,Momentum Price Action Trend,Momentum + Price Action Trend,EMA + VWAP + ORB,Signal Selector -> Policy Critic -> Risk Governor -> Execution Router,Approved,Bracket Order / Core Session,Setup EMA + VWAP + ORB -> Policy Approved -> Entry 299.63 / Stop 291.74 / Target 315.42 -> Route Bracket Order / Core Session,2026-06-23,90,73,45,100,55,71,81,HeavyTradingModel-v2,0.0,0.0,Qualified,"Volume accelerating, EMA stack intact, Above VWAP, Intraday expansion, Close near high, Not extended from EMA 9, First 5m bullish, First 5m above VWAP, ORB confirmed, Setup: EMA + VWAP + ORB, Breakout via premarket_high, SPY above VWAP, ML score 73, Catalyst score 45, Regime score 100, Liquidity score 55, Final score 71, AI confidence 81, Setup fit 96, Trend quality 86, ML 73, Catalyst 45, Regime 100, Memory 100, Anomaly 41, Confidence 81. AAPL matches EMA + VWAP + ORB. EMA 9/21/50 stack is aligned. price is holding above VWAP. volume is expanding. SPY regime is supportive. breakout is confirmed through premarket high. predicted win probability 0%. expected return 0.00R. Model rejects the trade because win probability is too low., AI decision Qualified",1.91,1662726,299.63,7.89,0.92,0.37,True,True,True,True,True,True,True,True,True,True,premarket_high
363.38,349.2,391.73,371.67,end_of_day,70,580.3,0.58,3.9,2.28,MSFT,Momentum Price Action Trend,Momentum + Price Action Trend,EMA + VWAP + ORB,Signal Selector -> Policy Critic -> Risk Governor -> Execution Router,Approved,Bracket Order / Core Session,Setup EMA + VWAP + ORB -> Policy Approved -> Entry 363.38 / Stop 349.20 / Target 391.73 -> Route Bracket Order / Core Session,2026-06-26,110,88,45,100,80,71,82,HeavyTradingModel-v2,0.0,0.0,Qualified,"RVOL strong, Volume accelerating, EMA stack intact, Above VWAP, Intraday expansion, Close near high, Not extended from EMA 9, First 5m bullish, First 5m above VWAP, ORB confirmed, Setup: EMA + VWAP + ORB, Breakout via premarket_high, SPY above VWAP, ML score 88, Catalyst score 45, Regime score 100, Liquidity score 80, Final score 71, AI confidence 82, Setup fit 96, Trend quality 89, ML 88, Catalyst 45, Regime 100, Memory 50, Anomaly 57, Confidence 82. MSFT matches EMA + VWAP + ORB. EMA 9/21/50 stack is aligned. price is holding above VWAP. volume is expanding. SPY regime is supportive. breakout is confirmed through premarket high. predicted win probability 0%. expected return 0.00R. Model rejects the trade because win probability is too low., AI decision Qualified",4.48,1259302,363.38,12.58,1.7,1.02,True,True,True,True,True,True,True,True,True,True,premarket_high
222.19,205.89,254.8,237.47,end_of_day,61,932.08,0.94,7.34,6.88,NVDA,Momentum Price Action Trend,Momentum + Price Action Trend,EMA + VWAP + ORB,Signal Selector -> Policy Critic -> Risk Governor -> Execution Router,Approved,Bracket Order / Core Session,Setup EMA + VWAP + ORB -> Policy Approved -> Entry 222.19 / Stop 205.89 / Target 254.80 -> Route Bracket Order / Core Session,2022-02-24,110,87,45,100,70,70,82,HeavyTradingModel-v2,0.0,0.0,Qualified,"RVOL strong, Volume accelerating, EMA stack intact, Above VWAP, Intraday expansion, Close near high, Not extended from EMA 9, First 5m bullish, First 5m above VWAP, ORB confirmed, Setup: EMA + VWAP + ORB, Breakout via premarket_high, SPY above VWAP, ML score 87, Catalyst score 45, Regime score 100, Liquidity score 70, Final score 70, AI confidence 82, Setup fit 96, Trend quality 93, ML 87, Catalyst 45, Regime 100, Memory 50, Anomaly 56, Confidence 82. NVDA matches EMA + VWAP + ORB. EMA 9/21/50 stack is aligned. price is holding above VWAP. volume is expanding. SPY regime is supportive. breakout is confirmed through premarket high. predicted win probability 0%. expected return 0.00R. Model rejects the trade because win probability is too low., AI decision Qualified",3.72,1360049,222.19,16.3,2.89,1.74,True,True,True,True,True,True,True,True,True,True,premarket_high
243.85,228.13,275.28,242.05,end_of_day,64,-115.2,-0.11,6.45,-0.74,NVDA,Momentum Price Action Trend,Momentum + Price Action Trend,EMA + VWAP + ORB,Signal Selector -> Policy Critic -> Risk Governor -> Execution Router,Approved,Bracket Order / Core Session,Setup EMA + VWAP + ORB -> Policy Approved -> Entry 243.85 / Stop 228.13 / Target 275.28 -> Route Bracket Order / Core Session,2022-03-02,85,73,45,100,55,71,81,HeavyTradingModel-v2,0.0,0.0,Qualified,"Volume accelerating, EMA stack intact, Above VWAP, Intraday expansion, Not extended from EMA 9, First 5m bullish, First 5m above VWAP, ORB confirmed, Setup: EMA + VWAP + ORB, Breakout via previous_day_high, SPY above VWAP, ML score 73, Catalyst score 45, Regime score 100, Liquidity score 55, Final score 71, AI confidence 81, Setup fit 96, Trend quality 85, ML 73, Catalyst 45, Regime 100, Memory 94, Anomaly 50, Confidence 81. NVDA matches EMA + VWAP + ORB. EMA 9/21/50 stack is aligned. price is holding above VWAP. volume is expanding. SPY regime is supportive. breakout is confirmed through previous day high. predicted win probability 0%. expected return 0.00R. Model rejects the trade because win probability is too low., AI decision Qualified",0.59,1263420,243.85,15.72,3.39,0.29,True,True,True,True,True,False,True,True,True,True,previous_day_high
229.62,211.62,265.62,229.73,end_of_day,56,6.16,0.01,7.84,0.05,NVDA,Momentum Price Action Trend,Momentum + Price Action Trend,EMA + VWAP + Premarket High,Signal Selector -> Policy Critic -> Risk Governor -> Execution Router,Approved,Bracket Order / Core Session,Setup EMA + VWAP + Premarket High -> Policy Approved -> Entry 229.62 / Stop 211.62 / Target 265.62 -> Route Bracket Order / Core Session,2022-03-15,80,80,45,100,55,70,82,HeavyTradingModel-v2,0.0,0.0,Qualified,"Volume accelerating, EMA stack intact, Above VWAP, Intraday expansion, Close near high, Not extended from EMA 9, ORB confirmed, Setup: EMA + VWAP + Premarket High, Breakout via premarket_high, SPY above VWAP, ML score 80, Catalyst score 45, Regime score 100, Liquidity score 55, Final score 70, AI confidence 82, Setup fit 92, Trend quality 100, ML 80, Catalyst 45, Regime 100, Memory 72, Anomaly 46, Confidence 82. NVDA matches EMA + VWAP + Premarket High. EMA 9/21/50 stack is aligned. price is holding above VWAP. volume is expanding. SPY regime is supportive. breakout is confirmed through premarket high. predicted win probability 0%. expected return 0.00R. Model rejects the trade because win probability is too low., AI decision Qualified",0.71,1229903,229.62,13.61,6.37,0.53,True,True,True,True,True,True,True,False,False,True,premarket_high
261.33,239.07,305.85,264.44,end_of_day,45,139.95,0.14,8.52,1.19,NVDA,Momentum Price Action Trend,Momentum + Price Action Trend,EMA + VWAP + ORB,Signal Selector -> Policy Critic -> Risk Governor -> Execution Router,Approved,Bracket Order / Core Session,Setup EMA + VWAP + ORB -> Policy Approved -> Entry 261.33 / Stop 239.07 / Target 305.85 -> Route Bracket Order / Core Session,2022-03-18,85,76,45,100,55,71,81,HeavyTradingModel-v2,0.0,0.0,Qualified,"Volume accelerating, EMA stack intact, Above VWAP, Intraday expansion, Not extended from EMA 9, First 5m bullish, First 5m above VWAP, ORB confirmed, Setup: EMA + VWAP + ORB, Breakout via previous_day_high, SPY above VWAP, ML score 76, Catalyst score 45, Regime score 100, Liquidity score 55, Final score 71, AI confidence 81, Setup fit 96, Trend quality 89, ML 76, Catalyst 45, Regime 100, Memory 80, Anomaly 54, Confidence 81. NVDA matches EMA + VWAP + ORB. EMA 9/21/50 stack is aligned. price is holding above VWAP. volume is expanding. SPY regime is supportive. breakout is confirmed through previous day high. predicted win probability 0%. expected return 0.00R. Model rejects the trade because win probability is too low., AI decision Qualified",2.22,1167753,261.33,13.49,4.77,0.72,True,True,True,True,True,False,True,True,True,True,previous_day_high
269.2,254.41,298.78,281.47,end_of_day,68,834.36,0.83,5.49,4.56,NVDA,Momentum Price Action Trend,Momentum + Price Action Trend,EMA + VWAP + ORB,Signal Selector -> Policy Critic -> Risk Governor -> Execution Router,Approved,Bracket Order / Core Session,Setup EMA + VWAP + ORB -> Policy Approved -> Entry 269.20 / Stop 254.41 / Target 298.78 -> Route Bracket Order / Core Session,2022-03-24,90,77,45,100,55,71,82,HeavyTradingModel-v2,0.0,0.0,Qualified,"Volume accelerating, EMA stack intact, Above VWAP, Intraday expansion, Close near high, Not extended from EMA 9, First 5m bullish, First 5m above VWAP, ORB confirmed, Setup: EMA + VWAP + ORB, Breakout via previous_day_high, SPY above VWAP, ML score 77, Catalyst score 45, Regime score 100, Liquidity score 55, Final score 71, AI confidence 82, Setup fit 96, Trend quality 94, ML 77, Catalyst 45, Regime 100, Memory 85, Anomaly 49, Confidence 82. NVDA matches EMA + VWAP + ORB. EMA 9/21/50 stack is aligned. price is holding above VWAP. volume is expanding. SPY regime is supportive. breakout is confirmed through previous day high. predicted win probability 0%. expected return 0.00R. Model rejects the trade because win probability is too low., AI decision Qualified",2.11,1141143,269.2,14.79,3.12,0.83,True,True,True,True,True,True,True,True,True,True,previous_day_high
275.0,262.28,300.44,273.73,end_of_day,80,-101.6,-0.1,4.63,-0.46,NVDA,Momentum Price Action Trend,Momentum + Price Action Trend,EMA + VWAP + ORB,Signal Selector -> Policy Critic -> Risk Governor -> Execution Router,Approved,Bracket Order / Core Session,Setup EMA + VWAP + ORB -> Policy Approved -> Entry 275.00 / Stop 262.28 / Target 300.44 -> Route Bracket Order / Core Session,2022-04-04,90,76,45,100,55,71,82,HeavyTradingModel-v2,0.0,0.0,Qualified,"Volume accelerating, EMA stack intact, Above VWAP, Intraday expansion, Close near high, Not extended from EMA 9, First 5m bullish, First 5m above VWAP, ORB confirmed, Setup: EMA + VWAP + ORB, Breakout via previous_day_high, SPY above VWAP, ML score 76, Catalyst score 45, Regime score 100, Liquidity score 55, Final score 71, AI confidence 82, Setup fit 96, Trend quality 92, ML 76, Catalyst 45, Regime 100, Memory 91, Anomaly 47, Confidence 82. NVDA matches EMA + VWAP + ORB. EMA 9/21/50 stack is aligned. price is holding above VWAP. volume is expanding. SPY regime is supportive. breakout is confirmed through previous day high. predicted win probability 0%. expected return 0.00R. Model rejects the trade because win probability is too low., AI decision Qualified",0.87,1088056,275.0,12.72,2.57,0.73,True,True,True,True,True,True,True,True,True,True,previous_day_high
190.59,177.57,216.65,195.27,end_of_day,78,365.04,0.36,6.83,2.46,NVDA,Momentum Price Action Trend,Momentum + Price Action Trend,EMA + VWAP + ORB,Signal Selector -> Policy Critic -> Risk Governor -> Execution Router,Approved,Bracket Order / Core Session,Setup EMA + VWAP + ORB -> Policy Approved -> Entry 190.59 / Stop 177.57 / Target 216.65 -> Route Bracket Order / Core Session,2022-05-02,90,76,45,100,55,71,82,HeavyTradingModel-v2,0.0,0.0,Qualified,"Volume accelerating, EMA stack intact, Above VWAP, Intraday expansion, Close near high, Not extended from EMA 9, First 5m bullish, First 5m above VWAP, ORB confirmed, Setup: EMA + VWAP + ORB, Breakout via premarket_high, SPY above VWAP, ML score 76, Catalyst score 45, Regime score 100, Liquidity score 55, Final score 71, AI confidence 82, Setup fit 96, Trend quality 92, ML 76, Catalyst 45, Regime 100, Memory 85, Anomaly 47, Confidence 82. NVDA matches EMA + VWAP + ORB. EMA 9/21/50 stack is aligned. price is holding above VWAP. volume is expanding. SPY regime is supportive. breakout is confirmed through premarket high. predicted win probability 0%. expected return 0.00R. Model rejects the trade because win probability is too low., AI decision Qualified",1.94,1151375,190.59,13.03,2.55,1.18,True,True,True,True,True,True,True,True,True,True,premarket_high
176.95,155.69,219.46,176.99,end_of_day,48,1.92,0.0,12.01,0.02,NVDA,Momentum Price Action Trend,Momentum + Price Action Trend,EMA + VWAP + Premarket High,Signal Selector -> Policy Critic -> Risk Governor -> Execution Router,Approved,Bracket Order / Core Session,Setup EMA + VWAP + Premarket High -> Policy Approved -> Entry 176.95 / Stop 155.69 / Target 219.46 -> Route Bracket Order / Core Session,2022-05-13,80,80,45,100,55,72,83,HeavyTradingModel-v2,0.0,0.0,Qualified,"Volume accelerating, EMA stack intact, Above VWAP, Intraday expansion, Close near high, Not extended from EMA 9, ORB confirmed, Setup: EMA + VWAP + Premarket High, Breakout via premarket_high, SPY above VWAP, ML score 80, Catalyst score 45, Regime score 100, Liquidity score 55, Final score 72, AI confidence 83, Setup fit 92, Trend quality 100, ML 80, Catalyst 45, Regime 100, Memory 90, Anomaly 44, Confidence 83. NVDA matches EMA + VWAP + Premarket High. EMA 9/21/50 stack is aligned. price is holding above VWAP. volume is expanding. SPY regime is supportive. breakout is confirmed through premarket high. predicted win probability 0%. expected return 0.00R. Model rejects the trade because win probability is too low., AI decision Qualified",1.63,1340364,176.95,13.83,5.86,0.44,True,True,True,True,True,True,True,False,False,True,premarket_high
169.33,156.96,194.07,171.09,end_of_day,82,144.32,0.14,7.31,1.04,NVDA,Momentum Price Action Trend,Momentum + Price Action Trend,EMA + VWAP + ORB,Signal Selector -> Policy Critic -> Risk Governor -> Execution Router,Approved,Bracket Order / Core Session,Setup EMA + VWAP + ORB -> Policy Approved -> Entry 169.33 / Stop 156.96 / Target 194.07 -> Route Bracket Order / Core Session,2022-05-25,85,72,45,100,55,70,80,HeavyTradingModel-v2,0.0,0.0,Qualified,"Volume accelerating, EMA stack intact, Above VWAP, Intraday expansion, Not extended from EMA 9, First 5m bullish, First 5m above VWAP, ORB confirmed, Setup: EMA + VWAP + ORB, Breakout via previous_day_high, SPY above VWAP, ML score 72, Catalyst score 45, Regime score 100, Liquidity score 55, Final score 70, AI confidence 80, Setup fit 96, Trend quality 83, ML 72, Catalyst 45, Regime 100, Memory 92, Anomaly 48, Confidence 80. NVDA matches EMA + VWAP + ORB. EMA 9/21/50 stack is aligned. price is holding above VWAP. volume is expanding. SPY regime is supportive. breakout is confirmed through previous day high. predicted win probability 0%. expected return 0.00R. Model rejects the trade because win probability is too low., AI decision Qualified",1.14,1412599,169.33,12.37,2.81,0.41,True,True,True,True,True,False,True,True,True,True,previous_day_high
174.82,160.16,204.14,178.52,end_of_day,69,255.3,0.25,8.39,2.12,NVDA,Momentum Price Action Trend,Momentum + Price Action Trend,EMA + VWAP + ORB,Signal Selector -> Policy Critic -> Risk Governor -> Execution Router,Approved,Bracket Order / Core Session,Setup EMA + VWAP + ORB -> Policy Approved -> Entry 174.82 / Stop 160.16 / Target 204.14 -> Route Bracket Order / Core Session,2022-05-26,110,88,45,100,70,78,87,HeavyTradingModel-v2,0.0,0.0,Qualified,"RVOL strong, Volume accelerating, EMA stack intact, Above VWAP, Intraday expansion, Close near high, Not extended from EMA 9, First 5m bullish, First 5m above VWAP, ORB confirmed, Setup: EMA + VWAP + ORB, Breakout via premarket_high, SPY above VWAP, ML score 88, Catalyst score 45, Regime score 100, Liquidity score 70, Final score 78, AI confidence 87, Setup fit 96, Trend quality 98, ML 88, Catalyst 45, Regime 100, Memory 94, Anomaly 58, Confidence 87. NVDA matches EMA + VWAP + ORB. EMA 9/21/50 stack is aligned. price is holding above VWAP. volume is expanding. SPY regime is supportive. breakout is confirmed through premarket high. predicted win probability 0%. expected return 0.00R. Model rejects the trade because win probability is too low., AI decision Qualified",3.21,1452788,174.82,12.76,4.49,1.33,True,True,True,True,True,True,True,True,True,True,premarket_high
190.97,179.14,214.62,195.93,end_of_day,86,426.56,0.42,6.19,2.6,NVDA,Momentum Price Action Trend,Momentum + Price Action Trend,EMA + VWAP + ORB,Signal Selector -> Policy Critic -> Risk Governor -> Execution Router,Approved,Bracket Order / Core Session,Setup EMA + VWAP + ORB -> Policy Approved -> Entry 190.97 / Stop 179.14 / Target 214.62 -> Route Bracket Order / Core Session,2022-06-02,90,79,45,100,55,74,84,HeavyTradingModel-v2,0.0,0.0,Qualified,"Volume accelerating, EMA stack intact, Above VWAP, Intraday expansion, Close near high, Not extended from EMA 9, First 5m bullish, First 5m above VWAP, ORB confirmed, Setup: EMA + VWAP + ORB, Breakout via premarket_high, SPY above VWAP, ML score 79, Catalyst score 45, Regime score 100, Liquidity score 55, Final score 74, AI confidence 84, Setup fit 96, Trend quality 96, ML 79, Catalyst 45, Regime 100, Memory 97, Anomaly 51, Confidence 84. NVDA matches EMA + VWAP + ORB. EMA 9/21/50 stack is aligned. price is holding above VWAP. volume is expanding. SPY regime is supportive. breakout is confirmed through premarket high. predicted win probability 0%. expected return 0.00R. Model rejects the trade because win probability is too low., AI decision Qualified",1.38,1452644,190.97,11.83,3.87,0.73,True,True,True,True,True,True,True,True,True,True,premarket_high
191.43,180.71,212.86,186.48,end_of_day,95,-470.25,-0.46,5.6,-2.59,NVDA,Momentum Price Action Trend,Momentum + Price Action Trend,EMA + VWAP + ORB,Signal Selector -> Policy Critic -> Risk Governor -> Execution Router,Approved,Bracket Order / Core Session,Setup EMA + VWAP + ORB -> Policy Approved -> Entry 191.43 / Stop 180.71 / Target 212.86 -> Route Bracket Order / Core Session,2022-06-08,85,70,45,100,55,70,80,HeavyTradingModel-v2,0.0,0.0,Qualified,"Volume accelerating, EMA stack intact, Above VWAP, Intraday expansion, Not extended from EMA 9, First 5m bullish, First 5m above VWAP, ORB confirmed, Setup: EMA + VWAP + ORB, Breakout via previous_day_high, SPY above VWAP, ML score 70, Catalyst score 45, Regime score 100, Liquidity score 55, Final score 70, AI confidence 80, Setup fit 96, Trend quality 80, ML 70, Catalyst 45, Regime 100, Memory 100, Anomaly 45, Confidence 80. NVDA matches EMA + VWAP + ORB. EMA 9/21/50 stack is aligned. price is holding above VWAP. volume is expanding. SPY regime is supportive. breakout is confirmed through previous day high. predicted win probability 0%. expected return 0.00R. Model rejects the trade because win probability is too low., AI decision Qualified",1.22,1274023,191.43,10.72,1.87,0.98,True,True,True,True,True,False,True,True,True,True,previous_day_high
168.45,154.15,197.05,165.34,end_of_day,71,-220.81,-0.22,8.49,-1.85,NVDA,Momentum Price Action Trend,Momentum + Price Action Trend,EMA + VWAP + Previous Day High,Signal Selector -> Policy Critic -> Risk Governor -> Execution Router,Approved,Bracket Order / Core Session,Setup EMA + VWAP + Previous Day High -> Policy Approved -> Entry 168.45 / Stop 154.15 / Target 197.05 -> Route Bracket Order / Core Session,2022-06-15,80,76,45,100,55,70,81,HeavyTradingModel-v2,0.0,0.0,Qualified,"Volume accelerating, EMA stack intact, Above VWAP, Intraday expansion, Close near high, Not extended from EMA 9, ORB confirmed, Setup: EMA + VWAP + Previous Day High, Breakout via previous_day_high, SPY above VWAP, ML score 76, Catalyst score 45, Regime score 100, Liquidity score 55, Final score 70, AI confidence 81, Setup fit 92, Trend quality 95, ML 76, Catalyst 45, Regime 100, Memory 96, Anomaly 36, Confidence 81. NVDA matches EMA + VWAP + Previous Day High. EMA 9/21/50 stack is aligned. price is holding above VWAP. volume is expanding. SPY regime is supportive. breakout is confirmed through previous day high. predicted win probability 0%. expected return 0.00R. Model rejects the trade because win probability is too low., AI decision Qualified",0.9,1219425,168.45,10.4,3.6,1.38,True,True,True,True,True,True,True,False,False,True,previous_day_high
169.31,153.36,201.21,165.59,end_of_day,64,-238.08,-0.23,9.42,-2.2,NVDA,Momentum Price Action Trend,Momentum + Price Action Trend,EMA + VWAP + ORB,Signal Selector -> Policy Critic -> Risk Governor -> Execution Router,Approved,Bracket Order / Core Session,Setup EMA + VWAP + ORB -> Policy Approved -> Entry 169.31 / Stop 153.36 / Target 201.21 -> Route Bracket Order / Core Session,2022-06-21,110,80,45,100,70,73,82,HeavyTradingModel-v2,0.0,0.0,Qualified,"RVOL strong, Volume accelerating, EMA stack intact, Above VWAP, Intraday expansion, Close near high, Not extended from EMA 9, First 5m bullish, First 5m above VWAP, ORB confirmed, Setup: EMA + VWAP + ORB, Breakout via premarket_high, SPY above VWAP, ML score 80, Catalyst score 45, Regime score 100, Liquidity score 70, Final score 73, AI confidence 82, Setup fit 96, Trend quality 88, ML 80, Catalyst 45, Regime 100, Memory 93, Anomaly 45, Confidence 82. NVDA matches EMA + VWAP + ORB. EMA 9/21/50 stack is aligned. price is holding above VWAP. volume is expanding. SPY regime is supportive. breakout is confirmed through premarket high. predicted win probability 0%. expected return 0.00R. Model rejects the trade because win probability is too low., AI decision Qualified",2.76,1187401,169.31,9.72,1.44,0.68,True,True,True,True,True,True,True,True,True,True,premarket_high
168.22,158.61,187.44,171.39,end_of_day,106,336.02,0.33,5.71,1.88,NVDA,Momentum Price Action Trend,Momentum + Price Action Trend,EMA + VWAP + ORB,Signal Selector -> Policy Critic -> Risk Governor -> Execution Router,Approved,Bracket Order / Core Session,Setup EMA + VWAP + ORB -> Policy Approved -> Entry 168.22 / Stop 158.61 / Target 187.44 -> Route Bracket Order / Core Session,2022-06-24,105,78,45,100,70,72,81,HeavyTradingModel-v2,0.0,0.0,Qualified,"RVOL strong, Volume accelerating, EMA stack intact, Above VWAP, Intraday expansion, Not extended from EMA 9, First 5m bullish, First 5m above VWAP, ORB confirmed, Setup: EMA + VWAP + ORB, Breakout via previous_day_high, SPY above VWAP, ML score 78, Catalyst score 45, Regime score 100, Liquidity score 70, Final score 72, AI confidence 81, Setup fit 96, Trend quality 81, ML 78, Catalyst 45, Regime 100, Memory 90, Anomaly 48, Confidence 81. NVDA matches EMA + VWAP + ORB. EMA 9/21/50 stack is aligned. price is holding above VWAP. volume is expanding. SPY regime is supportive. breakout is confirmed through previous day high. predicted win probability 0%. expected return 0.00R. Model rejects the trade because win probability is too low., AI decision Qualified",2.94,1131782,168.22,8.8,2.08,1.34,True,True,True,True,True,False,True,True,True,True,previous_day_high
145.09,136.61,162.04,149.67,end_of_day,120,549.6,0.54,5.84,3.16,NVDA,Momentum Price Action Trend,Momentum + Price Action Trend,EMA + VWAP + Premarket High,Signal Selector -> Policy Critic -> Risk Governor -> Execution Router,Approved,Bracket Order / Core Session,Setup EMA + VWAP + Premarket High -> Policy Approved -> Entry 145.09 / Stop 136.61 / Target 162.04 -> Route Bracket Order / Core Session,2022-07-05,100,80,45,100,70,71,81,HeavyTradingModel-v2,0.0,0.0,Qualified,"RVOL strong, Volume accelerating, EMA stack intact, Above VWAP, Intraday expansion, Close near high, Not extended from EMA 9, ORB confirmed, Setup: EMA + VWAP + Premarket High, Breakout via premarket_high, SPY above VWAP, ML score 80, Catalyst score 45, Regime score 100, Liquidity score 70, Final score 71, AI confidence 81, Setup fit 92, Trend quality 91, ML 80, Catalyst 45, Regime 100, Memory 93, Anomaly 34, Confidence 81. NVDA matches EMA + VWAP + Premarket High. EMA 9/21/50 stack is aligned. price is holding above VWAP. volume is expanding. SPY regime is supportive. breakout is confirmed through premarket high. predicted win probability 0%. expected return 0.00R. Model rejects the trade because win probability is too low., AI decision Qualified",2.86,1107104,145.09,8.48,2.32,1.2,True,True,True,True,True,True,True,False,False,True,premarket_high
158.29,150.4,174.06,158.37,end_of_day,130,10.4,0.01,4.98,0.05,NVDA,Momentum Price Action Trend,Momentum + Price Action Trend,EMA + VWAP + ORB,Signal Selector -> Policy Critic -> Risk Governor -> Execution Router,Approved,Bracket Order / Core Session,Setup EMA + VWAP + ORB -> Policy Approved -> Entry 158.29 / Stop 150.40 / Target 174.06 -> Route Bracket Order / Core Session,2022-07-08,85,70,45,100,55,70,79,HeavyTradingModel-v2,0.0,0.0,Qualified,"Volume accelerating, EMA stack intact, Above VWAP, Intraday expansion, Not extended from EMA 9, First 5m bullish, First 5m above VWAP, ORB confirmed, Setup: EMA + VWAP + ORB, Breakout via premarket_high, SPY above VWAP, ML score 70, Catalyst score 45, Regime score 100, Liquidity score 55, Final score 70, AI confidence 79, Setup fit 96, Trend quality 79, ML 70, Catalyst 45, Regime 100, Memory 97, Anomaly 44, Confidence 79. NVDA matches EMA + VWAP + ORB. EMA 9/21/50 stack is aligned. price is holding above VWAP. volume is expanding. SPY regime is supportive. breakout is confirmed through premarket high. predicted win probability 0%. expected return 0.00R. Model rejects the trade because win probability is too low., AI decision Qualified",0.8,1148256,158.29,7.89,1.63,-0.39,True,True,True,True,True,False,True,True,True,True,premarket_high
153.22,144.66,170.34,151.6,end_of_day,120,-194.4,-0.19,5.59,-1.06,NVDA,Momentum Price Action Trend,Momentum + Price Action Trend,EMA + VWAP + ORB,Signal Selector -> Policy Critic -> Risk Governor -> Execution Router,Approved,Bracket Order / Core Session,Setup EMA + VWAP + ORB -> Policy Approved -> Entry 153.22 / Stop 144.66 / Target 170.34 -> Route Bracket Order / Core Session,2022-07-13,70,65,45,100,55,70,81,HeavyTradingModel-v2,0.0,0.0,Qualified,"Volume accelerating, EMA stack intact, Above VWAP, Intraday expansion, Not extended from EMA 9, First 5m bullish, First 5m above VWAP, ORB confirmed, Setup: EMA + VWAP + ORB, SPY above VWAP, ML score 65, Catalyst score 45, Regime score 100, Liquidity score 55, Final score 70, AI confidence 81, Setup fit 96, Trend quality 90, ML 65, Catalyst 45, Regime 100, Memory 98, Anomaly 56, Confidence 81. NVDA matches EMA + VWAP + ORB. EMA 9/21/50 stack is aligned. price is holding above VWAP. volume is expanding. SPY regime is supportive. predicted win probability 0%. expected return 0.00R. Model rejects the trade because win probability is too low., AI decision Qualified",1.6,1125558,153.22,7.88,5.44,0.7,True,True,False,True,True,False,True,True,True,True,none
170.38,160.02,191.1,169.87,end_of_day,99,-50.49,-0.05,6.08,-0.3,NVDA,Momentum Price Action Trend,Momentum + Price Action Trend,EMA + VWAP + Previous Day High,Signal Selector -> Policy Critic -> Risk Governor -> Execution Router,Approved,Bracket Order / Core Session,Setup EMA + VWAP + Previous Day High -> Policy Approved -> Entry 170.38 / Stop 160.02 / Target 191.10 -> Route Bracket Order / Core Session,2022-07-19,80,76,45,100,55,71,82,HeavyTradingModel-v2,0.0,0.0,Qualified,"Volume accelerating, EMA stack intact, Above VWAP, Intraday expansion, Close near high, Not extended from EMA 9, ORB confirmed, Setup: EMA + VWAP + Previous Day High, Breakout via previous_day_high, SPY above VWAP, ML score 76, Catalyst score 45, Regime score 100, Liquidity score 55, Final score 71, AI confidence 82, Setup fit 92, Trend quality 96, ML 76, Catalyst 45, Regime 100, Memory 96, Anomaly 38, Confidence 82. NVDA matches EMA + VWAP + Previous Day High. EMA 9/21/50 stack is aligned. price is holding above VWAP. volume is expanding. SPY regime is supportive. breakout is confirmed through previous day high. predicted win probability 0%. expected return 0.00R. Model rejects the trade because win probability is too low., AI decision Qualified",0.9,1110582,170.38,7.66,3.95,0.63,True,True,True,True,True,True,True,False,False,True,previous_day_high
177.36,161.74,208.6,178.03,end_of_day,65,43.55,0.04,8.81,0.38,NVDA,Momentum Price Action Trend,Momentum + Price Action Trend,EMA + VWAP + ORB,Signal Selector -> Policy Critic -> Risk Governor -> Execution Router,Approved,Bracket Order / Core Session,Setup EMA + VWAP + ORB -> Policy Approved -> Entry 177.36 / Stop 161.74 / Target 208.60 -> Route Bracket Order / Core Session,2022-07-20,90,80,45,100,55,74,85,HeavyTradingModel-v2,0.0,0.0,Qualified,"Volume accelerating, EMA stack intact, Above VWAP, Intraday expansion, Close near high, Not extended from EMA 9, First 5m bullish, First 5m above VWAP, ORB confirmed, Setup: EMA + VWAP + ORB, Breakout via previous_day_high, SPY above VWAP, ML score 80, Catalyst score 45, Regime score 100, Liquidity score 55, Final score 74, AI confidence 85, Setup fit 96, Trend quality 98, ML 80, Catalyst 45, Regime 100, Memory 95, Anomaly 53, Confidence 85. NVDA matches EMA + VWAP + ORB. EMA 9/21/50 stack is aligned. price is holding above VWAP. volume is expanding. SPY regime is supportive. breakout is confirmed through previous day high. predicted win probability 0%. expected return 0.00R. Model rejects the trade because win probability is too low., AI decision Qualified",1.69,1123811,177.36,7.89,4.41,1.28,True,True,True,True,True,True,True,True,True,True,previous_day_high
180.85,168.07,206.42,180.5,end_of_day,80,-28.0,-0.03,7.07,-0.19,NVDA,Momentum Price Action Trend,Momentum + Price Action Trend,EMA + VWAP + ORB,Signal Selector -> Policy Critic -> Risk Governor -> Execution Router,Approved,Bracket Order / Core Session,Setup EMA + VWAP + ORB -> Policy Approved -> Entry 180.85 / Stop 168.07 / Target 206.42 -> Route Bracket Order / Core Session,2022-07-21,90,74,45,100,55,71,82,HeavyTradingModel-v2,0.0,0.0,Qualified,"Volume accelerating, EMA stack intact, Above VWAP, Intraday expansion, Close near high, Not extended from EMA 9, First 5m bullish, First 5m above VWAP, ORB confirmed, Setup: EMA + VWAP + ORB, Breakout via premarket_high, SPY above VWAP, ML score 74, Catalyst score 45, Regime score 100, Liquidity score 55, Final score 71, AI confidence 82, Setup fit 96, Trend quality 88, ML 74, Catalyst 45, Regime 100, Memory 97, Anomaly 44, Confidence 82. NVDA matches EMA + VWAP + ORB. EMA 9/21/50 stack is aligned. price is holding above VWAP. volume is expanding. SPY regime is supportive. breakout is confirmed through premarket high. predicted win probability 0%. expected return 0.00R. Model rejects the trade because win probability is too low., AI decision Qualified",1.21,1107307,180.85,7.8,1.55,0.77,True,True,True,True,True,True,True,True,True,True,premarket_high
174.19,164.82,192.93,177.83,end_of_day,109,396.76,0.39,5.38,2.09,NVDA,Momentum Price Action Trend,Momentum + Price Action Trend,EMA + VWAP + ORB,Signal Selector -> Policy Critic -> Risk Governor -> Execution Router,Approved,Bracket Order / Core Session,Setup EMA + VWAP + ORB -> Policy Approved -> Entry 174.19 / Stop 164.82 / Target 192.93 -> Route Bracket Order / Core Session,2022-07-27,90,76,45,100,55,72,83,HeavyTradingModel-v2,0.0,0.0,Qualified,"Volume accelerating, EMA stack intact, Above VWAP, Intraday expansion, Close near high, Not extended from EMA 9, First 5m bullish, First 5m above VWAP, ORB confirmed, Setup: EMA + VWAP + ORB, Breakout via previous_day_high, SPY above VWAP, ML score 76, Catalyst score 45, Regime score 100, Liquidity score 55, Final score 72, AI confidence 83, Setup fit 96, Trend quality 92, ML 76, Catalyst 45, Regime 100, Memory 96, Anomaly 47, Confidence 83. NVDA matches EMA + VWAP + ORB. EMA 9/21/50 stack is aligned. price is holding above VWAP. volume is expanding. SPY regime is supportive. breakout is confirmed through previous day high. predicted win probability 0%. expected return 0.00R. Model rejects the trade because win probability is too low., AI decision Qualified",1.46,1097644,174.19,8.16,2.61,0.28,True,True,True,True,True,True,True,True,True,True,previous_day_high
181.91,173.91,197.93,181.69,end_of_day,128,-28.16,-0.03,4.4,-0.12,NVDA,Momentum Price Action Trend,Momentum + Price Action Trend,EMA + VWAP + ORB,Signal Selector -> Policy Critic -> Risk Governor -> Execution Router,Approved,Bracket Order / Core Session,Setup EMA + VWAP + ORB -> Policy Approved -> Entry 181.91 / Stop 173.91 / Target 197.93 -> Route Bracket Order / Core Session,2022-07-29,90,76,45,100,55,72,83,HeavyTradingModel-v2,0.0,0.0,Qualified,"Volume accelerating, EMA stack intact, Above VWAP, Intraday expansion, Close near high, Not extended from EMA 9, First 5m bullish, First 5m above VWAP, ORB confirmed, Setup: EMA + VWAP + ORB, Breakout via previous_day_high, SPY above VWAP, ML score 76, Catalyst score 45, Regime score 100, Liquidity score 55, Final score 72, AI confidence 83, Setup fit 96, Trend quality 91, ML 76, Catalyst 45, Regime 100, Memory 99, Anomaly 46, Confidence 83. NVDA matches EMA + VWAP + ORB. EMA 9/21/50 stack is aligned. price is holding above VWAP. volume is expanding. SPY regime is supportive. breakout is confirmed through previous day high. predicted win probability 0%. expected return 0.00R. Model rejects the trade because win probability is too low., AI decision Qualified",0.99,1062152,181.91,8.01,2.28,0.82,True,True,True,True,True,True,True,True,True,True,previous_day_high
187.13,176.96,207.48,184.38,end_of_day,101,-277.75,-0.27,5.43,-1.47,NVDA,Momentum Price Action Trend,Momentum + Price Action Trend,EMA + VWAP + ORB,Signal Selector -> Policy Critic -> Risk Governor -> Execution Router,Approved,Bracket Order / Core Session,Setup EMA + VWAP + ORB -> Policy Approved -> Entry 187.13 / Stop 176.96 / Target 207.48 -> Route Bracket Order / Core Session,2022-08-01,110,86,45,100,70,77,86,HeavyTradingModel-v2,0.0,0.0,Qualified,"RVOL strong, Volume accelerating, EMA stack intact, Above VWAP, Intraday expansion, Close near high, Not extended from EMA 9, First 5m bullish, First 5m above VWAP, ORB confirmed, Setup: EMA + VWAP + ORB, Breakout via previous_day_high, SPY above VWAP, ML score 86, Catalyst score 45, Regime score 100, Liquidity score 70, Final score 77, AI confidence 86, Setup fit 96, Trend quality 96, ML 86, Catalyst 45, Regime 100, Memory 98, Anomaly 54, Confidence 86. NVDA matches EMA + VWAP + ORB. EMA 9/21/50 stack is aligned. price is holding above VWAP. volume is expanding. SPY regime is supportive. breakout is confirmed through previous day high. predicted win probability 0%. expected return 0.00R. Model rejects the trade because win probability is too low., AI decision Qualified",3.05,1049210,187.13,8.22,3.66,1.67,True,True,True,True,True,True,True,True,True,True,previous_day_high
188.55,179.96,205.73,185.31,end_of_day,119,-385.56,-0.38,4.56,-1.72,NVDA,Momentum Price Action Trend,Momentum + Price Action Trend,EMA + VWAP + ORB,Signal Selector -> Policy Critic -> Risk Governor -> Execution Router,Approved,Bracket Order / Core Session,Setup EMA + VWAP + ORB -> Policy Approved -> Entry 188.55 / Stop 179.96 / Target 205.73 -> Route Bracket Order / Core Session,2022-08-02,90,77,45,100,55,73,83,HeavyTradingModel-v2,0.0,0.0,Qualified,"Volume accelerating, EMA stack intact, Above VWAP, Intraday expansion, Close near high, Not extended from EMA 9, First 5m bullish, First 5m above VWAP, ORB confirmed, Setup: EMA + VWAP + ORB, Breakout via previous_day_high, SPY above VWAP, ML score 77, Catalyst score 45, Regime score 100, Liquidity score 55, Final score 73, AI confidence 83, Setup fit 96, Trend quality 93, ML 77, Catalyst 45, Regime 100, Memory 96, Anomaly 48, Confidence 83. NVDA matches EMA + VWAP + ORB. EMA 9/21/50 stack is aligned. price is holding above VWAP. volume is expanding. SPY regime is supportive. breakout is confirmed through previous day high. predicted win probability 0%. expected return 0.00R. Model rejects the trade because win probability is too low., AI decision Qualified",0.81,1021533,188.55,8.17,2.99,1.03,True,True,True,True,True,True,True,True,True,True,previous_day_high
185.09,176.85,201.56,188.93,end_of_day,124,475.54,0.47,4.45,2.07,NVDA,Momentum Price Action Trend,Momentum + Price Action Trend,EMA + VWAP + ORB,Signal Selector -> Policy Critic -> Risk Governor -> Execution Router,Approved,Bracket Order / Core Session,Setup EMA + VWAP + ORB -> Policy Approved -> Entry 185.09 / Stop 176.85 / Target 201.56 -> Route Bracket Order / Core Session,2022-08-03,90,73,45,100,55,70,81,HeavyTradingModel-v2,0.0,0.0,Qualified,"Volume accelerating, EMA stack intact, Above VWAP, Intraday expansion, Close near high, Not extended from EMA 9, First 5m bullish, First 5m above VWAP, ORB confirmed, Setup: EMA + VWAP + ORB, Breakout via premarket_high, SPY above VWAP, ML score 73, Catalyst score 45, Regime score 100, Liquidity score 55, Final score 70, AI confidence 81, Setup fit 96, Trend quality 87, ML 73, Catalyst 45, Regime 100, Memory 95, Anomaly 42, Confidence 81. NVDA matches EMA + VWAP + ORB. EMA 9/21/50 stack is aligned. price is holding above VWAP. volume is expanding. SPY regime is supportive. breakout is confirmed through premarket high. predicted win probability 0%. expected return 0.00R. Model rejects the trade because win probability is too low., AI decision Qualified",1.39,1008186,185.09,8.24,0.97,0.22,True,True,True,True,True,True,True,True,True,True,premarket_high
180.57,167.26,207.19,180.86,end_of_day,77,22.33,0.02,7.37,0.16,NVDA,Momentum Price Action Trend,Momentum + Price Action Trend,EMA + VWAP + Premarket High,Signal Selector -> Policy Critic -> Risk Governor -> Execution Router,Approved,Bracket Order / Core Session,Setup EMA + VWAP + Premarket High -> Policy Approved -> Entry 180.57 / Stop 167.26 / Target 207.19 -> Route Bracket Order / Core Session,2022-08-10,80,75,45,100,55,70,81,HeavyTradingModel-v2,0.0,0.0,Qualified,"Volume accelerating, EMA stack intact, Above VWAP, Intraday expansion, Close near high, Not extended from EMA 9, ORB confirmed, Setup: EMA + VWAP + Premarket High, Breakout via premarket_high, SPY above VWAP, ML score 75, Catalyst score 45, Regime score 100, Liquidity score 55, Final score 70, AI confidence 81, Setup fit 92, Trend quality 94, ML 75, Catalyst 45, Regime 100, Memory 98, Anomaly 35, Confidence 81. NVDA matches EMA + VWAP + Premarket High. EMA 9/21/50 stack is aligned. price is holding above VWAP. volume is expanding. SPY regime is supportive. breakout is confirmed through premarket high. predicted win probability 0%. expected return 0.00R. Model rejects the trade because win probability is too low., AI decision Qualified",0.9,1061322,180.57,8.71,3.1,0.4,True,True,True,True,True,True,True,False,False,True,premarket_high
185.81,173.19,211.05,179.44,end_of_day,81,-515.97,-0.5,6.79,-3.43,NVDA,Momentum Price Action Trend,Momentum + Price Action Trend,EMA + VWAP + ORB,Signal Selector -> Policy Critic -> Risk Governor -> Execution Router,Approved,Bracket Order / Core Session,Setup EMA + VWAP + ORB -> Policy Approved -> Entry 185.81 / Stop 173.19 / Target 211.05 -> Route Bracket Order / Core Session,2022-08-11,90,77,45,100,55,73,84,HeavyTradingModel-v2,0.0,0.0,Qualified,"Volume accelerating, EMA stack intact, Above VWAP, Intraday expansion, Close near high, Not extended from EMA 9, First 5m bullish, First 5m above VWAP, ORB confirmed, Setup: EMA + VWAP + ORB, Breakout via previous_day_high, SPY above VWAP, ML score 77, Catalyst score 45, Regime score 100, Liquidity score 55, Final score 73, AI confidence 84, Setup fit 96, Trend quality 94, ML 77, Catalyst 45, Regime 100, Memory 99, Anomaly 49, Confidence 84. NVDA matches EMA + VWAP + ORB. EMA 9/21/50 stack is aligned. price is holding above VWAP. volume is expanding. SPY regime is supportive. breakout is confirmed through previous day high. predicted win probability 0%. expected return 0.00R. Model rejects the trade because win probability is too low., AI decision Qualified",1.99,1068857,185.81,8.64,3.14,1.43,True,True,True,True,True,True,True,True,True,True,previous_day_high
184.62,175.9,202.07,187.07,end_of_day,117,286.65,0.28,4.72,1.33,NVDA,Momentum Price Action Trend,Momentum + Price Action Trend,EMA + VWAP + ORB,Signal Selector -> Policy Critic -> Risk Governor -> Execution Router,Approved,Bracket Order / Core Session,Setup EMA + VWAP + ORB -> Policy Approved -> Entry 184.62 / Stop 175.90 / Target 202.07 -> Route Bracket Order / Core Session,2022-08-12,90,76,45,100,55,72,83,HeavyTradingModel-v2,0.0,0.0,Qualified,"Volume accelerating, EMA stack intact, Above VWAP, Intraday expansion, Close near high, Not extended from EMA 9, First 5m bullish, First 5m above VWAP, ORB confirmed, Setup: EMA + VWAP + ORB, Breakout via premarket_high, SPY above VWAP, ML score 76, Catalyst score 45, Regime score 100, Liquidity score 55, Final score 72, AI confidence 83, Setup fit 96, Trend quality 92, ML 76, Catalyst 45, Regime 100, Memory 97, Anomaly 47, Confidence 83. NVDA matches EMA + VWAP + ORB. EMA 9/21/50 stack is aligned. price is holding above VWAP. volume is expanding. SPY regime is supportive. breakout is confirmed through premarket high. predicted win probability 0%. expected return 0.00R. Model rejects the trade because win probability is too low., AI decision Qualified",1.32,1073870,184.62,8.72,2.46,0.33,True,True,True,True,True,True,True,True,True,True,premarket_high
172.5,163.93,189.64,179.29,end_of_day,119,808.01,0.79,4.97,3.94,NVDA,Momentum Price Action Trend,Momentum + Price Action Trend,EMA + VWAP + ORB,Signal Selector -> Policy Critic -> Risk Governor -> Execution Router,Approved,Bracket Order / Core Session,Setup EMA + VWAP + ORB -> Policy Approved -> Entry 172.50 / Stop 163.93 / Target 189.64 -> Route Bracket Order / Core Session,2022-08-25,110,91,45,100,80,80,86,HeavyTradingModel-v2,0.0,0.0,Qualified,"RVOL strong, Volume accelerating, EMA stack intact, Above VWAP, Intraday expansion, Close near high, Not extended from EMA 9, First 5m bullish, First 5m above VWAP, ORB confirmed, Setup: EMA + VWAP + ORB, Breakout via premarket_high, SPY above VWAP, ML score 91, Catalyst score 45, Regime score 100, Liquidity score 80, Final score 80, AI confidence 86, Setup fit 96, Trend quality 88, ML 91, Catalyst 45, Regime 100, Memory 99, Anomaly 61, Confidence 86. NVDA matches EMA + VWAP + ORB. EMA 9/21/50 stack is aligned. price is holding above VWAP. volume is expanding. SPY regime is supportive. breakout is confirmed through premarket high. predicted win probability 0%. expected return 0.00R. Model rejects the trade because win probability is too low., AI decision Qualified",5.35,1000964,172.5,8.57,1.44,1.06,True,True,True,True,True,True,True,True,True,True,premarket_high
137.36,129.09,153.9,139.91,end_of_day,125,318.75,0.31,6.02,1.86,NVDA,Momentum Price Action Trend,Momentum + Price Action Trend,EMA + VWAP + ORB,Signal Selector -> Policy Critic -> Risk Governor -> Execution Router,Approved,Bracket Order / Core Session,Setup EMA + VWAP + ORB -> Policy Approved -> Entry 137.36 / Stop 129.09 / Target 153.90 -> Route Bracket Order / Core Session,2022-09-08,85,71,45,100,55,71,80,HeavyTradingModel-v2,0.0,0.0,Qualified,"Volume accelerating, EMA stack intact, Above VWAP, Intraday expansion, Not extended from EMA 9, First 5m bullish, First 5m above VWAP, ORB confirmed, Setup: EMA + VWAP + ORB, Breakout via premarket_high, SPY above VWAP, ML score 71, Catalyst score 45, Regime score 100, Liquidity score 55, Final score 71, AI confidence 80, Setup fit 96, Trend quality 81, ML 71, Catalyst 45, Regime 100, Memory 100, Anomaly 46, Confidence 80. NVDA matches EMA + VWAP + ORB. EMA 9/21/50 stack is aligned. price is holding above VWAP. volume is expanding. SPY regime is supportive. breakout is confirmed through premarket high. predicted win probability 0%. expected return 0.00R. Model rejects the trade because win probability is too low., AI decision Qualified",1.37,1167571,137.36,8.27,2.36,0.44,True,True,True,True,True,False,True,True,True,True,premarket_high
135.84,129.17,149.19,132.61,end_of_day,155,-500.65,-0.48,4.91,-2.38,NVDA,Momentum Price Action Trend,Momentum + Price Action Trend,EMA + VWAP + Previous Day High,Signal Selector -> Policy Critic -> Risk Governor -> Execution Router,Approved,Bracket Order / Core Session,Setup EMA + VWAP + Previous Day High -> Policy Approved -> Entry 135.84 / Stop 129.17 / Target 149.19 -> Route Bracket Order / Core Session,2022-09-21,80,76,45,100,55,71,82,HeavyTradingModel-v2,0.0,0.0,Qualified,"Volume accelerating, EMA stack intact, Above VWAP, Intraday expansion, Close near high, Not extended from EMA 9, First 5m bullish, ORB confirmed, Setup: EMA + VWAP + Previous Day High, Breakout via previous_day_high, SPY above VWAP, ML score 76, Catalyst score 45, Regime score 100, Liquidity score 55, Final score 71, AI confidence 82, Setup fit 92, Trend quality 95, ML 76, Catalyst 45, Regime 100, Memory 100, Anomaly 36, Confidence 82. NVDA matches EMA + VWAP + Previous Day High. EMA 9/21/50 stack is aligned. price is holding above VWAP. volume is expanding. SPY regime is supportive. breakout is confirmed through previous day high. predicted win probability 0%. expected return 0.00R. Model rejects the trade because win probability is too low., AI decision Qualified",0.71,1351834,135.84,6.67,3.56,0.41,True,True,True,True,True,True,True,True,False,True,previous_day_high
127.38,121.66,138.83,127.3,end_of_day,180,-15.3,-0.01,4.49,-0.07,NVDA,Momentum Price Action Trend,Momentum + Price Action Trend,EMA + VWAP + ORB,Signal Selector -> Policy Critic -> Risk Governor -> Execution Router,Approved,Bracket Order / Core Session,Setup EMA + VWAP + ORB -> Policy Approved -> Entry 127.38 / Stop 121.66 / Target 138.83 -> Route Bracket Order / Core Session,2022-09-28,90,77,45,100,55,73,83,HeavyTradingModel-v2,0.0,0.0,Qualified,"Volume accelerating, EMA stack intact, Above VWAP, Intraday expansion, Close near high, Not extended from EMA 9, First 5m bullish, First 5m above VWAP, ORB confirmed, Setup: EMA + VWAP + ORB, Breakout via previous_day_high, SPY above VWAP, ML score 77, Catalyst score 45, Regime score 100, Liquidity score 55, Final score 73, AI confidence 83, Setup fit 96, Trend quality 93, ML 77, Catalyst 45, Regime 100, Memory 100, Anomaly 48, Confidence 83. NVDA matches EMA + VWAP + ORB. EMA 9/21/50 stack is aligned. price is holding above VWAP. volume is expanding. SPY regime is supportive. breakout is confirmed through previous day high. predicted win probability 0%. expected return 0.00R. Model rejects the trade because win probability is too low., AI decision Qualified",0.72,1349824,127.38,5.72,2.92,0.3,True,True,True,True,True,True,True,True,True,True,previous_day_high
130.21,121.1,148.43,131.69,end_of_day,113,167.24,0.16,7.0,1.14,NVDA,Momentum Price Action Trend,Momentum + Price Action Trend,EMA + VWAP + ORB,Signal Selector -> Policy Critic -> Risk Governor -> Execution Router,Approved,Bracket Order / Core Session,Setup EMA + VWAP + ORB -> Policy Approved -> Entry 130.21 / Stop 121.10 / Target 148.43 -> Route Bracket Order / Core Session,2022-10-04,105,75,45,100,70,72,80,HeavyTradingModel-v2,0.0,0.0,Qualified,"RVOL strong, Volume accelerating, EMA stack intact, Above VWAP, Intraday expansion, Not extended from EMA 9, First 5m bullish, First 5m above VWAP, ORB confirmed, Setup: EMA + VWAP + ORB, Breakout via previous_day_high, SPY above VWAP, ML score 75, Catalyst score 45, Regime score 100, Liquidity score 70, Final score 72, AI confidence 80, Setup fit 96, Trend quality 75, ML 75, Catalyst 45, Regime 100, Memory 100, Anomaly 43, Confidence 80. NVDA matches EMA + VWAP + ORB. EMA 9/21/50 stack is aligned. price is holding above VWAP. volume is expanding. SPY regime is supportive. breakout is confirmed through previous day high. predicted win probability 0%. expected return 0.00R. Model rejects the trade because win probability is too low., AI decision Qualified",2.95,1216385,130.21,5.72,0.53,0.4,True,True,True,True,True,False,True,True,True,True,previous_day_high
132.5,126.58,144.32,132.09,end_of_day,174,-71.34,-0.07,4.47,-0.31,NVDA,Momentum Price Action Trend,Momentum + Price Action Trend,EMA + VWAP + Previous Day High,Signal Selector -> Policy Critic -> Risk Governor -> Execution Router,Approved,Bracket Order / Core Session,Setup EMA + VWAP + Previous Day High -> Policy Approved -> Entry 132.50 / Stop 126.58 / Target 144.32 -> Route Bracket Order / Core Session,2022-10-05,80,74,45,100,55,70,81,HeavyTradingModel-v2,0.0,0.0,Qualified,"Volume accelerating, EMA stack intact, Above VWAP, Intraday expansion, Close near high, Not extended from EMA 9, ORB confirmed, Setup: EMA + VWAP + Previous Day High, Breakout via previous_day_high, SPY above VWAP, ML score 74, Catalyst score 45, Regime score 100, Liquidity score 55, Final score 70, AI confidence 81, Setup fit 92, Trend quality 92, ML 74, Catalyst 45, Regime 100, Memory 100, Anomaly 33, Confidence 81. NVDA matches EMA + VWAP + Previous Day High. EMA 9/21/50 stack is aligned. price is holding above VWAP. volume is expanding. SPY regime is supportive. breakout is confirmed through previous day high. predicted win probability 0%. expected return 0.00R. Model rejects the trade because win probability is too low., AI decision Qualified",0.77,1222956,132.5,5.91,2.53,0.72,True,True,True,True,True,True,True,False,False,True,previous_day_high
119.43,108.53,141.23,119.62,end_of_day,94,17.86,0.02,9.13,0.16,NVDA,Momentum Price Action Trend,Momentum + Price Action Trend,EMA + VWAP + ORB,Signal Selector -> Policy Critic -> Risk Governor -> Execution Router,Approved,Bracket Order / Core Session,Setup EMA + VWAP + ORB -> Policy Approved -> Entry 119.43 / Stop 108.53 / Target 141.23 -> Route Bracket Order / Core Session,2022-10-13,85,78,45,100,55,76,85,HeavyTradingModel-v2,0.0,0.0,Qualified,"Volume accelerating, EMA stack intact, Above VWAP, Intraday expansion, Not extended from EMA 9, First 5m bullish, First 5m above VWAP, ORB confirmed, Setup: EMA + VWAP + ORB, Breakout via previous_day_high, SPY above VWAP, ML score 78, Catalyst score 45, Regime score 100, Liquidity score 55, Final score 76, AI confidence 85, Setup fit 96, Trend quality 90, ML 78, Catalyst 45, Regime 100, Memory 100, Anomaly 65, Confidence 85. NVDA matches EMA + VWAP + ORB. EMA 9/21/50 stack is aligned. price is holding above VWAP. volume is expanding. SPY regime is supportive. breakout is confirmed through previous day high. predicted win probability 0%. expected return 0.00R. Model rejects the trade because win probability is too low., AI decision Qualified",1.93,1305108,119.43,6.63,9.7,1.7,True,True,True,True,True,False,True,True,True,True,previous_day_high
118.95,111.85,133.15,118.89,end_of_day,145,-8.7,-0.01,5.97,-0.05,NVDA,Momentum Price Action Trend,Momentum + Price Action Trend,EMA + VWAP + ORB,Signal Selector -> Policy Critic -> Risk Governor -> Execution Router,Approved,Bracket Order / Core Session,Setup EMA + VWAP + ORB -> Policy Approved -> Entry 118.95 / Stop 111.85 / Target 133.15 -> Route Bracket Order / Core Session,2022-10-17,90,74,45,100,55,71,82,HeavyTradingModel-v2,0.0,0.0,Qualified,"Volume accelerating, EMA stack intact, Above VWAP, Intraday expansion, Close near high, Not extended from EMA 9, First 5m bullish, First 5m above VWAP, ORB confirmed, Setup: EMA + VWAP + ORB, Breakout via premarket_high, SPY above VWAP, ML score 74, Catalyst score 45, Regime score 100, Liquidity score 55, Final score 71, AI confidence 82, Setup fit 96, Trend quality 88, ML 74, Catalyst 45, Regime 100, Memory 100, Anomaly 43, Confidence 82. NVDA matches EMA + VWAP + ORB. EMA 9/21/50 stack is aligned. price is holding above VWAP. volume is expanding. SPY regime is supportive. breakout is confirmed through premarket high. predicted win probability 0%. expected return 0.00R. Model rejects the trade because win probability is too low., AI decision Qualified",0.93,1320632,118.95,7.1,1.45,0.29,True,True,True,True,True,True,True,True,True,True,premarket_high
123.55,116.22,138.22,124.61,end_of_day,140,148.4,0.14,5.93,0.86,NVDA,Momentum Price Action Trend,Momentum + Price Action Trend,EMA + VWAP + Premarket High,Signal Selector -> Policy Critic -> Risk Governor -> Execution Router,Approved,Bracket Order / Core Session,Setup EMA + VWAP + Premarket High -> Policy Approved -> Entry 123.55 / Stop 116.22 / Target 138.22 -> Route Bracket Order / Core Session,2022-10-21,80,74,45,100,55,70,81,HeavyTradingModel-v2,0.0,0.0,Qualified,"Volume accelerating, EMA stack intact, Above VWAP, Intraday expansion, Close near high, Not extended from EMA 9, ORB confirmed, Setup: EMA + VWAP + Premarket High, Breakout via premarket_high, SPY above VWAP, ML score 74, Catalyst score 45, Regime score 100, Liquidity score 55, Final score 70, AI confidence 81, Setup fit 92, Trend quality 92, ML 74, Catalyst 45, Regime 100, Memory 100, Anomaly 33, Confidence 81. NVDA matches EMA + VWAP + Premarket High. EMA 9/21/50 stack is aligned. price is holding above VWAP. volume is expanding. SPY regime is supportive. breakout is confirmed through premarket high. predicted win probability 0%. expected return 0.00R. Model rejects the trade because win probability is too low., AI decision Qualified",1.05,1234086,123.55,7.33,2.68,1.06,True,True,True,True,True,True,True,False,False,True,premarket_high
124.99,117.7,139.57,126.0,end_of_day,141,142.41,0.14,5.83,0.81,NVDA,Momentum Price Action Trend,Momentum + Price Action Trend,EMA + VWAP + ORB,Signal Selector -> Policy Critic -> Risk Governor -> Execution Router,Approved,Bracket Order / Core Session,Setup EMA + VWAP + ORB -> Policy Approved -> Entry 124.99 / Stop 117.70 / Target 139.57 -> Route Bracket Order / Core Session,2022-10-24,90,75,45,100,55,72,82,HeavyTradingModel-v2,0.0,0.0,Qualified,"Volume accelerating, EMA stack intact, Above VWAP, Intraday expansion, Close near high, Not extended from EMA 9, First 5m bullish, First 5m above VWAP, ORB confirmed, Setup: EMA + VWAP + ORB, Breakout via previous_day_high, SPY above VWAP, ML score 75, Catalyst score 45, Regime score 100, Liquidity score 55, Final score 72, AI confidence 82, Setup fit 96, Trend quality 89, ML 75, Catalyst 45, Regime 100, Memory 100, Anomaly 44, Confidence 82. NVDA matches EMA + VWAP + ORB. EMA 9/21/50 stack is aligned. price is holding above VWAP. volume is expanding. SPY regime is supportive. breakout is confirmed through previous day high. predicted win probability 0%. expected return 0.00R. Model rejects the trade because win probability is too low., AI decision Qualified",1.25,1239678,124.99,7.29,1.67,0.72,True,True,True,True,True,True,True,True,True,True,previous_day_high
130.32,120.65,149.67,131.0,end_of_day,107,72.76,0.07,7.42,0.52,NVDA,Momentum Price Action Trend,Momentum + Price Action Trend,EMA + VWAP + ORB,Signal Selector -> Policy Critic -> Risk Governor -> Execution Router,Approved,Bracket Order / Core Session,Setup EMA + VWAP + ORB -> Policy Approved -> Entry 130.32 / Stop 120.65 / Target 149.67 -> Route Bracket Order / Core Session,2022-10-25,110,80,45,100,70,74,83,HeavyTradingModel-v2,0.0,0.0,Qualified,"RVOL strong, Volume accelerating, EMA stack intact, Above VWAP, Intraday expansion, Close near high, Not extended from EMA 9, First 5m bullish, First 5m above VWAP, ORB confirmed, Setup: EMA + VWAP + ORB, Breakout via previous_day_high, SPY above VWAP, ML score 80, Catalyst score 45, Regime score 100, Liquidity score 70, Final score 74, AI confidence 83, Setup fit 96, Trend quality 89, ML 80, Catalyst 45, Regime 100, Memory 100, Anomaly 44, Confidence 83. NVDA matches EMA + VWAP + ORB. EMA 9/21/50 stack is aligned. price is holding above VWAP. volume is expanding. SPY regime is supportive. breakout is confirmed through previous day high. predicted win probability 0%. expected return 0.00R. Model rejects the trade because win probability is too low., AI decision Qualified",2.58,1234825,130.32,7.29,1.63,0.97,True,True,True,True,True,True,True,True,True,True,previous_day_high
133.55,126.16,148.33,128.96,end_of_day,140,-642.6,-0.62,5.53,-3.44,NVDA,Momentum Price Action Trend,Momentum + Price Action Trend,EMA + VWAP + ORB,Signal Selector -> Policy Critic -> Risk Governor -> Execution Router,Approved,Bracket Order / Core Session,Setup EMA + VWAP + ORB -> Policy Approved -> Entry 133.55 / Stop 126.16 / Target 148.33 -> Route Bracket Order / Core Session,2022-10-26,90,80,45,100,55,75,85,HeavyTradingModel-v2,0.0,0.0,Qualified,"Volume accelerating, EMA stack intact, Above VWAP, Intraday expansion, Close near high, Not extended from EMA 9, First 5m bullish, First 5m above VWAP, ORB confirmed, Setup: EMA + VWAP + ORB, Breakout via previous_day_high, SPY above VWAP, ML score 80, Catalyst score 45, Regime score 100, Liquidity score 55, Final score 75, AI confidence 85, Setup fit 96, Trend quality 98, ML 80, Catalyst 45, Regime 100, Memory 100, Anomaly 53, Confidence 85. NVDA matches EMA + VWAP + ORB. EMA 9/21/50 stack is aligned. price is holding above VWAP. volume is expanding. SPY regime is supportive. breakout is confirmed through previous day high. predicted win probability 0%. expected return 0.00R. Model rejects the trade because win probability is too low., AI decision Qualified",1.58,1242902,133.55,7.39,4.43,0.52,True,True,True,True,True,True,True,True,True,True,previous_day_high
141.04,133.88,155.37,133.88,stop_loss,143,-1023.88,-1.0,5.08,-5.08,NVDA,Momentum Price Action Trend,Momentum + Price Action Trend,EMA + VWAP + ORB,Signal Selector -> Policy Critic -> Risk Governor -> Execution Router,Approved,Bracket Order / Core Session,Setup EMA + VWAP + ORB -> Policy Approved -> Entry 141.04 / Stop 133.88 / Target 155.37 -> Route Bracket Order / Core Session,2022-11-02,85,72,45,100,55,72,81,HeavyTradingModel-v2,0.0,0.0,Qualified,"Volume accelerating, EMA stack intact, Above VWAP, Intraday expansion, Not extended from EMA 9, First 5m bullish, First 5m above VWAP, ORB confirmed, Setup: EMA + VWAP + ORB, Breakout via previous_day_high, SPY above VWAP, ML score 72, Catalyst score 45, Regime score 100, Liquidity score 55, Final score 72, AI confidence 81, Setup fit 96, Trend quality 84, ML 72, Catalyst 45, Regime 100, Memory 100, Anomaly 49, Confidence 81. NVDA matches EMA + VWAP + ORB. EMA 9/21/50 stack is aligned. price is holding above VWAP. volume is expanding. SPY regime is supportive. breakout is confirmed through previous day high. predicted win probability 0%. expected return 0.00R. Model rejects the trade because win probability is too low., AI decision Qualified",1.0,1320844,141.04,7.16,3.06,0.53,True,True,True,True,True,False,True,True,True,True,previous_day_high
149.83,137.6,174.29,157.45,end_of_day,83,632.46,0.62,8.16,5.09,NVDA,Momentum Price Action Trend,Momentum + Price Action Trend,EMA + VWAP + Premarket High,Signal Selector -> Policy Critic -> Risk Governor -> Execution Router,Approved,Bracket Order / Core Session,Setup EMA + VWAP + Premarket High -> Policy Approved -> Entry 149.83 / Stop 137.60 / Target 174.29 -> Route Bracket Order / Core Session,2022-11-10,100,82,45,100,70,73,82,HeavyTradingModel-v2,0.0,0.0,Qualified,"RVOL strong, Volume accelerating, EMA stack intact, Above VWAP, Intraday expansion, Close near high, Not extended from EMA 9, ORB confirmed, Setup: EMA + VWAP + Premarket High, Breakout via premarket_high, SPY above VWAP, ML score 82, Catalyst score 45, Regime score 100, Liquidity score 70, Final score 73, AI confidence 82, Setup fit 92, Trend quality 87, ML 82, Catalyst 45, Regime 100, Memory 100, Anomaly 37, Confidence 82. NVDA matches EMA + VWAP + Premarket High. EMA 9/21/50 stack is aligned. price is holding above VWAP. volume is expanding. SPY regime is supportive. breakout is confirmed through premarket high. predicted win probability 0%. expected return 0.00R. Model rejects the trade because win probability is too low., AI decision Qualified",3.81,1293816,149.83,8.06,1.2,1.18,True,True,True,True,True,True,True,False,False,True,premarket_high
160.7,145.52,191.06,163.31,end_of_day,67,174.87,0.17,9.45,1.62,NVDA,Momentum Price Action Trend,Momentum + Price Action Trend,EMA + VWAP + ORB,Signal Selector -> Policy Critic -> Risk Governor -> Execution Router,Approved,Bracket Order / Core Session,Setup EMA + VWAP + ORB -> Policy Approved -> Entry 160.70 / Stop 145.52 / Target 191.06 -> Route Bracket Order / Core Session,2022-11-11,85,73,45,100,55,72,81,HeavyTradingModel-v2,0.0,0.0,Qualified,"Volume accelerating, EMA stack intact, Above VWAP, Intraday expansion, Not extended from EMA 9, First 5m bullish, First 5m above VWAP, ORB confirmed, Setup: EMA + VWAP + ORB, Breakout via premarket_high, SPY above VWAP, ML score 73, Catalyst score 45, Regime score 100, Liquidity score 55, Final score 72, AI confidence 81, Setup fit 96, Trend quality 85, ML 73, Catalyst 45, Regime 100, Memory 100, Anomaly 49, Confidence 81. NVDA matches EMA + VWAP + ORB. EMA 9/21/50 stack is aligned. price is holding above VWAP. volume is expanding. SPY regime is supportive. breakout is confirmed through premarket high. predicted win probability 0%. expected return 0.00R. Model rejects the trade because win probability is too low., AI decision Qualified",1.34,1303948,160.7,8.23,3.28,0.38,True,True,True,True,True,False,True,True,True,True,premarket_high
162.21,154.19,178.25,156.82,end_of_day,128,-689.92,-0.67,4.94,-3.32,NVDA,Momentum Price Action Trend,Momentum + Price Action Trend,EMA + VWAP + Premarket High,Signal Selector -> Policy Critic -> Risk Governor -> Execution Router,Approved,Bracket Order / Core Session,Setup EMA + VWAP + Premarket High -> Policy Approved -> Entry 162.21 / Stop 154.19 / Target 178.25 -> Route Bracket Order / Core Session,2022-11-17,100,83,45,100,70,74,83,HeavyTradingModel-v2,0.0,0.0,Qualified,"RVOL strong, Volume accelerating, EMA stack intact, Above VWAP, Intraday expansion, Close near high, Not extended from EMA 9, First 5m above VWAP, ORB confirmed, Setup: EMA + VWAP + Premarket High, Breakout via premarket_high, SPY above VWAP, ML score 83, Catalyst score 45, Regime score 100, Liquidity score 70, Final score 74, AI confidence 83, Setup fit 92, Trend quality 93, ML 83, Catalyst 45, Regime 100, Memory 100, Anomaly 39, Confidence 83. NVDA matches EMA + VWAP + Premarket High. EMA 9/21/50 stack is aligned. price is holding above VWAP. volume is expanding. SPY regime is supportive. breakout is confirmed through premarket high. predicted win probability 0%. expected return 0.00R. Model rejects the trade because win probability is too low., AI decision Qualified",3.28,1347163,162.21,8.02,2.91,1.51,True,True,True,True,True,True,True,False,True,True,premarket_high
157.64,149.46,174.01,160.39,end_of_day,124,341.0,0.34,5.19,1.74,NVDA,Momentum Price Action Trend,Momentum + Price Action Trend,EMA + VWAP + Previous Day High,Signal Selector -> Policy Critic -> Risk Governor -> Execution Router,Approved,Bracket Order / Core Session,Setup EMA + VWAP + Previous Day High -> Policy Approved -> Entry 157.64 / Stop 149.46 / Target 174.01 -> Route Bracket Order / Core Session,2022-11-22,80,75,45,100,55,70,81,HeavyTradingModel-v2,0.0,0.0,Qualified,"Volume accelerating, EMA stack intact, Above VWAP, Intraday expansion, Close near high, Not extended from EMA 9, ORB confirmed, Setup: EMA + VWAP + Previous Day High, Breakout via previous_day_high, SPY above VWAP, ML score 75, Catalyst score 45, Regime score 100, Liquidity score 55, Final score 70, AI confidence 81, Setup fit 92, Trend quality 93, ML 75, Catalyst 45, Regime 100, Memory 100, Anomaly 34, Confidence 81. NVDA matches EMA + VWAP + Previous Day High. EMA 9/21/50 stack is aligned. price is holding above VWAP. volume is expanding. SPY regime is supportive. breakout is confirmed through previous day high. predicted win probability 0%. expected return 0.00R. Model rejects the trade because win probability is too low., AI decision Qualified",0.87,1294764,157.64,8.18,3.03,1.24,True,True,True,True,True,True,True,False,False,True,previous_day_high
164.44,151.22,190.88,165.26,end_of_day,77,63.14,0.06,8.04,0.5,NVDA,Momentum Price Action Trend,Momentum + Price Action Trend,EMA + VWAP + ORB,Signal Selector -> Policy Critic -> Risk Governor -> Execution Router,Approved,Bracket Order / Core Session,Setup EMA + VWAP + ORB -> Policy Approved -> Entry 164.44 / Stop 151.22 / Target 190.88 -> Route Bracket Order / Core Session,2022-11-23,85,69,45,100,55,70,79,HeavyTradingModel-v2,0.0,0.0,Qualified,"Volume accelerating, EMA stack intact, Above VWAP, Intraday expansion, Not extended from EMA 9, First 5m bullish, First 5m above VWAP, ORB confirmed, Setup: EMA + VWAP + ORB, Breakout via previous_day_high, SPY above VWAP, ML score 69, Catalyst score 45, Regime score 100, Liquidity score 55, Final score 70, AI confidence 79, Setup fit 96, Trend quality 78, ML 69, Catalyst 45, Regime 100, Memory 100, Anomaly 43, Confidence 79. NVDA matches EMA + VWAP + ORB. EMA 9/21/50 stack is aligned. price is holding above VWAP. volume is expanding. SPY regime is supportive. breakout is confirmed through previous day high. predicted win probability 0%. expected return 0.00R. Model rejects the trade because win probability is too low., AI decision Qualified",0.55,1268477,164.44,7.95,1.45,0.28,True,True,True,True,True,False,True,True,True,True,previous_day_high
164.56,155.22,183.24,169.28,end_of_day,109,514.48,0.51,5.68,2.87,NVDA,Momentum Price Action Trend,Momentum + Price Action Trend,EMA + VWAP + Previous Day High,Signal Selector -> Policy Critic -> Risk Governor -> Execution Router,Approved,Bracket Order / Core Session,Setup EMA + VWAP + Previous Day High -> Policy Approved -> Entry 164.56 / Stop 155.22 / Target 183.24 -> Route Bracket Order / Core Session,2022-11-30,80,75,45,100,55,71,81,HeavyTradingModel-v2,0.0,0.0,Qualified,"Volume accelerating, EMA stack intact, Above VWAP, Intraday expansion, Close near high, Not extended from EMA 9, First 5m above VWAP, ORB confirmed, Setup: EMA + VWAP + Previous Day High, Breakout via previous_day_high, SPY above VWAP, ML score 75, Catalyst score 45, Regime score 100, Liquidity score 55, Final score 71, AI confidence 81, Setup fit 92, Trend quality 94, ML 75, Catalyst 45, Regime 100, Memory 100, Anomaly 35, Confidence 81. NVDA matches EMA + VWAP + Previous Day High. EMA 9/21/50 stack is aligned. price is holding above VWAP. volume is expanding. SPY regime is supportive. breakout is confirmed through previous day high. predicted win probability 0%. expected return 0.00R. Model rejects the trade because win probability is too low., AI decision Qualified",0.84,1139582,164.56,7.91,3.24,0.41,True,True,True,True,True,True,True,False,True,True,previous_day_high
420.42,397.55,466.15,429.82,end_of_day,45,423.0,0.41,5.44,2.24,NVDA,Momentum Price Action Trend,Momentum + Price Action Trend,EMA + VWAP + Previous Day High,Signal Selector -> Policy Critic -> Risk Governor -> Execution Router,Approved,Bracket Order / Core Session,Setup EMA + VWAP + Previous Day High -> Policy Approved -> Entry 420.42 / Stop 397.55 / Target 466.15 -> Route Bracket Order / Core Session,2023-06-14,80,74,45,100,55,70,81,HeavyTradingModel-v2,0.0,0.0,Qualified,"Volume accelerating, EMA stack intact, Above VWAP, Intraday expansion, Close near high, Not extended from EMA 9, First 5m above VWAP, ORB confirmed, Setup: EMA + VWAP + Previous Day High, Breakout via previous_day_high, SPY above VWAP, ML score 74, Catalyst score 45, Regime score 100, Liquidity score 55, Final score 70, AI confidence 81, Setup fit 92, Trend quality 93, ML 74, Catalyst 45, Regime 100, Memory 100, Anomaly 34, Confidence 81. NVDA matches EMA + VWAP + Previous Day High. EMA 9/21/50 stack is aligned. price is holding above VWAP. volume is expanding. SPY regime is supportive. breakout is confirmed through previous day high. predicted win probability 0%. expected return 0.00R. Model rejects the trade because win probability is too low., AI decision Qualified",1.33,1035897,420.42,22.23,2.84,0.48,True,True,True,True,True,True,True,False,True,True,previous_day_high
429.03,405.59,475.91,426.56,end_of_day,44,-108.68,-0.11,5.46,-0.58,NVDA,Momentum Price Action Trend,Momentum + Price Action Trend,EMA + VWAP + ORB,Signal Selector -> Policy Critic -> Risk Governor -> Execution Router,Approved,Bracket Order / Core Session,Setup EMA + VWAP + ORB -> Policy Approved -> Entry 429.03 / Stop 405.59 / Target 475.91 -> Route Bracket Order / Core Session,2023-06-15,90,73,45,100,55,71,81,HeavyTradingModel-v2,0.0,0.0,Qualified,"Volume accelerating, EMA stack intact, Above VWAP, Intraday expansion, Close near high, Not extended from EMA 9, First 5m bullish, First 5m above VWAP, ORB confirmed, Setup: EMA + VWAP + ORB, Breakout via premarket_high, SPY above VWAP, ML score 73, Catalyst score 45, Regime score 100, Liquidity score 55, Final score 71, AI confidence 81, Setup fit 96, Trend quality 86, ML 73, Catalyst 45, Regime 100, Memory 100, Anomaly 41, Confidence 81. NVDA matches EMA + VWAP + ORB. EMA 9/21/50 stack is aligned. price is holding above VWAP. volume is expanding. SPY regime is supportive. breakout is confirmed through premarket high. predicted win probability 0%. expected return 0.00R. Model rejects the trade because win probability is too low., AI decision Qualified",1.76,1050493,429.03,16.65,0.86,0.51,True,True,True,True,True,True,True,True,True,True,premarket_high
428.78,414.96,456.41,430.22,end_of_day,74,106.56,0.1,3.22,0.34,NVDA,Momentum Price Action Trend,Momentum + Price Action Trend,EMA + VWAP + ORB,Signal Selector -> Policy Critic -> Risk Governor -> Execution Router,Approved,Bracket Order / Core Session,Setup EMA + VWAP + ORB -> Policy Approved -> Entry 428.78 / Stop 414.96 / Target 456.41 -> Route Bracket Order / Core Session,2023-06-22,90,73,45,100,55,71,81,HeavyTradingModel-v2,0.0,0.0,Qualified,"Volume accelerating, EMA stack intact, Above VWAP, Intraday expansion, Close near high, Not extended from EMA 9, First 5m bullish, First 5m above VWAP, ORB confirmed, Setup: EMA + VWAP + ORB, Breakout via premarket_high, SPY above VWAP, ML score 73, Catalyst score 45, Regime score 100, Liquidity score 55, Final score 71, AI confidence 81, Setup fit 96, Trend quality 86, ML 73, Catalyst 45, Regime 100, Memory 100, Anomaly 41, Confidence 81. NVDA matches EMA + VWAP + ORB. EMA 9/21/50 stack is aligned. price is holding above VWAP. volume is expanding. SPY regime is supportive. breakout is confirmed through premarket high. predicted win probability 0%. expected return 0.00R. Model rejects the trade because win probability is too low., AI decision Qualified",1.66,1096764,428.78,13.82,0.7,0.84,True,True,True,True,True,True,True,True,True,True,premarket_high
130.24,31.35,328.02,126.7,end_of_day,10,-35.4,-0.04,75.93,-2.72,NVDA,Momentum Price Action Trend,Momentum + Price Action Trend,EMA + VWAP + Premarket High,Signal Selector -> Policy Critic -> Risk Governor -> Execution Router,Approved,Bracket Order / Core Session,Setup EMA + VWAP + Premarket High -> Policy Approved -> Entry 130.24 / Stop 31.35 / Target 328.02 -> Route Bracket Order / Core Session,2024-06-21,95,82,45,100,80,74,81,HeavyTradingModel-v2,0.0,0.0,Qualified,"RVOL strong, Volume accelerating, EMA stack intact, Above VWAP, Intraday expansion, Not extended from EMA 9, ORB confirmed, Setup: EMA + VWAP + Premarket High, Breakout via premarket_high, SPY above VWAP, ML score 82, Catalyst score 45, Regime score 100, Liquidity score 80, Final score 74, AI confidence 81, Setup fit 92, Trend quality 78, ML 82, Catalyst 45, Regime 100, Memory 100, Anomaly 43, Confidence 81. NVDA matches EMA + VWAP + Premarket High. EMA 9/21/50 stack is aligned. price is holding above VWAP. volume is expanding. SPY regime is supportive. breakout is confirmed through premarket high. predicted win probability 0%. expected return 0.00R. Model rejects the trade because win probability is too low., AI decision Qualified",4.8,1447903,130.24,98.89,1.33,0.83,True,True,True,True,True,False,True,False,False,True,premarket_high
124.05,29.6,312.93,126.11,end_of_day,10,20.6,0.02,76.14,1.66,NVDA,Momentum Price Action Trend,Momentum + Price Action Trend,EMA + VWAP + Premarket High,Signal Selector -> Policy Critic -> Risk Governor -> Execution Router,Approved,Bracket Order / Core Session,Setup EMA + VWAP + Premarket High -> Policy Approved -> Entry 124.05 / Stop 29.60 / Target 312.93 -> Route Bracket Order / Core Session,2024-06-25,100,83,45,100,70,74,83,HeavyTradingModel-v2,0.0,0.0,Qualified,"RVOL strong, Volume accelerating, EMA stack intact, Above VWAP, Intraday expansion, Close near high, Not extended from EMA 9, ORB confirmed, Setup: EMA + VWAP + Premarket High, Breakout via premarket_high, SPY above VWAP, ML score 83, Catalyst score 45, Regime score 100, Liquidity score 70, Final score 74, AI confidence 83, Setup fit 92, Trend quality 93, ML 83, Catalyst 45, Regime 100, Memory 100, Anomaly 39, Confidence 83. NVDA matches EMA + VWAP + Premarket High. EMA 9/21/50 stack is aligned. price is holding above VWAP. volume is expanding. SPY regime is supportive. breakout is confirmed through premarket high. predicted win probability 0%. expected return 0.00R. Model rejects the trade because win probability is too low., AI decision Qualified",3.33,1693040,124.05,94.44,2.9,1.15,True,True,True,True,True,True,True,False,False,True,premarket_high
126.81,43.34,293.77,123.43,end_of_day,12,-40.56,-0.04,65.82,-2.67,NVDA,Momentum Price Action Trend,Momentum + Price Action Trend,EMA + VWAP + ORB,Signal Selector -> Policy Critic -> Risk Governor -> Execution Router,Approved,Bracket Order / Core Session,Setup EMA + VWAP + ORB -> Policy Approved -> Entry 126.81 / Stop 43.34 / Target 293.77 -> Route Bracket Order / Core Session,2024-06-28,90,76,45,100,55,73,83,HeavyTradingModel-v2,0.0,0.0,Qualified,"Volume accelerating, EMA stack intact, Above VWAP, Intraday expansion, Close near high, Not extended from EMA 9, First 5m bullish, First 5m above VWAP, ORB confirmed, Setup: EMA + VWAP + ORB, Breakout via premarket_high, SPY above VWAP, ML score 76, Catalyst score 45, Regime score 100, Liquidity score 55, Final score 73, AI confidence 83, Setup fit 96, Trend quality 92, ML 76, Catalyst 45, Regime 100, Memory 100, Anomaly 47, Confidence 83. NVDA matches EMA + VWAP + ORB. EMA 9/21/50 stack is aligned. price is holding above VWAP. volume is expanding. SPY regime is supportive. breakout is confirmed through premarket high. predicted win probability 0%. expected return 0.00R. Model rejects the trade because win probability is too low., AI decision Qualified",1.7,1867532,126.81,83.48,2.58,1.01,True,True,True,True,True,True,True,True,True,True,premarket_high
124.47,118.52,136.37,124.19,end_of_day,173,-48.44,-0.05,4.78,-0.22,NVDA,Momentum Price Action Trend,Momentum + Price Action Trend,EMA + VWAP + Premarket High,Signal Selector -> Policy Critic -> Risk Governor -> Execution Router,Approved,Bracket Order / Core Session,Setup EMA + VWAP + Premarket High -> Policy Approved -> Entry 124.47 / Stop 118.52 / Target 136.37 -> Route Bracket Order / Core Session,2024-07-01,80,73,45,100,55,70,80,HeavyTradingModel-v2,0.0,0.0,Qualified,"Volume accelerating, EMA stack intact, Above VWAP, Intraday expansion, Close near high, Not extended from EMA 9, First 5m bullish, ORB confirmed, Setup: EMA + VWAP + Premarket High, Breakout via premarket_high, SPY above VWAP, ML score 73, Catalyst score 45, Regime score 100, Liquidity score 55, Final score 70, AI confidence 80, Setup fit 92, Trend quality 91, ML 73, Catalyst 45, Regime 100, Memory 100, Anomaly 32, Confidence 80. NVDA matches EMA + VWAP + Premarket High. EMA 9/21/50 stack is aligned. price is holding above VWAP. volume is expanding. SPY regime is supportive. breakout is confirmed through premarket high. predicted win probability 0%. expected return 0.00R. Model rejects the trade because win probability is too low., AI decision Qualified",1.02,1926209,124.47,5.95,2.39,0.52,True,True,True,True,True,True,True,True,False,True,premarket_high
123.18,117.29,134.95,122.64,end_of_day,175,-93.63,-0.09,4.78,-0.43,NVDA,Momentum Price Action Trend,Momentum + Price Action Trend,EMA + VWAP + ORB,Signal Selector -> Policy Critic -> Risk Governor -> Execution Router,Approved,Bracket Order / Core Session,Setup EMA + VWAP + ORB -> Policy Approved -> Entry 123.18 / Stop 117.29 / Target 134.95 -> Route Bracket Order / Core Session,2024-07-02,85,70,45,100,55,70,79,HeavyTradingModel-v2,0.0,0.0,Qualified,"Volume accelerating, EMA stack intact, Above VWAP, Intraday expansion, Not extended from EMA 9, First 5m bullish, First 5m above VWAP, ORB confirmed, Setup: EMA + VWAP + ORB, Breakout via premarket_high, SPY above VWAP, ML score 70, Catalyst score 45, Regime score 100, Liquidity score 55, Final score 70, AI confidence 79, Setup fit 96, Trend quality 79, ML 70, Catalyst 45, Regime 100, Memory 100, Anomaly 44, Confidence 79. NVDA matches EMA + VWAP + ORB. EMA 9/21/50 stack is aligned. price is holding above VWAP. volume is expanding. SPY regime is supportive. breakout is confirmed through premarket high. predicted win probability 0%. expected return 0.00R. Model rejects the trade because win probability is too low., AI decision Qualified",0.89,1980929,123.18,5.89,1.55,0.29,True,True,True,True,True,False,True,True,True,True,premarket_high
127.2,121.06,139.5,128.24,end_of_day,168,174.72,0.17,4.83,0.82,NVDA,Momentum Price Action Trend,Momentum + Price Action Trend,EMA + VWAP + Premarket High,Signal Selector -> Policy Critic -> Risk Governor -> Execution Router,Approved,Bracket Order / Core Session,Setup EMA + VWAP + Premarket High -> Policy Approved -> Entry 127.20 / Stop 121.06 / Target 139.50 -> Route Bracket Order / Core Session,2024-07-03,80,77,45,100,55,71,82,HeavyTradingModel-v2,0.0,0.0,Qualified,"Volume accelerating, EMA stack intact, Above VWAP, Intraday expansion, Close near high, Not extended from EMA 9, ORB confirmed, Setup: EMA + VWAP + Premarket High, Breakout via premarket_high, SPY above VWAP, ML score 77, Catalyst score 45, Regime score 100, Liquidity score 55, Final score 71, AI confidence 82, Setup fit 92, Trend quality 97, ML 77, Catalyst 45, Regime 100, Memory 100, Anomaly 38, Confidence 82. NVDA matches EMA + VWAP + Premarket High. EMA 9/21/50 stack is aligned. price is holding above VWAP. volume is expanding. SPY regime is supportive. breakout is confirmed through premarket high. predicted win probability 0%. expected return 0.00R. Model rejects the trade because win probability is too low., AI decision Qualified",1.89,2072031,127.2,5.96,4.09,-0.02,True,True,True,True,True,True,True,False,False,True,premarket_high
129.19,123.61,140.36,129.5,end_of_day,185,57.35,0.06,4.32,0.24,NVDA,Momentum Price Action Trend,Momentum + Price Action Trend,EMA + VWAP + ORB,Signal Selector -> Policy Critic -> Risk Governor -> Execution Router,Approved,Bracket Order / Core Session,Setup EMA + VWAP + ORB -> Policy Approved -> Entry 129.19 / Stop 123.61 / Target 140.36 -> Route Bracket Order / Core Session,2024-07-12,105,75,45,100,70,72,80,HeavyTradingModel-v2,0.0,0.0,Qualified,"RVOL strong, Volume accelerating, EMA stack intact, Above VWAP, Intraday expansion, Not extended from EMA 9, First 5m bullish, First 5m above VWAP, ORB confirmed, Setup: EMA + VWAP + ORB, Breakout via premarket_high, SPY above VWAP, ML score 75, Catalyst score 45, Regime score 100, Liquidity score 70, Final score 72, AI confidence 80, Setup fit 96, Trend quality 77, ML 75, Catalyst 45, Regime 100, Memory 100, Anomaly 43, Confidence 80. NVDA matches EMA + VWAP + ORB. EMA 9/21/50 stack is aligned. price is holding above VWAP. volume is expanding. SPY regime is supportive. breakout is confirmed through premarket high. predicted win probability 0%. expected return 0.00R. Model rejects the trade because win probability is too low., AI decision Qualified",2.82,2207455,129.19,5.58,0.9,0.74,True,True,True,True,True,False,True,True,True,True,premarket_high
122.84,117.39,133.74,123.5,end_of_day,189,124.74,0.12,4.44,0.54,NVDA,Momentum Price Action Trend,Momentum + Price Action Trend,EMA + VWAP + ORB,Signal Selector -> Policy Critic -> Risk Governor -> Execution Router,Approved,Bracket Order / Core Session,Setup EMA + VWAP + ORB -> Policy Approved -> Entry 122.84 / Stop 117.39 / Target 133.74 -> Route Bracket Order / Core Session,2024-07-22,90,75,45,100,55,72,82,HeavyTradingModel-v2,0.0,0.0,Qualified,"Volume accelerating, EMA stack intact, Above VWAP, Intraday expansion, Close near high, Not extended from EMA 9, First 5m bullish, First 5m above VWAP, ORB confirmed, Setup: EMA + VWAP + ORB, Breakout via premarket_high, SPY above VWAP, ML score 75, Catalyst score 45, Regime score 100, Liquidity score 55, Final score 72, AI confidence 82, Setup fit 96, Trend quality 89, ML 75, Catalyst 45, Regime 100, Memory 100, Anomaly 44, Confidence 82. NVDA matches EMA + VWAP + ORB. EMA 9/21/50 stack is aligned. price is holding above VWAP. volume is expanding. SPY regime is supportive. breakout is confirmed through premarket high. predicted win probability 0%. expected return 0.00R. Model rejects the trade because win probability is too low., AI decision Qualified",2.01,1792131,122.84,5.38,1.69,0.53,True,True,True,True,True,True,True,True,True,True,premarket_high
114.94,108.94,126.94,112.34,end_of_day,172,-447.2,-0.43,5.22,-2.26,NVDA,Momentum Price Action Trend,Momentum + Price Action Trend,EMA + VWAP + ORB,Signal Selector -> Policy Critic -> Risk Governor -> Execution Router,Approved,Bracket Order / Core Session,Setup EMA + VWAP + ORB -> Policy Approved -> Entry 114.94 / Stop 108.94 / Target 126.94 -> Route Bracket Order / Core Session,2024-07-25,105,89,45,100,80,80,86,HeavyTradingModel-v2,0.0,0.0,Qualified,"RVOL strong, Volume accelerating, EMA stack intact, Above VWAP, Intraday expansion, Not extended from EMA 9, First 5m bullish, First 5m above VWAP, ORB confirmed, Setup: EMA + VWAP + ORB, Breakout via premarket_high, SPY above VWAP, ML score 89, Catalyst score 45, Regime score 100, Liquidity score 80, Final score 80, AI confidence 86, Setup fit 96, Trend quality 84, ML 89, Catalyst 45, Regime 100, Memory 100, Anomaly 66, Confidence 86. NVDA matches EMA + VWAP + ORB. EMA 9/21/50 stack is aligned. price is holding above VWAP. volume is expanding. SPY regime is supportive. breakout is confirmed through premarket high. predicted win probability 0%. expected return 0.00R. Model rejects the trade because win probability is too low., AI decision Qualified",5.21,1759280,114.94,6.0,3.0,0.86,True,True,True,True,True,False,True,True,True,True,premarket_high
115.31,102.59,140.75,117.06,end_of_day,81,141.75,0.14,11.03,1.52,NVDA,Momentum Price Action Trend,Momentum + Price Action Trend,EMA + VWAP + ORB,Signal Selector -> Policy Critic -> Risk Governor -> Execution Router,Approved,Bracket Order / Core Session,Setup EMA + VWAP + ORB -> Policy Approved -> Entry 115.31 / Stop 102.59 / Target 140.75 -> Route Bracket Order / Core Session,2024-07-31,110,95,45,100,80,83,89,HeavyTradingModel-v2,0.0,0.0,Qualified,"RVOL strong, Volume accelerating, EMA stack intact, Above VWAP, Intraday expansion, Close near high, Not extended from EMA 9, First 5m bullish, First 5m above VWAP, ORB confirmed, Setup: EMA + VWAP + ORB, Breakout via premarket_high, SPY above VWAP, ML score 95, Catalyst score 45, Regime score 100, Liquidity score 80, Final score 83, AI confidence 89, Setup fit 96, Trend quality 95, ML 95, Catalyst 45, Regime 100, Memory 100, Anomaly 68, Confidence 89. NVDA matches EMA + VWAP + ORB. EMA 9/21/50 stack is aligned. price is holding above VWAP. volume is expanding. SPY regime is supportive. breakout is confirmed through premarket high. predicted win probability 0%. expected return 0.00R. Model rejects the trade because win probability is too low., AI decision Qualified",5.36,1975952,115.31,6.74,3.49,0.7,True,True,True,True,True,True,True,True,True,True,premarket_high
107.23,99.6,122.5,107.34,end_of_day,135,14.85,0.01,7.12,0.1,NVDA,Momentum Price Action Trend,Momentum + Price Action Trend,EMA + VWAP + ORB,Signal Selector -> Policy Critic -> Risk Governor -> Execution Router,Approved,Bracket Order / Core Session,Setup EMA + VWAP + ORB -> Policy Approved -> Entry 107.23 / Stop 99.60 / Target 122.50 -> Route Bracket Order / Core Session,2024-08-02,85,74,45,100,55,73,82,HeavyTradingModel-v2,0.0,0.0,Qualified,"Volume accelerating, EMA stack intact, Above VWAP, Intraday expansion, Not extended from EMA 9, First 5m bullish, First 5m above VWAP, ORB confirmed, Setup: EMA + VWAP + ORB, Breakout via premarket_high, SPY above VWAP, ML score 74, Catalyst score 45, Regime score 100, Liquidity score 55, Final score 73, AI confidence 82, Setup fit 96, Trend quality 86, ML 74, Catalyst 45, Regime 100, Memory 100, Anomaly 51, Confidence 82. NVDA matches EMA + VWAP + ORB. EMA 9/21/50 stack is aligned. price is holding above VWAP. volume is expanding. SPY regime is supportive. breakout is confirmed through premarket high. predicted win probability 0%. expected return 0.00R. Model rejects the trade because win probability is too low., AI decision Qualified",2.11,2266882,107.23,7.63,3.87,0.26,True,True,True,True,True,False,True,True,True,True,premarket_high
99.44,90.94,116.45,100.64,end_of_day,121,145.2,0.14,8.55,1.21,NVDA,Momentum Price Action Trend,Momentum + Price Action Trend,EMA + VWAP + ORB,Signal Selector -> Policy Critic -> Risk Governor -> Execution Router,Approved,Bracket Order / Core Session,Setup EMA + VWAP + ORB -> Policy Approved -> Entry 99.44 / Stop 90.94 / Target 116.45 -> Route Bracket Order / Core Session,2024-08-05,105,97,45,100,80,85,90,HeavyTradingModel-v2,0.0,0.0,Qualified,"RVOL strong, Volume accelerating, EMA stack intact, Above VWAP, Intraday expansion, Not extended from EMA 9, First 5m bullish, First 5m above VWAP, ORB confirmed, Setup: EMA + VWAP + ORB, Breakout via premarket_high, SPY above VWAP, ML score 97, Catalyst score 45, Regime score 100, Liquidity score 80, Final score 85, AI confidence 90, Setup fit 96, Trend quality 90, ML 97, Catalyst 45, Regime 100, Memory 100, Anomaly 80, Confidence 90. NVDA matches EMA + VWAP + ORB. EMA 9/21/50 stack is aligned. price is holding above VWAP. volume is expanding. SPY regime is supportive. breakout is confirmed through premarket high. predicted win probability 0%. expected return 0.00R. Model rejects the trade because win probability is too low., AI decision Qualified",6.03,2503021,99.44,8.5,5.73,-0.08,True,True,True,True,True,False,True,True,True,True,premarket_high
104.17,90.73,131.04,104.0,end_of_day,76,-12.92,-0.01,12.9,-0.16,NVDA,Momentum Price Action Trend,Momentum + Price Action Trend,EMA + VWAP + Previous Day High,Signal Selector -> Policy Critic -> Risk Governor -> Execution Router,Approved,Bracket Order / Core Session,Setup EMA + VWAP + Previous Day High -> Policy Approved -> Entry 104.17 / Stop 90.73 / Target 131.04 -> Route Bracket Order / Core Session,2024-08-06,100,76,45,100,70,70,80,HeavyTradingModel-v2,0.0,0.0,Qualified,"RVOL strong, Volume accelerating, EMA stack intact, Above VWAP, Intraday expansion, Close near high, Not extended from EMA 9, ORB confirmed, Setup: EMA + VWAP + Previous Day High, Breakout via previous_day_high, SPY above VWAP, ML score 76, Catalyst score 45, Regime score 100, Liquidity score 70, Final score 70, AI confidence 80, Setup fit 92, Trend quality 86, ML 76, Catalyst 45, Regime 100, Memory 100, Anomaly 28, Confidence 80. NVDA matches EMA + VWAP + Previous Day High. EMA 9/21/50 stack is aligned. price is holding above VWAP. volume is expanding. SPY regime is supportive. breakout is confirmed through previous day high. predicted win probability 0%. expected return 0.00R. Model rejects the trade because win probability is too low., AI decision Qualified",2.59,2600949,104.17,8.32,0.91,0.33,True,True,True,True,True,True,True,False,False,True,previous_day_high
108.06,99.44,125.31,99.44,stop_loss,120,-1034.4,-1.0,7.98,-7.98,NVDA,Momentum Price Action Trend,Momentum + Price Action Trend,EMA + VWAP + Premarket High,Signal Selector -> Policy Critic -> Risk Governor -> Execution Router,Approved,Bracket Order / Core Session,Setup EMA + VWAP + Premarket High -> Policy Approved -> Entry 108.06 / Stop 99.44 / Target 125.31 -> Route Bracket Order / Core Session,2024-08-07,100,81,45,100,70,73,81,HeavyTradingModel-v2,0.0,0.0,Qualified,"RVOL strong, Volume accelerating, EMA stack intact, Above VWAP, Intraday expansion, Close near high, Not extended from EMA 9, First 5m bullish, First 5m above VWAP, Setup: EMA + VWAP + Premarket High, Breakout via premarket_high, SPY above VWAP, ML score 81, Catalyst score 45, Regime score 100, Liquidity score 70, Final score 73, AI confidence 81, Setup fit 92, Trend quality 86, ML 81, Catalyst 45, Regime 100, Memory 100, Anomaly 36, Confidence 81. NVDA matches EMA + VWAP + Premarket High. EMA 9/21/50 stack is aligned. price is holding above VWAP. volume is expanding. SPY regime is supportive. breakout is confirmed through premarket high. predicted win probability 0%. expected return 0.00R. Model rejects the trade because win probability is too low., AI decision Qualified",3.82,2733888,108.06,8.62,0.75,0.65,True,True,True,True,True,True,True,True,True,False,premarket_high
114.8,105.98,132.43,116.12,end_of_day,116,153.12,0.15,7.68,1.15,NVDA,Momentum Price Action Trend,Momentum + Price Action Trend,EMA + VWAP + Premarket High,Signal Selector -> Policy Critic -> Risk Governor -> Execution Router,Approved,Bracket Order / Core Session,Setup EMA + VWAP + Premarket High -> Policy Approved -> Entry 114.80 / Stop 105.98 / Target 132.43 -> Route Bracket Order / Core Session,2024-08-13,80,74,45,100,55,70,80,HeavyTradingModel-v2,0.0,0.0,Qualified,"Volume accelerating, EMA stack intact, Above VWAP, Intraday expansion, Close near high, Not extended from EMA 9, ORB confirmed, Setup: EMA + VWAP + Premarket High, Breakout via premarket_high, SPY above VWAP, ML score 74, Catalyst score 45, Regime score 100, Liquidity score 55, Final score 70, AI confidence 80, Setup fit 92, Trend quality 92, ML 74, Catalyst 45, Regime 100, Memory 100, Anomaly 33, Confidence 80. NVDA matches EMA + VWAP + Premarket High. EMA 9/21/50 stack is aligned. price is holding above VWAP. volume is expanding. SPY regime is supportive. breakout is confirmed through premarket high. predicted win probability 0%. expected return 0.00R. Model rejects the trade because win probability is too low., AI decision Qualified",0.98,2847824,114.8,8.82,2.52,0.43,True,True,True,True,True,True,True,False,False,True,premarket_high
120.91,112.43,137.88,122.9,end_of_day,120,238.8,0.23,7.01,1.65,NVDA,Momentum Price Action Trend,Momentum + Price Action Trend,EMA + VWAP + ORB,Signal Selector -> Policy Critic -> Risk Governor -> Execution Router,Approved,Bracket Order / Core Session,Setup EMA + VWAP + ORB -> Policy Approved -> Entry 120.91 / Stop 112.43 / Target 137.88 -> Route Bracket Order / Core Session,2024-08-15,85,70,45,100,55,70,80,HeavyTradingModel-v2,0.0,0.0,Qualified,"Volume accelerating, EMA stack intact, Above VWAP, Intraday expansion, Not extended from EMA 9, First 5m bullish, First 5m above VWAP, ORB confirmed, Setup: EMA + VWAP + ORB, Breakout via premarket_high, SPY above VWAP, ML score 70, Catalyst score 45, Regime score 100, Liquidity score 55, Final score 70, AI confidence 80, Setup fit 96, Trend quality 80, ML 70, Catalyst 45, Regime 100, Memory 100, Anomaly 45, Confidence 80. NVDA matches EMA + VWAP + ORB. EMA 9/21/50 stack is aligned. price is holding above VWAP. volume is expanding. SPY regime is supportive. breakout is confirmed through premarket high. predicted win probability 0%. expected return 0.00R. Model rejects the trade because win probability is too low., AI decision Qualified",1.49,2869711,120.91,8.48,1.92,0.56,True,True,True,True,True,False,True,True,True,True,premarket_high
127.26,119.06,143.67,130.0,end_of_day,125,342.5,0.33,6.44,2.15,NVDA,Momentum Price Action Trend,Momentum + Price Action Trend,EMA + VWAP + ORB,Signal Selector -> Policy Critic -> Risk Governor -> Execution Router,Approved,Bracket Order / Core Session,Setup EMA + VWAP + ORB -> Policy Approved -> Entry 127.26 / Stop 119.06 / Target 143.67 -> Route Bracket Order / Core Session,2024-08-19,90,76,45,100,55,73,83,HeavyTradingModel-v2,0.0,0.0,Qualified,"Volume accelerating, EMA stack intact, Above VWAP, Intraday expansion, Close near high, Not extended from EMA 9, First 5m bullish, First 5m above VWAP, ORB confirmed, Setup: EMA + VWAP + ORB, Breakout via premarket_high, SPY above VWAP, ML score 76, Catalyst score 45, Regime score 100, Liquidity score 55, Final score 73, AI confidence 83, Setup fit 96, Trend quality 92, ML 76, Catalyst 45, Regime 100, Memory 100, Anomaly 47, Confidence 83. NVDA matches EMA + VWAP + ORB. EMA 9/21/50 stack is aligned. price is holding above VWAP. volume is expanding. SPY regime is supportive. breakout is confirmed through premarket high. predicted win probability 0%. expected return 0.00R. Model rejects the trade because win probability is too low., AI decision Qualified",0.95,2947983,127.26,8.2,2.46,0.54,True,True,True,True,True,True,True,True,True,True,premarket_high
128.72,122.03,142.09,128.34,end_of_day,154,-58.52,-0.06,5.2,-0.3,NVDA,Momentum Price Action Trend,Momentum + Price Action Trend,EMA + VWAP + ORB,Signal Selector -> Policy Critic -> Risk Governor -> Execution Router,Approved,Bracket Order / Core Session,Setup EMA + VWAP + ORB -> Policy Approved -> Entry 128.72 / Stop 122.03 / Target 142.09 -> Route Bracket Order / Core Session,2024-08-21,90,74,45,100,55,71,82,HeavyTradingModel-v2,0.0,0.0,Qualified,"Volume accelerating, EMA stack intact, Above VWAP, Intraday expansion, Close near high, Not extended from EMA 9, First 5m bullish, First 5m above VWAP, ORB confirmed, Setup: EMA + VWAP + ORB, Breakout via premarket_high, SPY above VWAP, ML score 74, Catalyst score 45, Regime score 100, Liquidity score 55, Final score 71, AI confidence 82, Setup fit 96, Trend quality 88, ML 74, Catalyst 45, Regime 100, Memory 100, Anomaly 42, Confidence 82. NVDA matches EMA + VWAP + ORB. EMA 9/21/50 stack is aligned. price is holding above VWAP. volume is expanding. SPY regime is supportive. breakout is confirmed through premarket high. predicted win probability 0%. expected return 0.00R. Model rejects the trade because win probability is too low., AI decision Qualified",0.66,3007812,128.72,6.69,1.25,0.28,True,True,True,True,True,True,True,True,True,True,premarket_high
120.94,115.29,132.23,119.46,end_of_day,182,-269.36,-0.26,4.67,-1.22,NVDA,Momentum Price Action Trend,Momentum + Price Action Trend,EMA + VWAP + ORB,Signal Selector -> Policy Critic -> Risk Governor -> Execution Router,Approved,Bracket Order / Core Session,Setup EMA + VWAP + ORB -> Policy Approved -> Entry 120.94 / Stop 115.29 / Target 132.23 -> Route Bracket Order / Core Session,2024-08-30,110,80,45,100,70,74,83,HeavyTradingModel-v2,0.0,0.0,Qualified,"RVOL strong, Volume accelerating, EMA stack intact, Above VWAP, Intraday expansion, Close near high, Not extended from EMA 9, First 5m bullish, First 5m above VWAP, ORB confirmed, Setup: EMA + VWAP + ORB, Breakout via premarket_high, SPY above VWAP, ML score 80, Catalyst score 45, Regime score 100, Liquidity score 70, Final score 74, AI confidence 83, Setup fit 96, Trend quality 89, ML 80, Catalyst 45, Regime 100, Memory 100, Anomaly 45, Confidence 83. NVDA matches EMA + VWAP + ORB. EMA 9/21/50 stack is aligned. price is holding above VWAP. volume is expanding. SPY regime is supportive. breakout is confirmed through premarket high. predicted win probability 0%. expected return 0.00R. Model rejects the trade because win probability is too low., AI decision Qualified",2.64,2842331,120.94,5.65,1.73,0.7,True,True,True,True,True,True,True,True,True,True,premarket_high
109.22,103.12,121.42,106.16,end_of_day,168,-514.08,-0.5,5.59,-2.8,NVDA,Momentum Price Action Trend,Momentum + Price Action Trend,EMA + VWAP,Signal Selector -> Policy Critic -> Risk Governor -> Execution Router,Approved,Bracket Order / Core Session,Setup EMA + VWAP -> Policy Approved -> Entry 109.22 / Stop 103.12 / Target 121.42 -> Route Bracket Order / Core Session,2024-09-04,85,71,45,100,70,70,80,HeavyTradingModel-v2,0.0,0.0,Qualified,"RVOL strong, Volume accelerating, EMA stack intact, Above VWAP, Intraday expansion, Close near high, Not extended from EMA 9, ORB confirmed, Setup: EMA + VWAP, SPY above VWAP, ML score 71, Catalyst score 45, Regime score 100, Liquidity score 70, Final score 70, AI confidence 80, Setup fit 88, Trend quality 93, ML 71, Catalyst 45, Regime 100, Memory 100, Anomaly 39, Confidence 80. NVDA matches EMA + VWAP. EMA 9/21/50 stack is aligned. price is holding above VWAP. volume is expanding. SPY regime is supportive. predicted win probability 0%. expected return 0.00R. Model rejects the trade because win probability is too low., AI decision Qualified",3.21,2776901,109.22,6.1,3.01,0.76,True,True,False,True,True,True,True,False,False,True,none
108.89,102.85,120.96,107.17,end_of_day,169,-290.68,-0.28,5.55,-1.58,NVDA,Momentum Price Action Trend,Momentum + Price Action Trend,EMA + VWAP + Premarket High,Signal Selector -> Policy Critic -> Risk Governor -> Execution Router,Approved,Bracket Order / Core Session,Setup EMA + VWAP + Premarket High -> Policy Approved -> Entry 108.89 / Stop 102.85 / Target 120.96 -> Route Bracket Order / Core Session,2024-09-05,95,76,45,100,70,71,80,HeavyTradingModel-v2,0.0,0.0,Qualified,"RVOL strong, Volume accelerating, EMA stack intact, Above VWAP, Intraday expansion, Not extended from EMA 9, First 5m bullish, First 5m above VWAP, Setup: EMA + VWAP + Premarket High, Breakout via premarket_high, SPY above VWAP, ML score 76, Catalyst score 45, Regime score 100, Liquidity score 70, Final score 71, AI confidence 80, Setup fit 92, Trend quality 81, ML 76, Catalyst 45, Regime 100, Memory 100, Anomaly 37, Confidence 80. NVDA matches EMA + VWAP + Premarket High. EMA 9/21/50 stack is aligned. price is holding above VWAP. volume is expanding. SPY regime is supportive. breakout is confirmed through premarket high. predicted win probability 0%. expected return 0.00R. Model rejects the trade because win probability is too low., AI decision Qualified",3.22,2713591,108.89,6.04,2.1,1.01,True,True,True,True,True,False,True,True,True,False,premarket_high
113.12,104.96,129.44,116.89,end_of_day,125,471.25,0.46,7.21,3.33,NVDA,Momentum Price Action Trend,Momentum + Price Action Trend,EMA + VWAP + ORB,Signal Selector -> Policy Critic -> Risk Governor -> Execution Router,Approved,Bracket Order / Core Session,Setup EMA + VWAP + ORB -> Policy Approved -> Entry 113.12 / Stop 104.96 / Target 129.44 -> Route Bracket Order / Core Session,2024-09-11,85,72,45,100,55,71,81,HeavyTradingModel-v2,0.0,0.0,Qualified,"Volume accelerating, EMA stack intact, Above VWAP, Intraday expansion, Not extended from EMA 9, First 5m bullish, First 5m above VWAP, ORB confirmed, Setup: EMA + VWAP + ORB, Breakout via premarket_high, SPY above VWAP, ML score 72, Catalyst score 45, Regime score 100, Liquidity score 55, Final score 71, AI confidence 81, Setup fit 96, Trend quality 82, ML 72, Catalyst 45, Regime 100, Memory 100, Anomaly 47, Confidence 81. NVDA matches EMA + VWAP + ORB. EMA 9/21/50 stack is aligned. price is holding above VWAP. volume is expanding. SPY regime is supportive. breakout is confirmed through premarket high. predicted win probability 0%. expected return 0.00R. Model rejects the trade because win probability is too low., AI decision Qualified",1.67,2990857,113.12,6.59,2.62,0.49,True,True,True,True,True,False,True,True,True,True,premarket_high
119.52,107.43,143.7,119.22,end_of_day,84,-25.2,-0.02,10.12,-0.25,NVDA,Momentum Price Action Trend,Momentum + Price Action Trend,EMA + VWAP + ORB,Signal Selector -> Policy Critic -> Risk Governor -> Execution Router,Approved,Bracket Order / Core Session,Setup EMA + VWAP + ORB -> Policy Approved -> Entry 119.52 / Stop 107.43 / Target 143.70 -> Route Bracket Order / Core Session,2024-09-12,85,71,45,100,55,71,80,HeavyTradingModel-v2,0.0,0.0,Qualified,"Volume accelerating, EMA stack intact, Above VWAP, Intraday expansion, Not extended from EMA 9, First 5m bullish, First 5m above VWAP, ORB confirmed, Setup: EMA + VWAP + ORB, Breakout via premarket_high, SPY above VWAP, ML score 71, Catalyst score 45, Regime score 100, Liquidity score 55, Final score 71, AI confidence 80, Setup fit 96, Trend quality 82, ML 71, Catalyst 45, Regime 100, Memory 100, Anomaly 46, Confidence 80. NVDA matches EMA + VWAP + ORB. EMA 9/21/50 stack is aligned. price is holding above VWAP. volume is expanding. SPY regime is supportive. breakout is confirmed through premarket high. predicted win probability 0%. expected return 0.00R. Model rejects the trade because win probability is too low., AI decision Qualified",2.36,3041826,119.52,6.43,2.42,0.41,True,True,True,True,True,False,True,True,True,True,premarket_high
119.28,113.24,131.36,117.9,end_of_day,169,-233.22,-0.23,5.06,-1.16,NVDA,Momentum Price Action Trend,Momentum + Price Action Trend,EMA + VWAP + ORB,Signal Selector -> Policy Critic -> Risk Governor -> Execution Router,Approved,Bracket Order / Core Session,Setup EMA + VWAP + ORB -> Policy Approved -> Entry 119.28 / Stop 113.24 / Target 131.36 -> Route Bracket Order / Core Session,2024-09-19,85,70,45,100,55,70,79,HeavyTradingModel-v2,0.0,0.0,Qualified,"Volume accelerating, EMA stack intact, Above VWAP, Intraday expansion, Not extended from EMA 9, First 5m bullish, First 5m above VWAP, ORB confirmed, Setup: EMA + VWAP + ORB, Breakout via premarket_high, SPY above VWAP, ML score 70, Catalyst score 45, Regime score 100, Liquidity score 55, Final score 70, AI confidence 79, Setup fit 96, Trend quality 79, ML 70, Catalyst 45, Regime 100, Memory 100, Anomaly 43, Confidence 79. NVDA matches EMA + VWAP + ORB. EMA 9/21/50 stack is aligned. price is holding above VWAP. volume is expanding. SPY regime is supportive. breakout is confirmed through premarket high. predicted win probability 0%. expected return 0.00R. Model rejects the trade because win probability is too low., AI decision Qualified",2.36,3147585,119.28,5.68,1.51,0.58,True,True,True,True,True,False,True,True,True,True,premarket_high
118.21,113.3,128.03,120.83,end_of_day,208,544.96,0.53,4.15,2.22,NVDA,Momentum Price Action Trend,Momentum + Price Action Trend,EMA + VWAP + ORB,Signal Selector -> Policy Critic -> Risk Governor -> Execution Router,Approved,Bracket Order / Core Session,Setup EMA + VWAP + ORB -> Policy Approved -> Entry 118.21 / Stop 113.30 / Target 128.03 -> Route Bracket Order / Core Session,2024-09-24,90,74,45,100,55,71,82,HeavyTradingModel-v2,0.0,0.0,Qualified,"Volume accelerating, EMA stack intact, Above VWAP, Intraday expansion, Close near high, Not extended from EMA 9, First 5m bullish, First 5m above VWAP, ORB confirmed, Setup: EMA + VWAP + ORB, Breakout via premarket_high, SPY above VWAP, ML score 74, Catalyst score 45, Regime score 100, Liquidity score 55, Final score 71, AI confidence 82, Setup fit 96, Trend quality 88, ML 74, Catalyst 45, Regime 100, Memory 100, Anomaly 43, Confidence 82. NVDA matches EMA + VWAP + ORB. EMA 9/21/50 stack is aligned. price is holding above VWAP. volume is expanding. SPY regime is supportive. breakout is confirmed through premarket high. predicted win probability 0%. expected return 0.00R. Model rejects the trade because win probability is too low., AI decision Qualified",1.06,3228481,118.21,4.91,1.27,1.06,True,True,True,True,True,True,True,True,True,True,premarket_high
124.23,115.15,142.39,122.82,end_of_day,113,-159.33,-0.16,7.31,-1.13,NVDA,Momentum Price Action Trend,Momentum + Price Action Trend,EMA + VWAP + Premarket High,Signal Selector -> Policy Critic -> Risk Governor -> Execution Router,Approved,Bracket Order / Core Session,Setup EMA + VWAP + Premarket High -> Policy Approved -> Entry 124.23 / Stop 115.15 / Target 142.39 -> Route Bracket Order / Core Session,2024-10-03,100,81,45,100,70,73,82,HeavyTradingModel-v2,0.0,0.0,Qualified,"RVOL strong, Volume accelerating, EMA stack intact, Above VWAP, Intraday expansion, Close near high, Not extended from EMA 9, First 5m above VWAP, ORB confirmed, Setup: EMA + VWAP + Premarket High, Breakout via premarket_high, SPY above VWAP, ML score 81, Catalyst score 45, Regime score 100, Liquidity score 70, Final score 73, AI confidence 82, Setup fit 92, Trend quality 90, ML 81, Catalyst 45, Regime 100, Memory 100, Anomaly 35, Confidence 82. NVDA matches EMA + VWAP + Premarket High. EMA 9/21/50 stack is aligned. price is holding above VWAP. volume is expanding. SPY regime is supportive. breakout is confirmed through premarket high. predicted win probability 0%. expected return 0.00R. Model rejects the trade because win probability is too low., AI decision Qualified",3.22,2986943,124.23,4.69,1.91,1.01,True,True,True,True,True,True,True,False,True,True,premarket_high
128.21,121.91,140.81,127.78,end_of_day,162,-70.47,-0.07,4.91,-0.34,NVDA,Momentum Price Action Trend,Momentum + Price Action Trend,EMA + VWAP + ORB,Signal Selector -> Policy Critic -> Risk Governor -> Execution Router,Approved,Bracket Order / Core Session,Setup EMA + VWAP + ORB -> Policy Approved -> Entry 128.21 / Stop 121.91 / Target 140.81 -> Route Bracket Order / Core Session,2024-10-07,90,73,45,100,55,71,81,HeavyTradingModel-v2,0.0,0.0,Qualified,"Volume accelerating, EMA stack intact, Above VWAP, Intraday expansion, Close near high, Not extended from EMA 9, First 5m bullish, First 5m above VWAP, ORB confirmed, Setup: EMA + VWAP + ORB, Breakout via premarket_high, SPY above VWAP, ML score 73, Catalyst score 45, Regime score 100, Liquidity score 55, Final score 71, AI confidence 81, Setup fit 96, Trend quality 87, ML 73, Catalyst 45, Regime 100, Memory 100, Anomaly 42, Confidence 81. NVDA matches EMA + VWAP + ORB. EMA 9/21/50 stack is aligned. price is holding above VWAP. volume is expanding. SPY regime is supportive. breakout is confirmed through premarket high. predicted win probability 0%. expected return 0.00R. Model rejects the trade because win probability is too low., AI decision Qualified",1.5,3044992,128.21,4.7,0.96,0.55,True,True,True,True,True,True,True,True,True,True,premarket_high
131.37,125.02,144.07,132.94,end_of_day,161,252.77,0.25,4.83,1.2,NVDA,Momentum Price Action Trend,Momentum + Price Action Trend,EMA + VWAP + ORB,Signal Selector -> Policy Critic -> Risk Governor -> Execution Router,Approved,Bracket Order / Core Session,Setup EMA + VWAP + ORB -> Policy Approved -> Entry 131.37 / Stop 125.02 / Target 144.07 -> Route Bracket Order / Core Session,2024-10-08,105,76,45,100,70,73,80,HeavyTradingModel-v2,0.0,0.0,Qualified,"RVOL strong, Volume accelerating, EMA stack intact, Above VWAP, Intraday expansion, Not extended from EMA 9, First 5m bullish, First 5m above VWAP, ORB confirmed, Setup: EMA + VWAP + ORB, Breakout via previous_day_high, SPY above VWAP, ML score 76, Catalyst score 45, Regime score 100, Liquidity score 70, Final score 73, AI confidence 80, Setup fit 96, Trend quality 76, ML 76, Catalyst 45, Regime 100, Memory 100, Anomaly 46, Confidence 80. NVDA matches EMA + VWAP + ORB. EMA 9/21/50 stack is aligned. price is holding above VWAP. volume is expanding. SPY regime is supportive. breakout is confirmed through previous day high. predicted win probability 0%. expected return 0.00R. Model rejects the trade because win probability is too low., AI decision Qualified",3.28,3146804,131.37,4.79,0.67,0.22,True,True,True,True,True,False,True,True,True,True,previous_day_high
134.1,129.51,143.28,134.81,end_of_day,224,159.04,0.15,3.42,0.53,NVDA,Momentum Price Action Trend,Momentum + Price Action Trend,EMA + VWAP + ORB,Signal Selector -> Policy Critic -> Risk Governor -> Execution Router,Approved,Bracket Order / Core Session,Setup EMA + VWAP + ORB -> Policy Approved -> Entry 134.10 / Stop 129.51 / Target 143.28 -> Route Bracket Order / Core Session,2024-10-10,85,70,45,100,55,70,79,HeavyTradingModel-v2,0.0,0.0,Qualified,"Volume accelerating, EMA stack intact, Above VWAP, Intraday expansion, Not extended from EMA 9, First 5m bullish, First 5m above VWAP, ORB confirmed, Setup: EMA + VWAP + ORB, Breakout via premarket_high, SPY above VWAP, ML score 70, Catalyst score 45, Regime score 100, Liquidity score 55, Final score 70, AI confidence 79, Setup fit 96, Trend quality 79, ML 70, Catalyst 45, Regime 100, Memory 100, Anomaly 43, Confidence 79. NVDA matches EMA + VWAP + ORB. EMA 9/21/50 stack is aligned. price is holding above VWAP. volume is expanding. SPY regime is supportive. breakout is confirmed through premarket high. predicted win probability 0%. expected return 0.00R. Model rejects the trade because win probability is too low., AI decision Qualified",1.58,3037063,134.1,4.59,1.5,0.01,True,True,True,True,True,False,True,True,True,True,premarket_high
138.64,133.67,148.58,137.88,end_of_day,207,-157.32,-0.15,3.58,-0.55,NVDA,Momentum Price Action Trend,Momentum + Price Action Trend,EMA + VWAP + Premarket High,Signal Selector -> Policy Critic -> Risk Governor -> Execution Router,Approved,Bracket Order / Core Session,Setup EMA + VWAP + Premarket High -> Policy Approved -> Entry 138.64 / Stop 133.67 / Target 148.58 -> Route Bracket Order / Core Session,2024-10-14,100,80,45,100,70,72,81,HeavyTradingModel-v2,0.0,0.0,Qualified,"RVOL strong, Volume accelerating, EMA stack intact, Above VWAP, Close near high, Not extended from EMA 9, First 5m above VWAP, ORB confirmed, Setup: EMA + VWAP + Premarket High, Breakout via premarket_high, SPY above VWAP, ML score 80, Catalyst score 45, Regime score 100, Liquidity score 70, Final score 72, AI confidence 81, Setup fit 92, Trend quality 85, ML 80, Catalyst 45, Regime 100, Memory 100, Anomaly 33, Confidence 81. NVDA matches EMA + VWAP + Premarket High. EMA 9/21/50 stack is aligned. price is holding above VWAP. volume is expanding. SPY regime is supportive. breakout is confirmed through premarket high. predicted win probability 0%. expected return 0.00R. Model rejects the trade because win probability is too low., AI decision Qualified",3.64,3071762,138.64,4.48,0.46,0.77,True,True,True,True,True,True,True,False,True,True,premarket_high
141.37,136.68,150.74,143.6,end_of_day,219,488.37,0.48,3.32,1.58,NVDA,Momentum Price Action Trend,Momentum + Price Action Trend,EMA + VWAP + ORB,Signal Selector -> Policy Critic -> Risk Governor -> Execution Router,Approved,Bracket Order / Core Session,Setup EMA + VWAP + ORB -> Policy Approved -> Entry 141.37 / Stop 136.68 / Target 150.74 -> Route Bracket Order / Core Session,2024-10-21,110,80,45,100,70,74,83,HeavyTradingModel-v2,0.0,0.0,Qualified,"RVOL strong, Volume accelerating, EMA stack intact, Above VWAP, Intraday expansion, Close near high, Not extended from EMA 9, First 5m bullish, First 5m above VWAP, ORB confirmed, Setup: EMA + VWAP + ORB, Breakout via premarket_high, SPY above VWAP, ML score 80, Catalyst score 45, Regime score 100, Liquidity score 70, Final score 74, AI confidence 83, Setup fit 96, Trend quality 87, ML 80, Catalyst 45, Regime 100, Memory 100, Anomaly 45, Confidence 83. NVDA matches EMA + VWAP + ORB. EMA 9/21/50 stack is aligned. price is holding above VWAP. volume is expanding. SPY regime is supportive. breakout is confirmed through premarket high. predicted win probability 0%. expected return 0.00R. Model rejects the trade because win probability is too low., AI decision Qualified",2.86,3264248,141.37,4.69,1.18,1.15,True,True,True,True,True,True,True,True,True,True,premarket_high
140.18,135.59,149.36,139.93,end_of_day,225,-56.25,-0.05,3.27,-0.18,NVDA,Momentum Price Action Trend,Momentum + Price Action Trend,EMA + VWAP + ORB,Signal Selector -> Policy Critic -> Risk Governor -> Execution Router,Approved,Bracket Order / Core Session,Setup EMA + VWAP + ORB -> Policy Approved -> Entry 140.18 / Stop 135.59 / Target 149.36 -> Route Bracket Order / Core Session,2024-11-05,90,74,45,100,55,71,82,HeavyTradingModel-v2,0.0,0.0,Qualified,"Volume accelerating, EMA stack intact, Above VWAP, Intraday expansion, Close near high, Not extended from EMA 9, First 5m bullish, First 5m above VWAP, ORB confirmed, Setup: EMA + VWAP + ORB, Breakout via previous_day_high, SPY above VWAP, ML score 74, Catalyst score 45, Regime score 100, Liquidity score 55, Final score 71, AI confidence 82, Setup fit 96, Trend quality 88, ML 74, Catalyst 45, Regime 100, Memory 100, Anomaly 43, Confidence 82. NVDA matches EMA + VWAP + ORB. EMA 9/21/50 stack is aligned. price is holding above VWAP. volume is expanding. SPY regime is supportive. breakout is confirmed through previous day high. predicted win probability 0%. expected return 0.00R. Model rejects the trade because win probability is too low., AI decision Qualified",0.59,2665030,140.18,4.17,1.48,0.28,True,True,True,True,True,True,True,True,True,True,previous_day_high
145.74,137.38,162.46,145.44,end_of_day,123,-36.9,-0.04,5.74,-0.21,NVDA,Momentum Price Action Trend,Momentum + Price Action Trend,EMA + VWAP + ORB,Signal Selector -> Policy Critic -> Risk Governor -> Execution Router,Approved,Bracket Order / Core Session,Setup EMA + VWAP + ORB -> Policy Approved -> Entry 145.74 / Stop 137.38 / Target 162.46 -> Route Bracket Order / Core Session,2024-11-06,85,70,45,100,55,70,80,HeavyTradingModel-v2,0.0,0.0,Qualified,"Volume accelerating, EMA stack intact, Above VWAP, Intraday expansion, Not extended from EMA 9, First 5m bullish, First 5m above VWAP, ORB confirmed, Setup: EMA + VWAP + ORB, Breakout via premarket_high, SPY above VWAP, ML score 70, Catalyst score 45, Regime score 100, Liquidity score 55, Final score 70, AI confidence 80, Setup fit 96, Trend quality 79, ML 70, Catalyst 45, Regime 100, Memory 100, Anomaly 44, Confidence 80. NVDA matches EMA + VWAP + ORB. EMA 9/21/50 stack is aligned. price is holding above VWAP. volume is expanding. SPY regime is supportive. breakout is confirmed through premarket high. predicted win probability 0%. expected return 0.00R. Model rejects the trade because win probability is too low., AI decision Qualified",1.14,2654284,145.74,4.27,1.67,-0.11,True,True,True,True,True,False,True,True,True,True,premarket_high
148.16,141.97,160.53,148.78,end_of_day,166,102.92,0.1,4.18,0.42,NVDA,Momentum Price Action Trend,Momentum + Price Action Trend,EMA + VWAP + ORB,Signal Selector -> Policy Critic -> Risk Governor -> Execution Router,Approved,Bracket Order / Core Session,Setup EMA + VWAP + ORB -> Policy Approved -> Entry 148.16 / Stop 141.97 / Target 160.53 -> Route Bracket Order / Core Session,2024-11-07,90,73,45,100,55,71,81,HeavyTradingModel-v2,0.0,0.0,Qualified,"Volume accelerating, EMA stack intact, Above VWAP, Intraday expansion, Close near high, Not extended from EMA 9, First 5m bullish, First 5m above VWAP, ORB confirmed, Setup: EMA + VWAP + ORB, Breakout via previous_day_high, SPY above VWAP, ML score 73, Catalyst score 45, Regime score 100, Liquidity score 55, Final score 71, AI confidence 81, Setup fit 96, Trend quality 86, ML 73, Catalyst 45, Regime 100, Memory 100, Anomaly 41, Confidence 81. NVDA matches EMA + VWAP + ORB. EMA 9/21/50 stack is aligned. price is holding above VWAP. volume is expanding. SPY regime is supportive. breakout is confirmed through previous day high. predicted win probability 0%. expected return 0.00R. Model rejects the trade because win probability is too low., AI decision Qualified",1.86,2620306,148.16,4.38,0.72,0.47,True,True,True,True,True,True,True,True,True,True,previous_day_high
148.53,143.59,158.41,148.4,end_of_day,209,-27.17,-0.03,3.33,-0.09,NVDA,Momentum Price Action Trend,Momentum + Price Action Trend,EMA + VWAP + ORB,Signal Selector -> Policy Critic -> Risk Governor -> Execution Router,Approved,Bracket Order / Core Session,Setup EMA + VWAP + ORB -> Policy Approved -> Entry 148.53 / Stop 143.59 / Target 158.41 -> Route Bracket Order / Core Session,2024-11-12,90,74,45,100,55,71,82,HeavyTradingModel-v2,0.0,0.0,Qualified,"Volume accelerating, EMA stack intact, Above VWAP, Intraday expansion, Close near high, Not extended from EMA 9, First 5m bullish, First 5m above VWAP, ORB confirmed, Setup: EMA + VWAP + ORB, Breakout via premarket_high, SPY above VWAP, ML score 74, Catalyst score 45, Regime score 100, Liquidity score 55, Final score 71, AI confidence 82, Setup fit 96, Trend quality 88, ML 74, Catalyst 45, Regime 100, Memory 100, Anomaly 43, Confidence 82. NVDA matches EMA + VWAP + ORB. EMA 9/21/50 stack is aligned. price is holding above VWAP. volume is expanding. SPY regime is supportive. breakout is confirmed through premarket high. predicted win probability 0%. expected return 0.00R. Model rejects the trade because win probability is too low., AI decision Qualified",0.97,2474193,148.53,4.28,1.28,0.23,True,True,True,True,True,True,True,True,True,True,premarket_high
140.5,135.84,149.81,140.13,end_of_day,221,-81.77,-0.08,3.32,-0.26,NVDA,Momentum Price Action Trend,Momentum + Price Action Trend,EMA + VWAP + Premarket High,Signal Selector -> Policy Critic -> Risk Governor -> Execution Router,Approved,Bracket Order / Core Session,Setup EMA + VWAP + Premarket High -> Policy Approved -> Entry 140.50 / Stop 135.84 / Target 149.81 -> Route Bracket Order / Core Session,2024-11-18,100,80,45,100,70,72,81,HeavyTradingModel-v2,0.0,0.0,Qualified,"RVOL strong, Volume accelerating, EMA stack intact, Above VWAP, Intraday expansion, Close near high, Not extended from EMA 9, ORB confirmed, Setup: EMA + VWAP + Premarket High, Breakout via premarket_high, SPY above VWAP, ML score 80, Catalyst score 45, Regime score 100, Liquidity score 70, Final score 72, AI confidence 81, Setup fit 92, Trend quality 88, ML 80, Catalyst 45, Regime 100, Memory 100, Anomaly 34, Confidence 81. NVDA matches EMA + VWAP + Premarket High. EMA 9/21/50 stack is aligned. price is holding above VWAP. volume is expanding. SPY regime is supportive. breakout is confirmed through premarket high. predicted win probability 0%. expected return 0.00R. Model rejects the trade because win probability is too low., AI decision Qualified",3.33,2371650,140.5,4.66,1.36,0.85,True,True,True,True,True,True,True,False,False,True,premarket_high
143.53,137.18,156.22,147.0,end_of_day,162,562.14,0.55,4.42,2.42,NVDA,Momentum Price Action Trend,Momentum + Price Action Trend,EMA + VWAP + ORB,Signal Selector -> Policy Critic -> Risk Governor -> Execution Router,Approved,Bracket Order / Core Session,Setup EMA + VWAP + ORB -> Policy Approved -> Entry 143.53 / Stop 137.18 / Target 156.22 -> Route Bracket Order / Core Session,2024-11-19,90,74,45,100,55,71,82,HeavyTradingModel-v2,0.0,0.0,Qualified,"Volume accelerating, EMA stack intact, Above VWAP, Intraday expansion, Close near high, Not extended from EMA 9, First 5m bullish, First 5m above VWAP, ORB confirmed, Setup: EMA + VWAP + ORB, Breakout via previous_day_high, SPY above VWAP, ML score 74, Catalyst score 45, Regime score 100, Liquidity score 55, Final score 71, AI confidence 82, Setup fit 96, Trend quality 88, ML 74, Catalyst 45, Regime 100, Memory 100, Anomaly 43, Confidence 82. NVDA matches EMA + VWAP + ORB. EMA 9/21/50 stack is aligned. price is holding above VWAP. volume is expanding. SPY regime is supportive. breakout is confirmed through previous day high. predicted win probability 0%. expected return 0.00R. Model rejects the trade because win probability is too low., AI decision Qualified",1.96,2377797,143.53,4.83,1.45,0.35,True,True,True,True,True,True,True,True,True,True,previous_day_high
137.72,131.8,149.56,138.28,end_of_day,175,98.0,0.09,4.3,0.41,NVDA,Momentum Price Action Trend,Momentum + Price Action Trend,EMA + VWAP + ORB,Signal Selector -> Policy Critic -> Risk Governor -> Execution Router,Approved,Bracket Order / Core Session,Setup EMA + VWAP + ORB -> Policy Approved -> Entry 137.72 / Stop 131.80 / Target 149.56 -> Route Bracket Order / Core Session,2024-11-29,110,79,45,100,70,73,82,HeavyTradingModel-v2,0.0,0.0,Qualified,"RVOL strong, Volume accelerating, EMA stack intact, Above VWAP, Intraday expansion, Close near high, Not extended from EMA 9, First 5m bullish, First 5m above VWAP, ORB confirmed, Setup: EMA + VWAP + ORB, Breakout via premarket_high, SPY above VWAP, ML score 79, Catalyst score 45, Regime score 100, Liquidity score 70, Final score 73, AI confidence 82, Setup fit 96, Trend quality 87, ML 79, Catalyst 45, Regime 100, Memory 100, Anomaly 42, Confidence 82. NVDA matches EMA + VWAP + ORB. EMA 9/21/50 stack is aligned. price is holding above VWAP. volume is expanding. SPY regime is supportive. breakout is confirmed through premarket high. predicted win probability 0%. expected return 0.00R. Model rejects the trade because win probability is too low., AI decision Qualified",2.55,2744022,137.72,5.46,1.02,0.55,True,True,True,True,True,True,True,True,True,True,premarket_high
135.53,126.89,152.82,127.05,end_of_day,120,-1017.6,-0.98,6.37,-6.26,NVDA,Momentum Price Action Trend,Momentum + Price Action Trend,EMA + VWAP + ORB,Signal Selector -> Policy Critic -> Risk Governor -> Execution Router,Approved,Bracket Order / Core Session,Setup EMA + VWAP + ORB -> Policy Approved -> Entry 135.53 / Stop 126.89 / Target 152.82 -> Route Bracket Order / Core Session,2024-12-18,90,73,45,100,55,71,81,HeavyTradingModel-v2,0.0,0.0,Qualified,"Volume accelerating, EMA stack intact, Above VWAP, Intraday expansion, Close near high, Not extended from EMA 9, First 5m bullish, First 5m above VWAP, ORB confirmed, Setup: EMA + VWAP + ORB, Breakout via premarket_high, SPY above VWAP, ML score 73, Catalyst score 45, Regime score 100, Liquidity score 55, Final score 71, AI confidence 81, Setup fit 96, Trend quality 87, ML 73, Catalyst 45, Regime 100, Memory 100, Anomaly 42, Confidence 81. NVDA matches EMA + VWAP + ORB. EMA 9/21/50 stack is aligned. price is holding above VWAP. volume is expanding. SPY regime is supportive. breakout is confirmed through premarket high. predicted win probability 0%. expected return 0.00R. Model rejects the trade because win probability is too low., AI decision Qualified",1.53,2840139,135.53,4.86,0.98,0.46,True,True,True,True,True,True,True,True,True,True,premarket_high
132.47,127.2,143.0,134.92,end_of_day,195,477.75,0.46,3.98,1.85,NVDA,Momentum Price Action Trend,Momentum + Price Action Trend,EMA + VWAP + ORB,Signal Selector -> Policy Critic -> Risk Governor -> Execution Router,Approved,Bracket Order / Core Session,Setup EMA + VWAP + ORB -> Policy Approved -> Entry 132.47 / Stop 127.20 / Target 143.00 -> Route Bracket Order / Core Session,2024-12-20,90,76,45,100,55,73,83,HeavyTradingModel-v2,0.0,0.0,Qualified,"Volume accelerating, EMA stack intact, Above VWAP, Intraday expansion, Close near high, Not extended from EMA 9, First 5m bullish, First 5m above VWAP, ORB confirmed, Setup: EMA + VWAP + ORB, Breakout via premarket_high, SPY above VWAP, ML score 76, Catalyst score 45, Regime score 100, Liquidity score 55, Final score 73, AI confidence 83, Setup fit 96, Trend quality 92, ML 76, Catalyst 45, Regime 100, Memory 100, Anomaly 47, Confidence 83. NVDA matches EMA + VWAP + ORB. EMA 9/21/50 stack is aligned. price is holding above VWAP. volume is expanding. SPY regime is supportive. breakout is confirmed through premarket high. predicted win probability 0%. expected return 0.00R. Model rejects the trade because win probability is too low., AI decision Qualified",1.16,2640573,132.47,5.27,2.47,1.19,True,True,True,True,True,True,True,True,True,True,premarket_high
141.88,135.13,155.37,140.05,end_of_day,153,-279.99,-0.27,4.76,-1.29,NVDA,Momentum Price Action Trend,Momentum + Price Action Trend,EMA + VWAP + ORB,Signal Selector -> Policy Critic -> Risk Governor -> Execution Router,Approved,Bracket Order / Core Session,Setup EMA + VWAP + ORB -> Policy Approved -> Entry 141.88 / Stop 135.13 / Target 155.37 -> Route Bracket Order / Core Session,2024-12-24,90,73,45,100,55,71,81,HeavyTradingModel-v2,0.0,0.0,Qualified,"Volume accelerating, EMA stack intact, Above VWAP, Intraday expansion, Close near high, Not extended from EMA 9, First 5m bullish, First 5m above VWAP, ORB confirmed, Setup: EMA + VWAP + ORB, Breakout via premarket_high, SPY above VWAP, ML score 73, Catalyst score 45, Regime score 100, Liquidity score 55, Final score 71, AI confidence 81, Setup fit 96, Trend quality 86, ML 73, Catalyst 45, Regime 100, Memory 100, Anomaly 41, Confidence 81. NVDA matches EMA + VWAP + ORB. EMA 9/21/50 stack is aligned. price is holding above VWAP. volume is expanding. SPY regime is supportive. breakout is confirmed through premarket high. predicted win probability 0%. expected return 0.00R. Model rejects the trade because win probability is too low., AI decision Qualified",1.45,2350814,141.88,5.28,0.83,0.47,True,True,True,True,True,True,True,True,True,True,premarket_high
138.65,133.2,149.54,137.42,end_of_day,189,-232.47,-0.23,3.93,-0.89,NVDA,Momentum Price Action Trend,Momentum + Price Action Trend,EMA + VWAP + ORB,Signal Selector -> Policy Critic -> Risk Governor -> Execution Router,Approved,Bracket Order / Core Session,Setup EMA + VWAP + ORB -> Policy Approved -> Entry 138.65 / Stop 133.20 / Target 149.54 -> Route Bracket Order / Core Session,2024-12-30,90,77,45,100,55,73,83,HeavyTradingModel-v2,0.0,0.0,Qualified,"Volume accelerating, EMA stack intact, Above VWAP, Intraday expansion, Close near high, Not extended from EMA 9, First 5m bullish, First 5m above VWAP, ORB confirmed, Setup: EMA + VWAP + ORB, Breakout via premarket_high, SPY above VWAP, ML score 77, Catalyst score 45, Regime score 100, Liquidity score 55, Final score 73, AI confidence 83, Setup fit 96, Trend quality 93, ML 77, Catalyst 45, Regime 100, Memory 100, Anomaly 48, Confidence 83. NVDA matches EMA + VWAP + ORB. EMA 9/21/50 stack is aligned. price is holding above VWAP. volume is expanding. SPY regime is supportive. breakout is confirmed through premarket high. predicted win probability 0%. expected return 0.00R. Model rejects the trade because win probability is too low., AI decision Qualified",0.94,2226780,138.65,5.45,2.8,0.45,True,True,True,True,True,True,True,True,True,True,premarket_high
143.11,134.65,160.03,144.42,end_of_day,121,158.51,0.15,5.91,0.92,NVDA,Momentum Price Action Trend,Momentum + Price Action Trend,EMA + VWAP + ORB,Signal Selector -> Policy Critic -> Risk Governor -> Execution Router,Approved,Bracket Order / Core Session,Setup EMA + VWAP + ORB -> Policy Approved -> Entry 143.11 / Stop 134.65 / Target 160.03 -> Route Bracket Order / Core Session,2025-01-03,105,76,45,100,70,72,81,HeavyTradingModel-v2,0.0,0.0,Qualified,"RVOL strong, Volume accelerating, EMA stack intact, Above VWAP, Intraday expansion, Not extended from EMA 9, First 5m bullish, First 5m above VWAP, ORB confirmed, Setup: EMA + VWAP + ORB, Breakout via premarket_high, SPY above VWAP, ML score 76, Catalyst score 45, Regime score 100, Liquidity score 70, Final score 72, AI confidence 81, Setup fit 96, Trend quality 78, ML 76, Catalyst 45, Regime 100, Memory 100, Anomaly 45, Confidence 81. NVDA matches EMA + VWAP + ORB. EMA 9/21/50 stack is aligned. price is holding above VWAP. volume is expanding. SPY regime is supportive. breakout is confirmed through premarket high. predicted win probability 0%. expected return 0.00R. Model rejects the trade because win probability is too low., AI decision Qualified",2.76,2203780,143.11,5.36,1.42,0.04,True,True,True,True,True,False,True,True,True,True,premarket_high
149.97,139.84,170.24,149.49,end_of_day,101,-48.48,-0.05,6.75,-0.32,NVDA,Momentum Price Action Trend,Momentum + Price Action Trend,EMA + VWAP + ORB,Signal Selector -> Policy Critic -> Risk Governor -> Execution Router,Approved,Bracket Order / Core Session,Setup EMA + VWAP + ORB -> Policy Approved -> Entry 149.97 / Stop 139.84 / Target 170.24 -> Route Bracket Order / Core Session,2025-01-06,105,76,45,100,70,73,80,HeavyTradingModel-v2,0.0,0.0,Qualified,"RVOL strong, Volume accelerating, EMA stack intact, Above VWAP, Intraday expansion, Not extended from EMA 9, First 5m bullish, First 5m above VWAP, ORB confirmed, Setup: EMA + VWAP + ORB, Breakout via premarket_high, SPY above VWAP, ML score 76, Catalyst score 45, Regime score 100, Liquidity score 70, Final score 73, AI confidence 80, Setup fit 96, Trend quality 76, ML 76, Catalyst 45, Regime 100, Memory 100, Anomaly 46, Confidence 80. NVDA matches EMA + VWAP + ORB. EMA 9/21/50 stack is aligned. price is holding above VWAP. volume is expanding. SPY regime is supportive. breakout is confirmed through premarket high. predicted win probability 0%. expected return 0.00R. Model rejects the trade because win probability is too low., AI decision Qualified",3.33,2248626,149.97,5.42,0.59,0.36,True,True,True,True,True,False,True,True,True,True,premarket_high
136.38,130.05,149.04,136.19,end_of_day,162,-30.78,-0.03,4.64,-0.14,NVDA,Momentum Price Action Trend,Momentum + Price Action Trend,EMA + VWAP + Premarket High,Signal Selector -> Policy Critic -> Risk Governor -> Execution Router,Approved,Bracket Order / Core Session,Setup EMA + VWAP + Premarket High -> Policy Approved -> Entry 136.38 / Stop 130.05 / Target 149.04 -> Route Bracket Order / Core Session,2025-01-15,80,74,45,100,55,70,81,HeavyTradingModel-v2,0.0,0.0,Qualified,"Volume accelerating, EMA stack intact, Above VWAP, Intraday expansion, Close near high, Not extended from EMA 9, ORB confirmed, Setup: EMA + VWAP + Premarket High, Breakout via premarket_high, SPY above VWAP, ML score 74, Catalyst score 45, Regime score 100, Liquidity score 55, Final score 70, AI confidence 81, Setup fit 92, Trend quality 92, ML 74, Catalyst 45, Regime 100, Memory 100, Anomaly 33, Confidence 81. NVDA matches EMA + VWAP + Premarket High. EMA 9/21/50 stack is aligned. price is holding above VWAP. volume is expanding. SPY regime is supportive. breakout is confirmed through premarket high. predicted win probability 0%. expected return 0.00R. Model rejects the trade because win probability is too low., AI decision Qualified",0.91,2338272,136.38,6.13,2.73,0.29,True,True,True,True,True,True,True,False,False,True,premarket_high
137.19,130.95,149.66,137.73,end_of_day,164,88.56,0.09,4.55,0.39,NVDA,Momentum Price Action Trend,Momentum + Price Action Trend,EMA + VWAP + ORB,Signal Selector -> Policy Critic -> Risk Governor -> Execution Router,Approved,Bracket Order / Core Session,Setup EMA + VWAP + ORB -> Policy Approved -> Entry 137.19 / Stop 130.95 / Target 149.66 -> Route Bracket Order / Core Session,2025-01-17,90,73,45,100,55,71,81,HeavyTradingModel-v2,0.0,0.0,Qualified,"Volume accelerating, EMA stack intact, Above VWAP, Intraday expansion, Close near high, Not extended from EMA 9, First 5m bullish, First 5m above VWAP, ORB confirmed, Setup: EMA + VWAP + ORB, Breakout via premarket_high, SPY above VWAP, ML score 73, Catalyst score 45, Regime score 100, Liquidity score 55, Final score 71, AI confidence 81, Setup fit 96, Trend quality 86, ML 73, Catalyst 45, Regime 100, Memory 100, Anomaly 41, Confidence 81. NVDA matches EMA + VWAP + ORB. EMA 9/21/50 stack is aligned. price is holding above VWAP. volume is expanding. SPY regime is supportive. breakout is confirmed through premarket high. predicted win probability 0%. expected return 0.00R. Model rejects the trade because win probability is too low., AI decision Qualified",1.55,2154319,137.19,6.24,0.9,0.57,True,True,True,True,True,True,True,True,True,True,premarket_high
146.63,137.09,165.72,147.03,end_of_day,107,42.8,0.04,6.51,0.27,NVDA,Momentum Price Action Trend,Momentum + Price Action Trend,EMA + VWAP + ORB,Signal Selector -> Policy Critic -> Risk Governor -> Execution Router,Approved,Bracket Order / Core Session,Setup EMA + VWAP + ORB -> Policy Approved -> Entry 146.63 / Stop 137.09 / Target 165.72 -> Route Bracket Order / Core Session,2025-01-22,85,69,45,100,55,70,79,HeavyTradingModel-v2,0.0,0.0,Qualified,"Volume accelerating, EMA stack intact, Above VWAP, Intraday expansion, Not extended from EMA 9, First 5m bullish, First 5m above VWAP, ORB confirmed, Setup: EMA + VWAP + ORB, Breakout via premarket_high, SPY above VWAP, ML score 69, Catalyst score 45, Regime score 100, Liquidity score 55, Final score 70, AI confidence 79, Setup fit 96, Trend quality 78, ML 69, Catalyst 45, Regime 100, Memory 100, Anomaly 42, Confidence 79. NVDA matches EMA + VWAP + ORB. EMA 9/21/50 stack is aligned. price is holding above VWAP. volume is expanding. SPY regime is supportive. breakout is confirmed through premarket high. predicted win probability 0%. expected return 0.00R. Model rejects the trade because win probability is too low., AI decision Qualified",2.1,2201672,146.63,6.26,1.24,0.05,True,True,True,True,True,False,True,True,True,True,premarket_high
145.63,139.42,158.04,147.21,end_of_day,165,260.7,0.25,4.26,1.08,NVDA,Momentum Price Action Trend,Momentum + Price Action Trend,EMA + VWAP + ORB,Signal Selector -> Policy Critic -> Risk Governor -> Execution Router,Approved,Bracket Order / Core Session,Setup EMA + VWAP + ORB -> Policy Approved -> Entry 145.63 / Stop 139.42 / Target 158.04 -> Route Bracket Order / Core Session,2025-01-23,90,73,45,100,55,71,81,HeavyTradingModel-v2,0.0,0.0,Qualified,"Volume accelerating, EMA stack intact, Above VWAP, Intraday expansion, Close near high, Not extended from EMA 9, First 5m bullish, First 5m above VWAP, ORB confirmed, Setup: EMA + VWAP + ORB, Breakout via premarket_high, SPY above VWAP, ML score 73, Catalyst score 45, Regime score 100, Liquidity score 55, Final score 71, AI confidence 81, Setup fit 96, Trend quality 86, ML 73, Catalyst 45, Regime 100, Memory 100, Anomaly 41, Confidence 81. NVDA matches EMA + VWAP + ORB. EMA 9/21/50 stack is aligned. price is holding above VWAP. volume is expanding. SPY regime is supportive. breakout is confirmed through premarket high. predicted win probability 0%. expected return 0.00R. Model rejects the trade because win probability is too low., AI decision Qualified",2.25,2195195,145.63,6.21,0.75,0.18,True,True,True,True,True,True,True,True,True,True,premarket_high
123.44,115.33,139.68,128.81,end_of_day,127,681.99,0.66,6.57,4.35,NVDA,Momentum Price Action Trend,Momentum + Price Action Trend,EMA + VWAP + Premarket High,Signal Selector -> Policy Critic -> Risk Governor -> Execution Router,Approved,Bracket Order / Core Session,Setup EMA + VWAP + Premarket High -> Policy Approved -> Entry 123.44 / Stop 115.33 / Target 139.68 -> Route Bracket Order / Core Session,2025-01-28,100,90,45,100,80,78,86,HeavyTradingModel-v2,0.0,0.0,Qualified,"RVOL strong, Volume accelerating, EMA stack intact, Above VWAP, Intraday expansion, Close near high, Not extended from EMA 9, ORB confirmed, Setup: EMA + VWAP + Premarket High, Breakout via premarket_high, SPY above VWAP, ML score 90, Catalyst score 45, Regime score 100, Liquidity score 80, Final score 78, AI confidence 86, Setup fit 92, Trend quality 95, ML 90, Catalyst 45, Regime 100, Memory 100, Anomaly 51, Confidence 86. NVDA matches EMA + VWAP + Premarket High. EMA 9/21/50 stack is aligned. price is holding above VWAP. volume is expanding. SPY regime is supportive. breakout is confirmed through premarket high. predicted win probability 0%. expected return 0.00R. Model rejects the trade because win probability is too low., AI decision Qualified",4.83,3703430,123.44,8.12,3.49,1.22,True,True,True,True,True,True,True,False,False,True,premarket_high
127.27,118.1,145.61,120.03,end_of_day,113,-817.55,-0.79,7.21,-5.68,NVDA,Momentum Price Action Trend,Momentum + Price Action Trend,EMA + VWAP + Premarket High,Signal Selector -> Policy Critic -> Risk Governor -> Execution Router,Approved,Bracket Order / Core Session,Setup EMA + VWAP + Premarket High -> Policy Approved -> Entry 127.27 / Stop 118.10 / Target 145.61 -> Route Bracket Order / Core Session,2025-01-31,80,74,45,100,55,70,81,HeavyTradingModel-v2,0.0,0.0,Qualified,"Volume accelerating, EMA stack intact, Above VWAP, Intraday expansion, Close near high, Not extended from EMA 9, ORB confirmed, Setup: EMA + VWAP + Premarket High, Breakout via premarket_high, SPY above VWAP, ML score 74, Catalyst score 45, Regime score 100, Liquidity score 55, Final score 70, AI confidence 81, Setup fit 92, Trend quality 92, ML 74, Catalyst 45, Regime 100, Memory 100, Anomaly 33, Confidence 81. NVDA matches EMA + VWAP + Premarket High. EMA 9/21/50 stack is aligned. price is holding above VWAP. volume is expanding. SPY regime is supportive. breakout is confirmed through premarket high. predicted win probability 0%. expected return 0.00R. Model rejects the trade because win probability is too low., AI decision Qualified",2.14,4777457,127.27,8.07,2.71,0.64,True,True,True,True,True,True,True,False,False,True,premarket_high
117.33,109.21,133.57,116.65,end_of_day,127,-86.36,-0.08,6.92,-0.58,NVDA,Momentum Price Action Trend,Momentum + Price Action Trend,EMA + VWAP + Premarket High,Signal Selector -> Policy Critic -> Risk Governor -> Execution Router,Approved,Bracket Order / Core Session,Setup EMA + VWAP + Premarket High -> Policy Approved -> Entry 117.33 / Stop 109.21 / Target 133.57 -> Route Bracket Order / Core Session,2025-02-03,95,74,45,100,70,70,79,HeavyTradingModel-v2,0.0,0.0,Qualified,"RVOL strong, Volume accelerating, EMA stack intact, Above VWAP, Intraday expansion, Not extended from EMA 9, First 5m above VWAP, ORB confirmed, Setup: EMA + VWAP + Premarket High, Breakout via premarket_high, SPY above VWAP, ML score 74, Catalyst score 45, Regime score 100, Liquidity score 70, Final score 70, AI confidence 79, Setup fit 92, Trend quality 82, ML 74, Catalyst 45, Regime 100, Memory 100, Anomaly 34, Confidence 79. NVDA matches EMA + VWAP + Premarket High. EMA 9/21/50 stack is aligned. price is holding above VWAP. volume is expanding. SPY regime is supportive. breakout is confirmed through premarket high. predicted win probability 0%. expected return 0.00R. Model rejects the trade because win probability is too low., AI decision Qualified",2.59,4994001,117.33,8.12,2.58,0.5,True,True,True,True,True,False,True,False,True,True,premarket_high
119.36,111.36,135.35,118.63,end_of_day,128,-93.44,-0.09,6.7,-0.61,NVDA,Momentum Price Action Trend,Momentum + Price Action Trend,EMA + VWAP + ORB,Signal Selector -> Policy Critic -> Risk Governor -> Execution Router,Approved,Bracket Order / Core Session,Setup EMA + VWAP + ORB -> Policy Approved -> Entry 119.36 / Stop 111.36 / Target 135.35 -> Route Bracket Order / Core Session,2025-02-04,85,69,45,100,70,70,79,HeavyTradingModel-v2,0.0,0.0,Qualified,"Volume accelerating, EMA stack intact, Above VWAP, Intraday expansion, Not extended from EMA 9, First 5m bullish, First 5m above VWAP, ORB confirmed, Setup: EMA + VWAP + ORB, Breakout via premarket_high, SPY above VWAP, ML score 69, Catalyst score 45, Regime score 100, Liquidity score 70, Final score 70, AI confidence 79, Setup fit 96, Trend quality 78, ML 69, Catalyst 45, Regime 100, Memory 100, Anomaly 43, Confidence 79. NVDA matches EMA + VWAP + ORB. EMA 9/21/50 stack is aligned. price is holding above VWAP. volume is expanding. SPY regime is supportive. breakout is confirmed through premarket high. predicted win probability 0%. expected return 0.00R. Model rejects the trade because win probability is too low., AI decision Qualified",2.42,5043174,119.36,8.0,1.31,0.89,True,True,True,True,True,False,True,True,True,True,premarket_high
134.26,126.4,149.98,133.57,end_of_day,131,-90.39,-0.09,5.85,-0.51,NVDA,Momentum Price Action Trend,Momentum + Price Action Trend,EMA + VWAP + ORB,Signal Selector -> Policy Critic -> Risk Governor -> Execution Router,Approved,Bracket Order / Core Session,Setup EMA + VWAP + ORB -> Policy Approved -> Entry 134.26 / Stop 126.40 / Target 149.98 -> Route Bracket Order / Core Session,2025-02-10,85,70,45,100,70,70,80,HeavyTradingModel-v2,0.0,0.0,Qualified,"Volume accelerating, EMA stack intact, Above VWAP, Intraday expansion, Not extended from EMA 9, First 5m bullish, First 5m above VWAP, ORB confirmed, Setup: EMA + VWAP + ORB, Breakout via premarket_high, SPY above VWAP, ML score 70, Catalyst score 45, Regime score 100, Liquidity score 70, Final score 70, AI confidence 80, Setup fit 96, Trend quality 80, ML 70, Catalyst 45, Regime 100, Memory 100, Anomaly 44, Confidence 80. NVDA matches EMA + VWAP + ORB. EMA 9/21/50 stack is aligned. price is holding above VWAP. volume is expanding. SPY regime is supportive. breakout is confirmed through premarket high. predicted win probability 0%. expected return 0.00R. Model rejects the trade because win probability is too low., AI decision Qualified",0.59,5229762,134.26,7.86,1.82,0.05,True,True,True,True,True,False,True,True,True,True,premarket_high
136.42,128.92,151.42,135.25,end_of_day,137,-160.29,-0.16,5.5,-0.86,NVDA,Momentum Price Action Trend,Momentum + Price Action Trend,EMA + VWAP + Premarket High,Signal Selector -> Policy Critic -> Risk Governor -> Execution Router,Approved,Bracket Order / Core Session,Setup EMA + VWAP + Premarket High -> Policy Approved -> Entry 136.42 / Stop 128.92 / Target 151.42 -> Route Bracket Order / Core Session,2025-02-13,80,74,45,100,70,70,81,HeavyTradingModel-v2,0.0,0.0,Qualified,"Volume accelerating, EMA stack intact, Above VWAP, Intraday expansion, Close near high, Not extended from EMA 9, ORB confirmed, Setup: EMA + VWAP + Premarket High, Breakout via premarket_high, SPY above VWAP, ML score 74, Catalyst score 45, Regime score 100, Liquidity score 70, Final score 70, AI confidence 81, Setup fit 92, Trend quality 92, ML 74, Catalyst 45, Regime 100, Memory 100, Anomaly 33, Confidence 81. NVDA matches EMA + VWAP + Premarket High. EMA 9/21/50 stack is aligned. price is holding above VWAP. volume is expanding. SPY regime is supportive. breakout is confirmed through premarket high. predicted win probability 0%. expected return 0.00R. Model rejects the trade because win probability is too low., AI decision Qualified",1.06,5235750,136.42,7.5,2.55,1.16,True,True,True,True,True,True,True,False,False,True,premarket_high
131.32,124.49,144.99,131.0,end_of_day,150,-48.0,-0.05,5.2,-0.24,NVDA,Momentum Price Action Trend,Momentum + Price Action Trend,EMA + VWAP + ORB,Signal Selector -> Policy Critic -> Risk Governor -> Execution Router,Approved,Bracket Order / Core Session,Setup EMA + VWAP + ORB -> Policy Approved -> Entry 131.32 / Stop 124.49 / Target 144.99 -> Route Bracket Order / Core Session,2025-02-26,90,74,45,100,55,72,82,HeavyTradingModel-v2,0.0,0.0,Qualified,"Volume accelerating, EMA stack intact, Above VWAP, Intraday expansion, Close near high, Not extended from EMA 9, First 5m bullish, First 5m above VWAP, ORB confirmed, Setup: EMA + VWAP + ORB, Breakout via premarket_high, SPY above VWAP, ML score 74, Catalyst score 45, Regime score 100, Liquidity score 55, Final score 72, AI confidence 82, Setup fit 96, Trend quality 89, ML 74, Catalyst 45, Regime 100, Memory 100, Anomaly 44, Confidence 82. NVDA matches EMA + VWAP + ORB. EMA 9/21/50 stack is aligned. price is holding above VWAP. volume is expanding. SPY regime is supportive. breakout is confirmed through premarket high. predicted win probability 0%. expected return 0.00R. Model rejects the trade because win probability is too low., AI decision Qualified",1.76,4393985,131.32,5.03,1.56,0.43,True,True,True,True,True,True,True,True,True,True,premarket_high
123.26,117.02,135.74,125.0,end_of_day,164,284.54,0.28,5.06,1.41,NVDA,Momentum Price Action Trend,Momentum + Price Action Trend,EMA + VWAP + Premarket High,Signal Selector -> Policy Critic -> Risk Governor -> Execution Router,Approved,Bracket Order / Core Session,Setup EMA + VWAP + Premarket High -> Policy Approved -> Entry 123.26 / Stop 117.02 / Target 135.74 -> Route Bracket Order / Core Session,2025-02-28,95,83,45,100,70,75,83,HeavyTradingModel-v2,0.0,0.0,Qualified,"RVOL strong, Volume accelerating, EMA stack intact, Above VWAP, Intraday expansion, Not extended from EMA 9, First 5m bullish, ORB confirmed, Setup: EMA + VWAP + Premarket High, Breakout via premarket_high, SPY above VWAP, ML score 83, Catalyst score 45, Regime score 100, Liquidity score 70, Final score 75, AI confidence 83, Setup fit 92, Trend quality 89, ML 83, Catalyst 45, Regime 100, Memory 100, Anomaly 47, Confidence 83. NVDA matches EMA + VWAP + Premarket High. EMA 9/21/50 stack is aligned. price is holding above VWAP. volume is expanding. SPY regime is supportive. breakout is confirmed through premarket high. predicted win probability 0%. expected return 0.00R. Model rejects the trade because win probability is too low., AI decision Qualified",3.67,4038542,123.26,6.24,4.68,1.74,True,True,True,True,True,False,True,True,False,True,premarket_high
116.08,108.89,130.46,115.92,end_of_day,143,-22.88,-0.02,6.19,-0.14,NVDA,Momentum Price Action Trend,Momentum + Price Action Trend,EMA + VWAP + ORB,Signal Selector -> Policy Critic -> Risk Governor -> Execution Router,Approved,Bracket Order / Core Session,Setup EMA + VWAP + ORB -> Policy Approved -> Entry 116.08 / Stop 108.89 / Target 130.46 -> Route Bracket Order / Core Session,2025-03-04,85,71,45,100,55,71,80,HeavyTradingModel-v2,0.0,0.0,Qualified,"Volume accelerating, EMA stack intact, Above VWAP, Intraday expansion, Not extended from EMA 9, First 5m bullish, First 5m above VWAP, ORB confirmed, Setup: EMA + VWAP + ORB, Breakout via premarket_high, SPY above VWAP, ML score 71, Catalyst score 45, Regime score 100, Liquidity score 55, Final score 71, AI confidence 80, Setup fit 96, Trend quality 81, ML 71, Catalyst 45, Regime 100, Memory 100, Anomaly 46, Confidence 80. NVDA matches EMA + VWAP + ORB. EMA 9/21/50 stack is aligned. price is holding above VWAP. volume is expanding. SPY regime is supportive. breakout is confirmed through premarket high. predicted win probability 0%. expected return 0.00R. Model rejects the trade because win probability is too low., AI decision Qualified",2.25,4025794,116.08,7.19,2.35,0.61,True,True,True,True,True,False,True,True,True,True,premarket_high
112.66,105.2,127.57,112.71,end_of_day,137,6.85,0.01,6.62,0.04,NVDA,Momentum Price Action Trend,Momentum + Price Action Trend,EMA + VWAP + ORB,Signal Selector -> Policy Critic -> Risk Governor -> Execution Router,Approved,Bracket Order / Core Session,Setup EMA + VWAP + ORB -> Policy Approved -> Entry 112.66 / Stop 105.20 / Target 127.57 -> Route Bracket Order / Core Session,2025-03-07,90,73,45,100,55,70,81,HeavyTradingModel-v2,0.0,0.0,Qualified,"Volume accelerating, EMA stack intact, Above VWAP, Intraday expansion, Close near high, Not extended from EMA 9, First 5m bullish, First 5m above VWAP, ORB confirmed, Setup: EMA + VWAP + ORB, Breakout via premarket_high, SPY above VWAP, ML score 73, Catalyst score 45, Regime score 100, Liquidity score 55, Final score 70, AI confidence 81, Setup fit 96, Trend quality 85, ML 73, Catalyst 45, Regime 100, Memory 100, Anomaly 40, Confidence 81. NVDA matches EMA + VWAP + ORB. EMA 9/21/50 stack is aligned. price is holding above VWAP. volume is expanding. SPY regime is supportive. breakout is confirmed through premarket high. predicted win probability 0%. expected return 0.00R. Model rejects the trade because win probability is too low., AI decision Qualified",1.13,4069496,112.66,7.46,0.58,0.42,True,True,True,True,True,True,True,True,True,True,premarket_high
110.16,102.34,125.79,108.7,end_of_day,131,-191.26,-0.19,7.1,-1.33,NVDA,Momentum Price Action Trend,Momentum + Price Action Trend,EMA + VWAP + ORB,Signal Selector -> Policy Critic -> Risk Governor -> Execution Router,Approved,Bracket Order / Core Session,Setup EMA + VWAP + ORB -> Policy Approved -> Entry 110.16 / Stop 102.34 / Target 125.79 -> Route Bracket Order / Core Session,2025-03-11,85,71,45,100,55,71,80,HeavyTradingModel-v2,0.0,0.0,Qualified,"Volume accelerating, EMA stack intact, Above VWAP, Intraday expansion, Not extended from EMA 9, First 5m bullish, First 5m above VWAP, ORB confirmed, Setup: EMA + VWAP + ORB, Breakout via premarket_high, SPY above VWAP, ML score 71, Catalyst score 45, Regime score 100, Liquidity score 55, Final score 71, AI confidence 80, Setup fit 96, Trend quality 81, ML 71, Catalyst 45, Regime 100, Memory 100, Anomaly 46, Confidence 80. NVDA matches EMA + VWAP + ORB. EMA 9/21/50 stack is aligned. price is holding above VWAP. volume is expanding. SPY regime is supportive. breakout is confirmed through premarket high. predicted win probability 0%. expected return 0.00R. Model rejects the trade because win probability is too low., AI decision Qualified",1.74,4254414,110.16,7.82,2.31,1.03,True,True,True,True,True,False,True,True,True,True,premarket_high
120.89,113.17,136.33,121.54,end_of_day,133,86.45,0.08,6.39,0.54,NVDA,Momentum Price Action Trend,Momentum + Price Action Trend,EMA + VWAP + ORB,Signal Selector -> Policy Critic -> Risk Governor -> Execution Router,Approved,Bracket Order / Core Session,Setup EMA + VWAP + ORB -> Policy Approved -> Entry 120.89 / Stop 113.17 / Target 136.33 -> Route Bracket Order / Core Session,2025-03-14,90,74,45,100,55,71,81,HeavyTradingModel-v2,0.0,0.0,Qualified,"Volume accelerating, EMA stack intact, Above VWAP, Intraday expansion, Close near high, Not extended from EMA 9, First 5m bullish, First 5m above VWAP, ORB confirmed, Setup: EMA + VWAP + ORB, Breakout via premarket_high, SPY above VWAP, ML score 74, Catalyst score 45, Regime score 100, Liquidity score 55, Final score 71, AI confidence 81, Setup fit 96, Trend quality 87, ML 74, Catalyst 45, Regime 100, Memory 100, Anomaly 42, Confidence 81. NVDA matches EMA + VWAP + ORB. EMA 9/21/50 stack is aligned. price is holding above VWAP. volume is expanding. SPY regime is supportive. breakout is confirmed through premarket high. predicted win probability 0%. expected return 0.00R. Model rejects the trade because win probability is too low., AI decision Qualified",1.67,4498900,120.89,7.72,1.18,0.56,True,True,True,True,True,True,True,True,True,True,premarket_high
119.58,112.8,133.13,117.53,end_of_day,151,-309.55,-0.3,5.67,-1.71,NVDA,Momentum Price Action Trend,Momentum + Price Action Trend,EMA + VWAP + Premarket High,Signal Selector -> Policy Critic -> Risk Governor -> Execution Router,Approved,Bracket Order / Core Session,Setup EMA + VWAP + Premarket High -> Policy Approved -> Entry 119.58 / Stop 112.80 / Target 133.13 -> Route Bracket Order / Core Session,2025-03-19,80,73,45,100,55,70,80,HeavyTradingModel-v2,0.0,0.0,Qualified,"Volume accelerating, EMA stack intact, Above VWAP, Intraday expansion, Close near high, Not extended from EMA 9, ORB confirmed, Setup: EMA + VWAP + Premarket High, Breakout via premarket_high, SPY above VWAP, ML score 73, Catalyst score 45, Regime score 100, Liquidity score 55, Final score 70, AI confidence 80, Setup fit 92, Trend quality 91, ML 73, Catalyst 45, Regime 100, Memory 100, Anomaly 32, Confidence 80. NVDA matches EMA + VWAP + Premarket High. EMA 9/21/50 stack is aligned. price is holding above VWAP. volume is expanding. SPY regime is supportive. breakout is confirmed through premarket high. predicted win probability 0%. expected return 0.00R. Model rejects the trade because win probability is too low., AI decision Qualified",0.86,4739729,119.58,6.78,2.38,0.48,True,True,True,True,True,True,True,False,False,True,premarket_high
121.41,115.43,133.35,121.24,end_of_day,171,-29.07,-0.03,4.93,-0.14,NVDA,Momentum Price Action Trend,Momentum + Price Action Trend,EMA + VWAP + ORB,Signal Selector -> Policy Critic -> Risk Governor -> Execution Router,Approved,Bracket Order / Core Session,Setup EMA + VWAP + ORB -> Policy Approved -> Entry 121.41 / Stop 115.43 / Target 133.35 -> Route Bracket Order / Core Session,2025-03-24,90,73,45,100,55,71,81,HeavyTradingModel-v2,0.0,0.0,Qualified,"Volume accelerating, EMA stack intact, Above VWAP, Intraday expansion, Close near high, Not extended from EMA 9, First 5m bullish, First 5m above VWAP, ORB confirmed, Setup: EMA + VWAP + ORB, Breakout via premarket_high, SPY above VWAP, ML score 73, Catalyst score 45, Regime score 100, Liquidity score 55, Final score 71, AI confidence 81, Setup fit 96, Trend quality 86, ML 73, Catalyst 45, Regime 100, Memory 100, Anomaly 41, Confidence 81. NVDA matches EMA + VWAP + ORB. EMA 9/21/50 stack is aligned. price is holding above VWAP. volume is expanding. SPY regime is supportive. breakout is confirmed through premarket high. predicted win probability 0%. expected return 0.00R. Model rejects the trade because win probability is too low., AI decision Qualified",1.34,4727336,121.41,5.41,0.8,0.6,True,True,True,True,True,True,True,True,True,True,premarket_high
107.56,102.7,117.29,108.53,end_of_day,210,202.65,0.2,4.52,0.9,NVDA,Momentum Price Action Trend,Momentum + Price Action Trend,EMA + VWAP + Premarket High,Signal Selector -> Policy Critic -> Risk Governor -> Execution Router,Approved,Bracket Order / Core Session,Setup EMA + VWAP + Premarket High -> Policy Approved -> Entry 107.56 / Stop 102.70 / Target 117.29 -> Route Bracket Order / Core Session,2025-03-31,80,74,45,100,55,70,81,HeavyTradingModel-v2,0.0,0.0,Qualified,"Volume accelerating, EMA stack intact, Above VWAP, Intraday expansion, Close near high, Not extended from EMA 9, ORB confirmed, Setup: EMA + VWAP + Premarket High, Breakout via premarket_high, SPY above VWAP, ML score 74, Catalyst score 45, Regime score 100, Liquidity score 55, Final score 70, AI confidence 81, Setup fit 92, Trend quality 93, ML 74, Catalyst 45, Regime 100, Memory 100, Anomaly 34, Confidence 81. NVDA matches EMA + VWAP + Premarket High. EMA 9/21/50 stack is aligned. price is holding above VWAP. volume is expanding. SPY regime is supportive. breakout is confirmed through premarket high. predicted win probability 0%. expected return 0.00R. Model rejects the trade because win probability is too low., AI decision Qualified",1.27,4378573,107.56,4.86,2.88,0.92,True,True,True,True,True,True,True,False,False,True,premarket_high
109.28,104.64,118.55,110.31,end_of_day,221,227.63,0.22,4.25,0.94,NVDA,Momentum Price Action Trend,Momentum + Price Action Trend,EMA + VWAP + ORB,Signal Selector -> Policy Critic -> Risk Governor -> Execution Router,Approved,Bracket Order / Core Session,Setup EMA + VWAP + ORB -> Policy Approved -> Entry 109.28 / Stop 104.64 / Target 118.55 -> Route Bracket Order / Core Session,2025-04-02,90,74,45,100,55,71,82,HeavyTradingModel-v2,0.0,0.0,Qualified,"Volume accelerating, EMA stack intact, Above VWAP, Intraday expansion, Close near high, Not extended from EMA 9, First 5m bullish, First 5m above VWAP, ORB confirmed, Setup: EMA + VWAP + ORB, Breakout via premarket_high, SPY above VWAP, ML score 74, Catalyst score 45, Regime score 100, Liquidity score 55, Final score 71, AI confidence 82, Setup fit 96, Trend quality 88, ML 74, Catalyst 45, Regime 100, Memory 100, Anomaly 43, Confidence 82. NVDA matches EMA + VWAP + ORB. EMA 9/21/50 stack is aligned. price is holding above VWAP. volume is expanding. SPY regime is supportive. breakout is confirmed through premarket high. predicted win probability 0%. expected return 0.00R. Model rejects the trade because win probability is too low., AI decision Qualified",1.03,4194074,109.28,4.64,1.48,0.19,True,True,True,True,True,True,True,True,True,True,premarket_high
97.67,87.5,118.01,97.62,end_of_day,101,-5.05,-0.0,10.41,-0.05,NVDA,Momentum Price Action Trend,Momentum + Price Action Trend,EMA + VWAP + ORB,Signal Selector -> Policy Critic -> Risk Governor -> Execution Router,Approved,Bracket Order / Core Session,Setup EMA + VWAP + ORB -> Policy Approved -> Entry 97.67 / Stop 87.50 / Target 118.01 -> Route Bracket Order / Core Session,2025-04-07,100,91,45,100,80,84,88,HeavyTradingModel-v2,0.0,0.0,Qualified,"RVOL strong, Volume accelerating, EMA stack intact, Above VWAP, Intraday expansion, First 5m bullish, First 5m above VWAP, ORB confirmed, Setup: EMA + VWAP + ORB, Breakout via premarket_high, SPY above VWAP, ML score 91, Catalyst score 45, Regime score 100, Liquidity score 80, Final score 84, AI confidence 88, Setup fit 96, Trend quality 83, ML 91, Catalyst 45, Regime 100, Memory 100, Anomaly 84, Confidence 88. NVDA matches EMA + VWAP + ORB. EMA 9/21/50 stack is aligned. price is holding above VWAP. volume is expanding. SPY regime is supportive. breakout is confirmed through premarket high. predicted win probability 0%. expected return 0.00R. Model rejects the trade because win probability is too low., AI decision Qualified",5.53,4577214,97.67,5.89,10.75,3.74,True,True,True,True,True,False,False,True,True,True,premarket_high
105.31,86.62,142.69,96.58,end_of_day,55,-480.15,-0.47,17.75,-8.29,NVDA,Momentum Price Action Trend,Momentum + Price Action Trend,EMA + VWAP + Premarket High,Signal Selector -> Policy Critic -> Risk Governor -> Execution Router,Approved,Bracket Order / Core Session,Setup EMA + VWAP + Premarket High -> Policy Approved -> Entry 105.31 / Stop 86.62 / Target 142.69 -> Route Bracket Order / Core Session,2025-04-08,95,74,45,100,70,70,79,HeavyTradingModel-v2,0.0,0.0,Qualified,"RVOL strong, Volume accelerating, EMA stack intact, Above VWAP, Intraday expansion, Not extended from EMA 9, ORB confirmed, Setup: EMA + VWAP + Premarket High, Breakout via premarket_high, SPY above VWAP, ML score 74, Catalyst score 45, Regime score 100, Liquidity score 70, Final score 70, AI confidence 79, Setup fit 92, Trend quality 78, ML 74, Catalyst 45, Regime 100, Memory 100, Anomaly 33, Confidence 79. NVDA matches EMA + VWAP + Premarket High. EMA 9/21/50 stack is aligned. price is holding above VWAP. volume is expanding. SPY regime is supportive. breakout is confirmed through premarket high. predicted win probability 0%. expected return 0.00R. Model rejects the trade because win probability is too low., AI decision Qualified",3.13,4664691,105.31,6.35,1.3,0.46,True,True,True,True,True,False,True,False,False,True,premarket_high
99.97,92.55,114.8,114.8,target,138,2046.54,2.0,7.42,14.83,NVDA,Momentum Price Action Trend,Momentum + Price Action Trend,EMA + VWAP + ORB,Signal Selector -> Policy Critic -> Risk Governor -> Execution Router,Approved,Bracket Order / Core Session,Setup EMA + VWAP + ORB -> Policy Approved -> Entry 99.97 / Stop 92.55 / Target 114.80 -> Route Bracket Order / Core Session,2025-04-09,85,70,45,100,55,70,80,HeavyTradingModel-v2,0.0,0.0,Qualified,"Volume accelerating, EMA stack intact, Above VWAP, Intraday expansion, Not extended from EMA 9, First 5m bullish, First 5m above VWAP, ORB confirmed, Setup: EMA + VWAP + ORB, Breakout via premarket_high, SPY above VWAP, ML score 70, Catalyst score 45, Regime score 100, Liquidity score 55, Final score 70, AI confidence 80, Setup fit 96, Trend quality 80, ML 70, Catalyst 45, Regime 100, Memory 100, Anomaly 45, Confidence 80. NVDA matches EMA + VWAP + ORB. EMA 9/21/50 stack is aligned. price is holding above VWAP. volume is expanding. SPY regime is supportive. breakout is confirmed through premarket high. predicted win probability 0%. expected return 0.00R. Model rejects the trade because win probability is too low., AI decision Qualified",2.34,4907868,99.97,7.42,1.97,0.27,True,True,True,True,True,False,True,True,True,True,premarket_high
110.39,102.43,126.3,110.77,end_of_day,131,49.12,0.05,7.21,0.34,NVDA,Momentum Price Action Trend,Momentum + Price Action Trend,EMA + VWAP + ORB,Signal Selector -> Policy Critic -> Risk Governor -> Execution Router,Approved,Bracket Order / Core Session,Setup EMA + VWAP + ORB -> Policy Approved -> Entry 110.39 / Stop 102.43 / Target 126.30 -> Route Bracket Order / Core Session,2025-04-11,85,70,45,100,70,70,80,HeavyTradingModel-v2,0.0,0.0,Qualified,"Volume accelerating, EMA stack intact, Above VWAP, Intraday expansion, Not extended from EMA 9, First 5m bullish, First 5m above VWAP, ORB confirmed, Setup: EMA + VWAP + ORB, Breakout via premarket_high, SPY above VWAP, ML score 70, Catalyst score 45, Regime score 100, Liquidity score 70, Final score 70, AI confidence 80, Setup fit 96, Trend quality 79, ML 70, Catalyst 45, Regime 100, Memory 100, Anomaly 44, Confidence 80. NVDA matches EMA + VWAP + ORB. EMA 9/21/50 stack is aligned. price is holding above VWAP. volume is expanding. SPY regime is supportive. breakout is confirmed through premarket high. predicted win probability 0%. expected return 0.00R. Model rejects the trade because win probability is too low., AI decision Qualified",2.04,5050006,110.39,7.96,1.77,0.55,True,True,True,True,True,False,True,True,True,True,premarket_high
99.08,90.68,115.9,98.86,end_of_day,124,-26.66,-0.03,8.48,-0.22,NVDA,Momentum Price Action Trend,Momentum + Price Action Trend,EMA + VWAP + ORB,Signal Selector -> Policy Critic -> Risk Governor -> Execution Router,Approved,Bracket Order / Core Session,Setup EMA + VWAP + ORB -> Policy Approved -> Entry 99.08 / Stop 90.68 / Target 115.90 -> Route Bracket Order / Core Session,2025-04-22,90,74,45,100,70,72,82,HeavyTradingModel-v2,0.0,0.0,Qualified,"Volume accelerating, EMA stack intact, Above VWAP, Intraday expansion, Close near high, Not extended from EMA 9, First 5m bullish, First 5m above VWAP, ORB confirmed, Setup: EMA + VWAP + ORB, Breakout via premarket_high, SPY above VWAP, ML score 74, Catalyst score 45, Regime score 100, Liquidity score 70, Final score 72, AI confidence 82, Setup fit 96, Trend quality 88, ML 74, Catalyst 45, Regime 100, Memory 100, Anomaly 43, Confidence 82. NVDA matches EMA + VWAP + ORB. EMA 9/21/50 stack is aligned. price is holding above VWAP. volume is expanding. SPY regime is supportive. breakout is confirmed through premarket high. predicted win probability 0%. expected return 0.00R. Model rejects the trade because win probability is too low., AI decision Qualified",1.68,5049257,99.08,8.41,1.5,0.38,True,True,True,True,True,True,True,True,True,True,premarket_high
105.36,97.24,121.62,106.54,end_of_day,128,151.04,0.15,7.71,1.12,NVDA,Momentum Price Action Trend,Momentum + Price Action Trend,EMA + VWAP + ORB,Signal Selector -> Policy Critic -> Risk Governor -> Execution Router,Approved,Bracket Order / Core Session,Setup EMA + VWAP + ORB -> Policy Approved -> Entry 105.36 / Stop 97.24 / Target 121.62 -> Route Bracket Order / Core Session,2025-04-24,90,75,45,100,55,72,82,HeavyTradingModel-v2,0.0,0.0,Qualified,"Volume accelerating, EMA stack intact, Above VWAP, Intraday expansion, Close near high, Not extended from EMA 9, First 5m bullish, First 5m above VWAP, ORB confirmed, Setup: EMA + VWAP + ORB, Breakout via premarket_high, SPY above VWAP, ML score 75, Catalyst score 45, Regime score 100, Liquidity score 55, Final score 72, AI confidence 82, Setup fit 96, Trend quality 89, ML 75, Catalyst 45, Regime 100, Memory 100, Anomaly 44, Confidence 82. NVDA matches EMA + VWAP + ORB. EMA 9/21/50 stack is aligned. price is holding above VWAP. volume is expanding. SPY regime is supportive. breakout is confirmed through premarket high. predicted win probability 0%. expected return 0.00R. Model rejects the trade because win probability is too low., AI decision Qualified",0.96,4923490,105.36,8.13,1.65,0.53,True,True,True,True,True,True,True,True,True,True,premarket_high
108.64,100.76,124.39,110.99,end_of_day,132,310.2,0.3,7.25,2.16,NVDA,Momentum Price Action Trend,Momentum + Price Action Trend,EMA + VWAP + ORB,Signal Selector -> Policy Critic -> Risk Governor -> Execution Router,Approved,Bracket Order / Core Session,Setup EMA + VWAP + ORB -> Policy Approved -> Entry 108.64 / Stop 100.76 / Target 124.39 -> Route Bracket Order / Core Session,2025-04-25,85,69,45,100,55,70,79,HeavyTradingModel-v2,0.0,0.0,Qualified,"Volume accelerating, EMA stack intact, Above VWAP, Intraday expansion, Not extended from EMA 9, First 5m bullish, First 5m above VWAP, ORB confirmed, Setup: EMA + VWAP + ORB, Breakout via premarket_high, SPY above VWAP, ML score 69, Catalyst score 45, Regime score 100, Liquidity score 55, Final score 70, AI confidence 79, Setup fit 96, Trend quality 78, ML 69, Catalyst 45, Regime 100, Memory 100, Anomaly 43, Confidence 79. NVDA matches EMA + VWAP + ORB. EMA 9/21/50 stack is aligned. price is holding above VWAP. volume is expanding. SPY regime is supportive. breakout is confirmed through premarket high. predicted win probability 0%. expected return 0.00R. Model rejects the trade because win probability is too low., AI decision Qualified",0.87,4917787,108.64,7.88,1.26,0.2,True,True,True,True,True,False,True,True,True,True,premarket_high
113.01,108.02,123.0,113.45,end_of_day,210,93.45,0.09,4.42,0.39,NVDA,Momentum Price Action Trend,Momentum + Price Action Trend,EMA + VWAP + ORB,Signal Selector -> Policy Critic -> Risk Governor -> Execution Router,Approved,Bracket Order / Core Session,Setup EMA + VWAP + ORB -> Policy Approved -> Entry 113.01 / Stop 108.02 / Target 123.00 -> Route Bracket Order / Core Session,2025-05-06,90,74,45,100,55,71,82,HeavyTradingModel-v2,0.0,0.0,Qualified,"Volume accelerating, EMA stack intact, Above VWAP, Intraday expansion, Close near high, Not extended from EMA 9, First 5m bullish, First 5m above VWAP, ORB confirmed, Setup: EMA + VWAP + ORB, Breakout via premarket_high, SPY above VWAP, ML score 74, Catalyst score 45, Regime score 100, Liquidity score 55, Final score 71, AI confidence 82, Setup fit 96, Trend quality 88, ML 74, Catalyst 45, Regime 100, Memory 100, Anomaly 43, Confidence 82. NVDA matches EMA + VWAP + ORB. EMA 9/21/50 stack is aligned. price is holding above VWAP. volume is expanding. SPY regime is supportive. breakout is confirmed through premarket high. predicted win probability 0%. expected return 0.00R. Model rejects the trade because win probability is too low., AI decision Qualified",0.87,3844268,113.01,4.99,1.35,0.2,True,True,True,True,True,True,True,True,True,True,premarket_high
127.59,120.3,142.17,129.83,end_of_day,144,322.56,0.31,5.71,1.76,NVDA,Momentum Price Action Trend,Momentum + Price Action Trend,EMA + VWAP + ORB,Signal Selector -> Policy Critic -> Risk Governor -> Execution Router,Approved,Bracket Order / Core Session,Setup EMA + VWAP + ORB -> Policy Approved -> Entry 127.59 / Stop 120.30 / Target 142.17 -> Route Bracket Order / Core Session,2025-05-13,105,76,45,100,70,72,81,HeavyTradingModel-v2,0.0,0.0,Qualified,"RVOL strong, Volume accelerating, EMA stack intact, Above VWAP, Intraday expansion, Not extended from EMA 9, First 5m bullish, First 5m above VWAP, ORB confirmed, Setup: EMA + VWAP + ORB, Breakout via premarket_high, SPY above VWAP, ML score 76, Catalyst score 45, Regime score 100, Liquidity score 70, Final score 72, AI confidence 81, Setup fit 96, Trend quality 79, ML 76, Catalyst 45, Regime 100, Memory 100, Anomaly 45, Confidence 81. NVDA matches EMA + VWAP + ORB. EMA 9/21/50 stack is aligned. price is holding above VWAP. volume is expanding. SPY regime is supportive. breakout is confirmed through premarket high. predicted win probability 0%. expected return 0.00R. Model rejects the trade because win probability is too low., AI decision Qualified",2.8,3107922,127.59,4.59,1.54,0.82,True,True,True,True,True,False,True,True,True,True,premarket_high
135.19,130.78,144.03,135.6,end_of_day,238,97.58,0.09,3.26,0.3,NVDA,Momentum Price Action Trend,Momentum + Price Action Trend,EMA + VWAP + ORB,Signal Selector -> Policy Critic -> Risk Governor -> Execution Router,Approved,Bracket Order / Core Session,Setup EMA + VWAP + ORB -> Policy Approved -> Entry 135.19 / Stop 130.78 / Target 144.03 -> Route Bracket Order / Core Session,2025-05-19,90,75,45,100,55,72,82,HeavyTradingModel-v2,0.0,0.0,Qualified,"Volume accelerating, EMA stack intact, Above VWAP, Intraday expansion, Close near high, Not extended from EMA 9, First 5m bullish, First 5m above VWAP, ORB confirmed, Setup: EMA + VWAP + ORB, Breakout via premarket_high, SPY above VWAP, ML score 75, Catalyst score 45, Regime score 100, Liquidity score 55, Final score 72, AI confidence 82, Setup fit 96, Trend quality 89, ML 75, Catalyst 45, Regime 100, Memory 100, Anomaly 44, Confidence 82. NVDA matches EMA + VWAP + ORB. EMA 9/21/50 stack is aligned. price is holding above VWAP. volume is expanding. SPY regime is supportive. breakout is confirmed through premarket high. predicted win probability 0%. expected return 0.00R. Model rejects the trade because win probability is too low., AI decision Qualified",2.05,2845077,135.19,4.42,1.82,0.9,True,True,True,True,True,True,True,True,True,True,premarket_high
135.29,130.96,143.95,130.96,stop_loss,243,-1052.19,-1.0,3.2,-3.2,NVDA,Momentum Price Action Trend,Momentum + Price Action Trend,EMA + VWAP + ORB,Signal Selector -> Policy Critic -> Risk Governor -> Execution Router,Approved,Bracket Order / Core Session,Setup EMA + VWAP + ORB -> Policy Approved -> Entry 135.29 / Stop 130.96 / Target 143.95 -> Route Bracket Order / Core Session,2025-05-21,90,74,45,100,55,71,82,HeavyTradingModel-v2,0.0,0.0,Qualified,"Volume accelerating, EMA stack intact, Above VWAP, Intraday expansion, Close near high, Not extended from EMA 9, First 5m bullish, First 5m above VWAP, ORB confirmed, Setup: EMA + VWAP + ORB, Breakout via premarket_high, SPY above VWAP, ML score 74, Catalyst score 45, Regime score 100, Liquidity score 55, Final score 71, AI confidence 82, Setup fit 96, Trend quality 88, ML 74, Catalyst 45, Regime 100, Memory 100, Anomaly 43, Confidence 82. NVDA matches EMA + VWAP + ORB. EMA 9/21/50 stack is aligned. price is holding above VWAP. volume is expanding. SPY regime is supportive. breakout is confirmed through premarket high. predicted win probability 0%. expected return 0.00R. Model rejects the trade because win probability is too low., AI decision Qualified",1.04,2666587,135.29,4.33,1.28,0.52,True,True,True,True,True,True,True,True,True,True,premarket_high
137.74,132.93,147.37,137.37,end_of_day,217,-80.29,-0.08,3.49,-0.27,NVDA,Momentum Price Action Trend,Momentum + Price Action Trend,EMA + VWAP + ORB,Signal Selector -> Policy Critic -> Risk Governor -> Execution Router,Approved,Bracket Order / Core Session,Setup EMA + VWAP + ORB -> Policy Approved -> Entry 137.74 / Stop 132.93 / Target 147.37 -> Route Bracket Order / Core Session,2025-06-02,90,72,45,100,55,70,81,HeavyTradingModel-v2,0.0,0.0,Qualified,"Volume accelerating, EMA stack intact, Above VWAP, Intraday expansion, Close near high, Not extended from EMA 9, First 5m bullish, First 5m above VWAP, ORB confirmed, Setup: EMA + VWAP + ORB, Breakout via premarket_high, SPY above VWAP, ML score 72, Catalyst score 45, Regime score 100, Liquidity score 55, Final score 70, AI confidence 81, Setup fit 96, Trend quality 85, ML 72, Catalyst 45, Regime 100, Memory 100, Anomaly 40, Confidence 81. NVDA matches EMA + VWAP + ORB. EMA 9/21/50 stack is aligned. price is holding above VWAP. volume is expanding. SPY regime is supportive. breakout is confirmed through premarket high. predicted win probability 0%. expected return 0.00R. Model rejects the trade because win probability is too low., AI decision Qualified",0.81,2655170,137.74,4.65,0.5,0.15,True,True,True,True,True,True,True,True,True,True,premarket_high
141.03,135.45,152.21,141.27,end_of_day,187,44.88,0.04,3.96,0.17,NVDA,Momentum Price Action Trend,Momentum + Price Action Trend,EMA + VWAP + Premarket High,Signal Selector -> Policy Critic -> Risk Governor -> Execution Router,Approved,Bracket Order / Core Session,Setup EMA + VWAP + Premarket High -> Policy Approved -> Entry 141.03 / Stop 135.45 / Target 152.21 -> Route Bracket Order / Core Session,2025-06-03,95,87,45,100,80,77,83,HeavyTradingModel-v2,0.0,0.0,Qualified,"RVOL strong, Volume accelerating, EMA stack intact, Above VWAP, Intraday expansion, Not extended from EMA 9, ORB confirmed, Setup: EMA + VWAP + Premarket High, Breakout via premarket_high, SPY above VWAP, ML score 87, Catalyst score 45, Regime score 100, Liquidity score 80, Final score 77, AI confidence 83, Setup fit 92, Trend quality 80, ML 87, Catalyst 45, Regime 100, Memory 100, Anomaly 52, Confidence 83. NVDA matches EMA + VWAP + Premarket High. EMA 9/21/50 stack is aligned. price is holding above VWAP. volume is expanding. SPY regime is supportive. breakout is confirmed through premarket high. predicted win probability 0%. expected return 0.00R. Model rejects the trade because win probability is too low., AI decision Qualified",5.75,2777183,141.03,4.39,1.98,1.11,True,True,True,True,True,False,True,False,False,True,premarket_high
142.66,138.33,151.33,141.67,end_of_day,241,-238.59,-0.23,3.04,-0.69,NVDA,Momentum Price Action Trend,Momentum + Price Action Trend,EMA + VWAP + ORB,Signal Selector -> Policy Critic -> Risk Governor -> Execution Router,Approved,Bracket Order / Core Session,Setup EMA + VWAP + ORB -> Policy Approved -> Entry 142.66 / Stop 138.33 / Target 151.33 -> Route Bracket Order / Core Session,2025-06-06,90,72,45,100,55,70,81,HeavyTradingModel-v2,0.0,0.0,Qualified,"Volume accelerating, EMA stack intact, Above VWAP, Close near high, Not extended from EMA 9, First 5m bullish, First 5m above VWAP, ORB confirmed, Setup: EMA + VWAP + ORB, Breakout via premarket_high, SPY above VWAP, ML score 72, Catalyst score 45, Regime score 100, Liquidity score 55, Final score 70, AI confidence 81, Setup fit 96, Trend quality 85, ML 72, Catalyst 45, Regime 100, Memory 100, Anomaly 40, Confidence 81. NVDA matches EMA + VWAP + ORB. EMA 9/21/50 stack is aligned. price is holding above VWAP. volume is expanding. SPY regime is supportive. breakout is confirmed through premarket high. predicted win probability 0%. expected return 0.00R. Model rejects the trade because win probability is too low., AI decision Qualified",0.89,2748146,142.66,4.33,0.46,0.11,True,True,True,True,True,True,True,True,True,True,premarket_high
143.92,139.61,152.55,143.95,end_of_day,241,7.23,0.01,2.99,0.02,NVDA,Momentum Price Action Trend,Momentum + Price Action Trend,EMA + VWAP + ORB,Signal Selector -> Policy Critic -> Risk Governor -> Execution Router,Approved,Bracket Order / Core Session,Setup EMA + VWAP + ORB -> Policy Approved -> Entry 143.92 / Stop 139.61 / Target 152.55 -> Route Bracket Order / Core Session,2025-06-10,90,74,45,100,55,71,82,HeavyTradingModel-v2,0.0,0.0,Qualified,"Volume accelerating, EMA stack intact, Above VWAP, Intraday expansion, Close near high, Not extended from EMA 9, First 5m bullish, First 5m above VWAP, ORB confirmed, Setup: EMA + VWAP + ORB, Breakout via premarket_high, SPY above VWAP, ML score 74, Catalyst score 45, Regime score 100, Liquidity score 55, Final score 71, AI confidence 82, Setup fit 96, Trend quality 88, ML 74, Catalyst 45, Regime 100, Memory 100, Anomaly 43, Confidence 82. NVDA matches EMA + VWAP + ORB. EMA 9/21/50 stack is aligned. price is holding above VWAP. volume is expanding. SPY regime is supportive. breakout is confirmed through premarket high. predicted win probability 0%. expected return 0.00R. Model rejects the trade because win probability is too low., AI decision Qualified",0.62,2722417,143.92,4.31,1.33,0.48,True,True,True,True,True,True,True,True,True,True,premarket_high
144.02,139.94,152.19,145.0,end_of_day,255,249.9,0.24,2.83,0.68,NVDA,Momentum Price Action Trend,Momentum + Price Action Trend,EMA + VWAP + ORB,Signal Selector -> Policy Critic -> Risk Governor -> Execution Router,Approved,Bracket Order / Core Session,Setup EMA + VWAP + ORB -> Policy Approved -> Entry 144.02 / Stop 139.94 / Target 152.19 -> Route Bracket Order / Core Session,2025-06-12,90,72,45,100,55,70,81,HeavyTradingModel-v2,0.0,0.0,Qualified,"Volume accelerating, EMA stack intact, Above VWAP, Close near high, Not extended from EMA 9, First 5m bullish, First 5m above VWAP, ORB confirmed, Setup: EMA + VWAP + ORB, Breakout via premarket_high, SPY above VWAP, ML score 72, Catalyst score 45, Regime score 100, Liquidity score 55, Final score 70, AI confidence 81, Setup fit 96, Trend quality 85, ML 72, Catalyst 45, Regime 100, Memory 100, Anomaly 40, Confidence 81. NVDA matches EMA + VWAP + ORB. EMA 9/21/50 stack is aligned. price is holding above VWAP. volume is expanding. SPY regime is supportive. breakout is confirmed through premarket high. predicted win probability 0%. expected return 0.00R. Model rejects the trade because win probability is too low., AI decision Qualified",1.7,2492052,144.02,4.08,0.43,0.41,True,True,True,True,True,True,True,True,True,True,premarket_high
144.75,140.65,152.96,144.67,end_of_day,254,-20.32,-0.02,2.83,-0.06,NVDA,Momentum Price Action Trend,Momentum + Price Action Trend,EMA + VWAP + ORB,Signal Selector -> Policy Critic -> Risk Governor -> Execution Router,Approved,Bracket Order / Core Session,Setup EMA + VWAP + ORB -> Policy Approved -> Entry 144.75 / Stop 140.65 / Target 152.96 -> Route Bracket Order / Core Session,2025-06-16,90,73,45,100,55,70,81,HeavyTradingModel-v2,0.0,0.0,Qualified,"Volume accelerating, EMA stack intact, Above VWAP, Intraday expansion, Close near high, Not extended from EMA 9, First 5m bullish, First 5m above VWAP, ORB confirmed, Setup: EMA + VWAP + ORB, Breakout via premarket_high, SPY above VWAP, ML score 73, Catalyst score 45, Regime score 100, Liquidity score 55, Final score 70, AI confidence 81, Setup fit 96, Trend quality 85, ML 73, Catalyst 45, Regime 100, Memory 100, Anomaly 40, Confidence 81. NVDA matches EMA + VWAP + ORB. EMA 9/21/50 stack is aligned. price is holding above VWAP. volume is expanding. SPY regime is supportive. breakout is confirmed through premarket high. predicted win probability 0%. expected return 0.00R. Model rejects the trade because win probability is too low., AI decision Qualified",1.64,2528446,144.75,4.1,0.61,0.18,True,True,True,True,True,True,True,True,True,True,premarket_high
145.22,141.64,152.39,145.49,end_of_day,291,77.12,0.07,2.47,0.18,NVDA,Momentum Price Action Trend,Momentum + Price Action Trend,EMA + VWAP + ORB,Signal Selector -> Policy Critic -> Risk Governor -> Execution Router,Approved,Bracket Order / Core Session,Setup EMA + VWAP + ORB -> Policy Approved -> Entry 145.22 / Stop 141.64 / Target 152.39 -> Route Bracket Order / Core Session,2025-06-18,90,74,45,100,55,71,81,HeavyTradingModel-v2,0.0,0.0,Qualified,"Volume accelerating, EMA stack intact, Above VWAP, Intraday expansion, Close near high, Not extended from EMA 9, First 5m bullish, First 5m above VWAP, ORB confirmed, Setup: EMA + VWAP + ORB, Breakout via premarket_high, SPY above VWAP, ML score 74, Catalyst score 45, Regime score 100, Liquidity score 55, Final score 71, AI confidence 81, Setup fit 96, Trend quality 87, ML 74, Catalyst 45, Regime 100, Memory 100, Anomaly 42, Confidence 81. NVDA matches EMA + VWAP + ORB. EMA 9/21/50 stack is aligned. price is holding above VWAP. volume is expanding. SPY regime is supportive. breakout is confirmed through premarket high. predicted win probability 0%. expected return 0.00R. Model rejects the trade because win probability is too low., AI decision Qualified",1.17,2564133,145.22,3.58,1.18,0.35,True,True,True,True,True,True,True,True,True,True,premarket_high
143.85,140.53,150.5,144.16,end_of_day,314,97.34,0.09,2.31,0.22,NVDA,Momentum Price Action Trend,Momentum + Price Action Trend,EMA + VWAP + ORB,Signal Selector -> Policy Critic -> Risk Governor -> Execution Router,Approved,Bracket Order / Core Session,Setup EMA + VWAP + ORB -> Policy Approved -> Entry 143.85 / Stop 140.53 / Target 150.50 -> Route Bracket Order / Core Session,2025-06-23,90,73,45,100,55,71,81,HeavyTradingModel-v2,0.0,0.0,Qualified,"Volume accelerating, EMA stack intact, Above VWAP, Intraday expansion, Close near high, Not extended from EMA 9, First 5m bullish, First 5m above VWAP, ORB confirmed, Setup: EMA + VWAP + ORB, Breakout via premarket_high, SPY above VWAP, ML score 73, Catalyst score 45, Regime score 100, Liquidity score 55, Final score 71, AI confidence 81, Setup fit 96, Trend quality 87, ML 73, Catalyst 45, Regime 100, Memory 100, Anomaly 42, Confidence 81. NVDA matches EMA + VWAP + ORB. EMA 9/21/50 stack is aligned. price is holding above VWAP. volume is expanding. SPY regime is supportive. breakout is confirmed through premarket high. predicted win probability 0%. expected return 0.00R. Model rejects the trade because win probability is too low., AI decision Qualified",1.11,2575117,143.85,3.32,0.97,0.09,True,True,True,True,True,True,True,True,True,True,premarket_high
147.16,142.05,157.39,147.89,end_of_day,204,148.92,0.14,3.47,0.5,NVDA,Momentum Price Action Trend,Momentum + Price Action Trend,EMA + VWAP + ORB,Signal Selector -> Policy Critic -> Risk Governor -> Execution Router,Approved,Bracket Order / Core Session,Setup EMA + VWAP + ORB -> Policy Approved -> Entry 147.16 / Stop 142.05 / Target 157.39 -> Route Bracket Order / Core Session,2025-06-24,90,73,45,100,55,71,81,HeavyTradingModel-v2,0.0,0.0,Qualified,"Volume accelerating, EMA stack intact, Above VWAP, Intraday expansion, Close near high, Not extended from EMA 9, First 5m bullish, First 5m above VWAP, ORB confirmed, Setup: EMA + VWAP + ORB, Breakout via premarket_high, SPY above VWAP, ML score 73, Catalyst score 45, Regime score 100, Liquidity score 55, Final score 71, AI confidence 81, Setup fit 96, Trend quality 86, ML 73, Catalyst 45, Regime 100, Memory 100, Anomaly 41, Confidence 81. NVDA matches EMA + VWAP + ORB. EMA 9/21/50 stack is aligned. price is holding above VWAP. volume is expanding. SPY regime is supportive. breakout is confirmed through premarket high. predicted win probability 0%. expected return 0.00R. Model rejects the trade because win probability is too low., AI decision Qualified",1.2,2628666,147.16,3.26,0.84,0.17,True,True,True,True,True,True,True,True,True,True,premarket_high
154.18,145.51,171.52,154.4,end_of_day,120,26.4,0.03,5.62,0.14,NVDA,Momentum Price Action Trend,Momentum + Price Action Trend,EMA + VWAP + ORB,Signal Selector -> Policy Critic -> Risk Governor -> Execution Router,Approved,Bracket Order / Core Session,Setup EMA + VWAP + ORB -> Policy Approved -> Entry 154.18 / Stop 145.51 / Target 171.52 -> Route Bracket Order / Core Session,2025-06-25,85,72,45,100,55,71,81,HeavyTradingModel-v2,0.0,0.0,Qualified,"Volume accelerating, EMA stack intact, Above VWAP, Intraday expansion, Not extended from EMA 9, First 5m bullish, First 5m above VWAP, ORB confirmed, Setup: EMA + VWAP + ORB, Breakout via premarket_high, SPY above VWAP, ML score 72, Catalyst score 45, Regime score 100, Liquidity score 55, Final score 71, AI confidence 81, Setup fit 96, Trend quality 83, ML 72, Catalyst 45, Regime 100, Memory 100, Anomaly 48, Confidence 81. NVDA matches EMA + VWAP + ORB. EMA 9/21/50 stack is aligned. price is holding above VWAP. volume is expanding. SPY regime is supportive. breakout is confirmed through premarket high. predicted win probability 0%. expected return 0.00R. Model rejects the trade because win probability is too low., AI decision Qualified",1.27,2669150,154.18,3.53,2.88,0.13,True,True,True,True,True,False,True,True,True,True,premarket_high
158.38,154.03,167.08,157.72,end_of_day,240,-158.4,-0.15,2.75,-0.42,NVDA,Momentum Price Action Trend,Momentum + Price Action Trend,EMA + VWAP + ORB,Signal Selector -> Policy Critic -> Risk Governor -> Execution Router,Approved,Bracket Order / Core Session,Setup EMA + VWAP + ORB -> Policy Approved -> Entry 158.38 / Stop 154.03 / Target 167.08 -> Route Bracket Order / Core Session,2025-06-27,85,69,45,100,55,70,79,HeavyTradingModel-v2,0.0,0.0,Qualified,"Volume accelerating, EMA stack intact, Above VWAP, Intraday expansion, Not extended from EMA 9, First 5m bullish, First 5m above VWAP, ORB confirmed, Setup: EMA + VWAP + ORB, Breakout via premarket_high, SPY above VWAP, ML score 69, Catalyst score 45, Regime score 100, Liquidity score 55, Final score 70, AI confidence 79, Setup fit 96, Trend quality 78, ML 69, Catalyst 45, Regime 100, Memory 100, Anomaly 43, Confidence 79. NVDA matches EMA + VWAP + ORB. EMA 9/21/50 stack is aligned. price is holding above VWAP. volume is expanding. SPY regime is supportive. breakout is confirmed through premarket high. predicted win probability 0%. expected return 0.00R. Model rejects the trade because win probability is too low., AI decision Qualified",1.49,2571731,158.38,3.38,1.3,0.37,True,True,True,True,True,False,True,True,True,True,premarket_high
155.34,151.5,163.02,157.26,end_of_day,272,522.24,0.5,2.47,1.24,NVDA,Momentum Price Action Trend,Momentum + Price Action Trend,EMA + VWAP + ORB,Signal Selector -> Policy Critic -> Risk Governor -> Execution Router,Approved,Bracket Order / Core Session,Setup EMA + VWAP + ORB -> Policy Approved -> Entry 155.34 / Stop 151.50 / Target 163.02 -> Route Bracket Order / Core Session,2025-07-02,90,73,45,100,55,71,81,HeavyTradingModel-v2,0.0,0.0,Qualified,"Volume accelerating, EMA stack intact, Above VWAP, Intraday expansion, Close near high, Not extended from EMA 9, First 5m bullish, First 5m above VWAP, ORB confirmed, Setup: EMA + VWAP + ORB, Breakout via premarket_high, SPY above VWAP, ML score 73, Catalyst score 45, Regime score 100, Liquidity score 55, Final score 71, AI confidence 81, Setup fit 96, Trend quality 86, ML 73, Catalyst 45, Regime 100, Memory 100, Anomaly 41, Confidence 81. NVDA matches EMA + VWAP + ORB. EMA 9/21/50 stack is aligned. price is holding above VWAP. volume is expanding. SPY regime is supportive. breakout is confirmed through premarket high. predicted win probability 0%. expected return 0.00R. Model rejects the trade because win probability is too low., AI decision Qualified",2.02,2577559,155.34,3.71,0.84,0.71,True,True,True,True,True,True,True,True,True,True,premarket_high
167.82,161.62,180.21,164.89,end_of_day,169,-495.17,-0.47,3.69,-1.75,NVDA,Momentum Price Action Trend,Momentum + Price Action Trend,EMA + VWAP + ORB,Signal Selector -> Policy Critic -> Risk Governor -> Execution Router,Approved,Bracket Order / Core Session,Setup EMA + VWAP + ORB -> Policy Approved -> Entry 167.82 / Stop 161.62 / Target 180.21 -> Route Bracket Order / Core Session,2025-07-11,110,82,45,100,70,75,84,HeavyTradingModel-v2,0.0,0.0,Qualified,"RVOL strong, Volume accelerating, EMA stack intact, Above VWAP, Intraday expansion, Close near high, Not extended from EMA 9, First 5m bullish, First 5m above VWAP, ORB confirmed, Setup: EMA + VWAP + ORB, Breakout via premarket_high, SPY above VWAP, ML score 82, Catalyst score 45, Regime score 100, Liquidity score 70, Final score 75, AI confidence 84, Setup fit 96, Trend quality 89, ML 82, Catalyst 45, Regime 100, Memory 100, Anomaly 47, Confidence 84. NVDA matches EMA + VWAP + ORB. EMA 9/21/50 stack is aligned. price is holding above VWAP. volume is expanding. SPY regime is supportive. breakout is confirmed through premarket high. predicted win probability 0%. expected return 0.00R. Model rejects the trade because win probability is too low., AI decision Qualified",3.0,2674481,167.82,3.73,1.66,0.46,True,True,True,True,True,True,True,True,True,True,premarket_high
179.04,175.11,186.91,179.31,end_of_day,266,73.15,0.07,2.2,0.15,NVDA,Momentum Price Action Trend,Momentum + Price Action Trend,EMA + VWAP + ORB,Signal Selector -> Policy Critic -> Risk Governor -> Execution Router,Approved,Bracket Order / Core Session,Setup EMA + VWAP + ORB -> Policy Approved -> Entry 179.04 / Stop 175.11 / Target 186.91 -> Route Bracket Order / Core Session,2025-07-30,90,73,45,100,55,71,81,HeavyTradingModel-v2,0.0,0.0,Qualified,"Volume accelerating, EMA stack intact, Above VWAP, Intraday expansion, Close near high, Not extended from EMA 9, First 5m bullish, First 5m above VWAP, ORB confirmed, Setup: EMA + VWAP + ORB, Breakout via premarket_high, SPY above VWAP, ML score 73, Catalyst score 45, Regime score 100, Liquidity score 55, Final score 71, AI confidence 81, Setup fit 96, Trend quality 87, ML 73, Catalyst 45, Regime 100, Memory 100, Anomaly 42, Confidence 81. NVDA matches EMA + VWAP + ORB. EMA 9/21/50 stack is aligned. price is holding above VWAP. volume is expanding. SPY regime is supportive. breakout is confirmed through premarket high. predicted win probability 0%. expected return 0.00R. Model rejects the trade because win probability is too low., AI decision Qualified",0.81,2440423,179.04,3.93,1.01,-0.03,True,True,True,True,True,True,True,True,True,True,premarket_high
177.38,170.91,190.33,179.98,end_of_day,161,418.6,0.4,3.65,1.47,NVDA,Momentum Price Action Trend,Momentum + Price Action Trend,EMA + VWAP + ORB,Signal Selector -> Policy Critic -> Risk Governor -> Execution Router,Approved,Bracket Order / Core Session,Setup EMA + VWAP + ORB -> Policy Approved -> Entry 177.38 / Stop 170.91 / Target 190.33 -> Route Bracket Order / Core Session,2025-08-04,90,73,45,100,55,71,81,HeavyTradingModel-v2,0.0,0.0,Qualified,"Volume accelerating, EMA stack intact, Above VWAP, Intraday expansion, Close near high, Not extended from EMA 9, First 5m bullish, First 5m above VWAP, ORB confirmed, Setup: EMA + VWAP + ORB, Breakout via premarket_high, SPY above VWAP, ML score 73, Catalyst score 45, Regime score 100, Liquidity score 55, Final score 71, AI confidence 81, Setup fit 96, Trend quality 87, ML 73, Catalyst 45, Regime 100, Memory 100, Anomaly 42, Confidence 81. NVDA matches EMA + VWAP + ORB. EMA 9/21/50 stack is aligned. price is holding above VWAP. volume is expanding. SPY regime is supportive. breakout is confirmed through premarket high. predicted win probability 0%. expected return 0.00R. Model rejects the trade because win probability is too low., AI decision Qualified",1.28,2604109,177.38,4.26,1.03,-0.01,True,True,True,True,True,True,True,True,True,True,premarket_high
182.84,178.25,192.02,182.75,end_of_day,228,-19.38,-0.02,2.51,-0.05,NVDA,Momentum Price Action Trend,Momentum + Price Action Trend,EMA + VWAP + ORB,Signal Selector -> Policy Critic -> Risk Governor -> Execution Router,Approved,Bracket Order / Core Session,Setup EMA + VWAP + ORB -> Policy Approved -> Entry 182.84 / Stop 178.25 / Target 192.02 -> Route Bracket Order / Core Session,2025-08-08,90,74,45,100,55,71,81,HeavyTradingModel-v2,0.0,0.0,Qualified,"Volume accelerating, EMA stack intact, Above VWAP, Intraday expansion, Close near high, Not extended from EMA 9, First 5m bullish, First 5m above VWAP, ORB confirmed, Setup: EMA + VWAP + ORB, Breakout via premarket_high, SPY above VWAP, ML score 74, Catalyst score 45, Regime score 100, Liquidity score 55, Final score 71, AI confidence 81, Setup fit 96, Trend quality 87, ML 74, Catalyst 45, Regime 100, Memory 100, Anomaly 42, Confidence 81. NVDA matches EMA + VWAP + ORB. EMA 9/21/50 stack is aligned. price is holding above VWAP. volume is expanding. SPY regime is supportive. breakout is confirmed through premarket high. predicted win probability 0%. expected return 0.00R. Model rejects the trade because win probability is too low., AI decision Qualified",1.21,2471971,182.84,4.59,1.2,0.22,True,True,True,True,True,True,True,True,True,True,premarket_high
183.26,178.91,191.98,181.99,end_of_day,241,-306.07,-0.29,2.37,-0.69,NVDA,Momentum Price Action Trend,Momentum + Price Action Trend,EMA + VWAP + ORB,Signal Selector -> Policy Critic -> Risk Governor -> Execution Router,Approved,Bracket Order / Core Session,Setup EMA + VWAP + ORB -> Policy Approved -> Entry 183.26 / Stop 178.91 / Target 191.98 -> Route Bracket Order / Core Session,2025-08-11,85,70,45,100,55,70,80,HeavyTradingModel-v2,0.0,0.0,Qualified,"Volume accelerating, EMA stack intact, Above VWAP, Intraday expansion, Not extended from EMA 9, First 5m bullish, First 5m above VWAP, ORB confirmed, Setup: EMA + VWAP + ORB, Breakout via premarket_high, SPY above VWAP, ML score 70, Catalyst score 45, Regime score 100, Liquidity score 55, Final score 70, AI confidence 80, Setup fit 96, Trend quality 79, ML 70, Catalyst 45, Regime 100, Memory 100, Anomaly 44, Confidence 80. NVDA matches EMA + VWAP + ORB. EMA 9/21/50 stack is aligned. price is holding above VWAP. volume is expanding. SPY regime is supportive. breakout is confirmed through premarket high. predicted win probability 0%. expected return 0.00R. Model rejects the trade because win probability is too low., AI decision Qualified",1.07,2450776,183.26,4.36,1.62,0.05,True,True,True,True,True,False,True,True,True,True,premarket_high
182.75,178.17,191.92,182.03,end_of_day,228,-165.3,-0.16,2.51,-0.4,NVDA,Momentum Price Action Trend,Momentum + Price Action Trend,EMA + VWAP + ORB,Signal Selector -> Policy Critic -> Risk Governor -> Execution Router,Approved,Bracket Order / Core Session,Setup EMA + VWAP + ORB -> Policy Approved -> Entry 182.75 / Stop 178.17 / Target 191.92 -> Route Bracket Order / Core Session,2025-08-14,85,69,45,100,55,70,79,HeavyTradingModel-v2,0.0,0.0,Qualified,"Volume accelerating, EMA stack intact, Above VWAP, Intraday expansion, Not extended from EMA 9, First 5m bullish, First 5m above VWAP, ORB confirmed, Setup: EMA + VWAP + ORB, Breakout via premarket_high, SPY above VWAP, ML score 69, Catalyst score 45, Regime score 100, Liquidity score 55, Final score 70, AI confidence 79, Setup fit 96, Trend quality 78, ML 69, Catalyst 45, Regime 100, Memory 100, Anomaly 42, Confidence 79. NVDA matches EMA + VWAP + ORB. EMA 9/21/50 stack is aligned. price is holding above VWAP. volume is expanding. SPY regime is supportive. breakout is confirmed through premarket high. predicted win probability 0%. expected return 0.00R. Model rejects the trade because win probability is too low., AI decision Qualified",1.94,2439001,182.75,4.58,1.23,0.32,True,True,True,True,True,False,True,True,True,True,premarket_high
182.44,177.92,191.46,182.0,end_of_day,231,-100.49,-0.1,2.48,-0.24,NVDA,Momentum Price Action Trend,Momentum + Price Action Trend,EMA + VWAP + Premarket High,Signal Selector -> Policy Critic -> Risk Governor -> Execution Router,Approved,Bracket Order / Core Session,Setup EMA + VWAP + Premarket High -> Policy Approved -> Entry 182.44 / Stop 177.92 / Target 191.46 -> Route Bracket Order / Core Session,2025-08-18,95,76,45,100,70,71,79,HeavyTradingModel-v2,0.0,0.0,Qualified,"RVOL strong, Volume accelerating, EMA stack intact, Above VWAP, Not extended from EMA 9, First 5m bullish, First 5m above VWAP, Setup: EMA + VWAP + Premarket High, Breakout via premarket_high, SPY above VWAP, ML score 76, Catalyst score 45, Regime score 100, Liquidity score 70, Final score 71, AI confidence 79, Setup fit 92, Trend quality 75, ML 76, Catalyst 45, Regime 100, Memory 100, Anomaly 35, Confidence 79. NVDA matches EMA + VWAP + Premarket High. EMA 9/21/50 stack is aligned. price is holding above VWAP. volume is expanding. SPY regime is supportive. breakout is confirmed through premarket high. predicted win probability 0%. expected return 0.00R. Model rejects the trade because win probability is too low., AI decision Qualified",3.74,2508219,182.44,4.51,0.02,0.32,True,True,True,True,True,False,True,True,True,False,premarket_high
174.79,170.34,183.7,177.98,end_of_day,234,746.46,0.72,2.55,1.83,NVDA,Momentum Price Action Trend,Momentum + Price Action Trend,EMA + VWAP + ORB,Signal Selector -> Policy Critic -> Risk Governor -> Execution Router,Approved,Bracket Order / Core Session,Setup EMA + VWAP + ORB -> Policy Approved -> Entry 174.79 / Stop 170.34 / Target 183.70 -> Route Bracket Order / Core Session,2025-08-22,110,81,45,100,70,74,83,HeavyTradingModel-v2,0.0,0.0,Qualified,"RVOL strong, Volume accelerating, EMA stack intact, Above VWAP, Intraday expansion, Close near high, Not extended from EMA 9, First 5m bullish, First 5m above VWAP, ORB confirmed, Setup: EMA + VWAP + ORB, Breakout via premarket_high, SPY above VWAP, ML score 81, Catalyst score 45, Regime score 100, Liquidity score 70, Final score 74, AI confidence 83, Setup fit 96, Trend quality 88, ML 81, Catalyst 45, Regime 100, Memory 100, Anomaly 45, Confidence 83. NVDA matches EMA + VWAP + ORB. EMA 9/21/50 stack is aligned. price is holding above VWAP. volume is expanding. SPY regime is supportive. breakout is confirmed through premarket high. predicted win probability 0%. expected return 0.00R. Model rejects the trade because win probability is too low., AI decision Qualified",2.93,2718314,174.79,4.45,1.31,0.82,True,True,True,True,True,True,True,True,True,True,premarket_high
180.56,171.21,199.26,179.79,end_of_day,112,-86.24,-0.08,5.18,-0.43,NVDA,Momentum Price Action Trend,Momentum + Price Action Trend,EMA + VWAP + ORB,Signal Selector -> Policy Critic -> Risk Governor -> Execution Router,Approved,Bracket Order / Core Session,Setup EMA + VWAP + ORB -> Policy Approved -> Entry 180.56 / Stop 171.21 / Target 199.26 -> Route Bracket Order / Core Session,2025-08-25,85,70,45,100,55,70,80,HeavyTradingModel-v2,0.0,0.0,Qualified,"Volume accelerating, EMA stack intact, Above VWAP, Intraday expansion, Not extended from EMA 9, First 5m bullish, First 5m above VWAP, ORB confirmed, Setup: EMA + VWAP + ORB, Breakout via premarket_high, SPY above VWAP, ML score 70, Catalyst score 45, Regime score 100, Liquidity score 55, Final score 70, AI confidence 80, Setup fit 96, Trend quality 80, ML 70, Catalyst 45, Regime 100, Memory 100, Anomaly 45, Confidence 80. NVDA matches EMA + VWAP + ORB. EMA 9/21/50 stack is aligned. price is holding above VWAP. volume is expanding. SPY regime is supportive. breakout is confirmed through premarket high. predicted win probability 0%. expected return 0.00R. Model rejects the trade because win probability is too low., AI decision Qualified",1.93,2727540,180.56,4.53,1.96,0.45,True,True,True,True,True,False,True,True,True,True,premarket_high
170.13,164.07,182.24,168.32,end_of_day,173,-312.27,-0.3,3.56,-1.06,NVDA,Momentum Price Action Trend,Momentum + Price Action Trend,EMA + VWAP + ORB,Signal Selector -> Policy Critic -> Risk Governor -> Execution Router,Approved,Bracket Order / Core Session,Setup EMA + VWAP + ORB -> Policy Approved -> Entry 170.13 / Stop 164.07 / Target 182.24 -> Route Bracket Order / Core Session,2025-09-08,90,72,45,100,55,70,81,HeavyTradingModel-v2,0.0,0.0,Qualified,"Volume accelerating, EMA stack intact, Above VWAP, Close near high, Not extended from EMA 9, First 5m bullish, First 5m above VWAP, ORB confirmed, Setup: EMA + VWAP + ORB, Breakout via premarket_high, SPY above VWAP, ML score 72, Catalyst score 45, Regime score 100, Liquidity score 55, Final score 70, AI confidence 81, Setup fit 96, Trend quality 85, ML 72, Catalyst 45, Regime 100, Memory 100, Anomaly 40, Confidence 81. NVDA matches EMA + VWAP + ORB. EMA 9/21/50 stack is aligned. price is holding above VWAP. volume is expanding. SPY regime is supportive. breakout is confirmed through premarket high. predicted win probability 0%. expected return 0.00R. Model rejects the trade because win probability is too low., AI decision Qualified",2.43,2989130,170.13,5.42,0.45,0.07,True,True,True,True,True,True,True,True,True,True,premarket_high
169.72,164.5,180.17,170.75,end_of_day,200,206.0,0.2,3.08,0.61,NVDA,Momentum Price Action Trend,Momentum + Price Action Trend,EMA + VWAP + ORB,Signal Selector -> Policy Critic -> Risk Governor -> Execution Router,Approved,Bracket Order / Core Session,Setup EMA + VWAP + ORB -> Policy Approved -> Entry 169.72 / Stop 164.50 / Target 180.17 -> Route Bracket Order / Core Session,2025-09-09,90,73,45,100,55,70,81,HeavyTradingModel-v2,0.0,0.0,Qualified,"Volume accelerating, EMA stack intact, Above VWAP, Intraday expansion, Close near high, Not extended from EMA 9, First 5m bullish, First 5m above VWAP, ORB confirmed, Setup: EMA + VWAP + ORB, Breakout via premarket_high, SPY above VWAP, ML score 73, Catalyst score 45, Regime score 100, Liquidity score 55, Final score 70, AI confidence 81, Setup fit 96, Trend quality 85, ML 73, Catalyst 45, Regime 100, Memory 100, Anomaly 40, Confidence 81. NVDA matches EMA + VWAP + ORB. EMA 9/21/50 stack is aligned. price is holding above VWAP. volume is expanding. SPY regime is supportive. breakout is confirmed through premarket high. predicted win probability 0%. expected return 0.00R. Model rejects the trade because win probability is too low., AI decision Qualified",0.85,3046367,169.72,5.22,0.51,0.37,True,True,True,True,True,True,True,True,True,True,premarket_high
177.62,166.81,199.25,177.27,end_of_day,97,-33.95,-0.03,6.09,-0.2,NVDA,Momentum Price Action Trend,Momentum + Price Action Trend,EMA + VWAP + Premarket High,Signal Selector -> Policy Critic -> Risk Governor -> Execution Router,Approved,Bracket Order / Core Session,Setup EMA + VWAP + Premarket High -> Policy Approved -> Entry 177.62 / Stop 166.81 / Target 199.25 -> Route Bracket Order / Core Session,2025-09-10,95,83,45,100,80,75,81,HeavyTradingModel-v2,0.0,0.0,Qualified,"RVOL strong, Volume accelerating, EMA stack intact, Above VWAP, Not extended from EMA 9, First 5m bullish, First 5m above VWAP, Setup: EMA + VWAP + Premarket High, Breakout via premarket_high, SPY above VWAP, ML score 83, Catalyst score 45, Regime score 100, Liquidity score 80, Final score 75, AI confidence 81, Setup fit 92, Trend quality 75, ML 83, Catalyst 45, Regime 100, Memory 100, Anomaly 46, Confidence 81. NVDA matches EMA + VWAP + Premarket High. EMA 9/21/50 stack is aligned. price is holding above VWAP. volume is expanding. SPY regime is supportive. breakout is confirmed through premarket high. predicted win probability 0%. expected return 0.00R. Model rejects the trade because win probability is too low., AI decision Qualified",5.53,3252965,177.62,5.34,0.14,0.17,True,True,True,True,True,False,True,True,True,False,premarket_high
175.81,170.9,185.61,177.76,end_of_day,213,415.35,0.4,2.79,1.11,NVDA,Momentum Price Action Trend,Momentum + Price Action Trend,EMA + VWAP + ORB,Signal Selector -> Policy Critic -> Risk Governor -> Execution Router,Approved,Bracket Order / Core Session,Setup EMA + VWAP + ORB -> Policy Approved -> Entry 175.81 / Stop 170.90 / Target 185.61 -> Route Bracket Order / Core Session,2025-09-15,90,72,45,100,55,70,81,HeavyTradingModel-v2,0.0,0.0,Qualified,"Volume accelerating, EMA stack intact, Above VWAP, Close near high, Not extended from EMA 9, First 5m bullish, First 5m above VWAP, ORB confirmed, Setup: EMA + VWAP + ORB, Breakout via premarket_high, SPY above VWAP, ML score 72, Catalyst score 45, Regime score 100, Liquidity score 55, Final score 70, AI confidence 81, Setup fit 96, Trend quality 85, ML 72, Catalyst 45, Regime 100, Memory 100, Anomaly 40, Confidence 81. NVDA matches EMA + VWAP + ORB. EMA 9/21/50 stack is aligned. price is holding above VWAP. volume is expanding. SPY regime is supportive. breakout is confirmed through premarket high. predicted win probability 0%. expected return 0.00R. Model rejects the trade because win probability is too low., AI decision Qualified",1.44,3259933,175.81,4.9,0.34,0.25,True,True,True,True,True,True,True,True,True,True,premarket_high
177.27,172.54,186.73,176.54,end_of_day,222,-162.06,-0.15,2.67,-0.41,NVDA,Momentum Price Action Trend,Momentum + Price Action Trend,EMA + VWAP + ORB,Signal Selector -> Policy Critic -> Risk Governor -> Execution Router,Approved,Bracket Order / Core Session,Setup EMA + VWAP + ORB -> Policy Approved -> Entry 177.27 / Stop 172.54 / Target 186.73 -> Route Bracket Order / Core Session,2025-09-19,90,73,45,100,55,71,81,HeavyTradingModel-v2,0.0,0.0,Qualified,"Volume accelerating, EMA stack intact, Above VWAP, Intraday expansion, Close near high, Not extended from EMA 9, First 5m bullish, First 5m above VWAP, ORB confirmed, Setup: EMA + VWAP + ORB, Breakout via premarket_high, SPY above VWAP, ML score 73, Catalyst score 45, Regime score 100, Liquidity score 55, Final score 71, AI confidence 81, Setup fit 96, Trend quality 86, ML 73, Catalyst 45, Regime 100, Memory 100, Anomaly 41, Confidence 81. NVDA matches EMA + VWAP + ORB. EMA 9/21/50 stack is aligned. price is holding above VWAP. volume is expanding. SPY regime is supportive. breakout is confirmed through premarket high. predicted win probability 0%. expected return 0.00R. Model rejects the trade because win probability is too low., AI decision Qualified",1.37,3225892,177.27,4.73,0.8,0.41,True,True,True,True,True,True,True,True,True,True,premarket_high
184.16,175.0,202.49,183.6,end_of_day,114,-63.84,-0.06,4.97,-0.3,NVDA,Momentum Price Action Trend,Momentum + Price Action Trend,EMA + VWAP + Premarket High,Signal Selector -> Policy Critic -> Risk Governor -> Execution Router,Approved,Bracket Order / Core Session,Setup EMA + VWAP + Premarket High -> Policy Approved -> Entry 184.16 / Stop 175.00 / Target 202.49 -> Route Bracket Order / Core Session,2025-09-22,80,78,45,100,55,72,83,HeavyTradingModel-v2,0.0,0.0,Qualified,"Volume accelerating, EMA stack intact, Above VWAP, Intraday expansion, Close near high, Not extended from EMA 9, ORB confirmed, Setup: EMA + VWAP + Premarket High, Breakout via premarket_high, SPY above VWAP, ML score 78, Catalyst score 45, Regime score 100, Liquidity score 55, Final score 72, AI confidence 83, Setup fit 92, Trend quality 99, ML 78, Catalyst 45, Regime 100, Memory 100, Anomaly 40, Confidence 83. NVDA matches EMA + VWAP + Premarket High. EMA 9/21/50 stack is aligned. price is holding above VWAP. volume is expanding. SPY regime is supportive. breakout is confirmed through premarket high. predicted win probability 0%. expected return 0.00R. Model rejects the trade because win probability is too low., AI decision Qualified",1.84,3369261,184.16,4.93,4.76,1.07,True,True,True,True,True,True,True,False,False,True,premarket_high
178.77,173.45,189.41,177.68,end_of_day,197,-214.73,-0.2,2.98,-0.61,NVDA,Momentum Price Action Trend,Momentum + Price Action Trend,EMA + VWAP + Premarket High,Signal Selector -> Policy Critic -> Risk Governor -> Execution Router,Approved,Bracket Order / Core Session,Setup EMA + VWAP + Premarket High -> Policy Approved -> Entry 178.77 / Stop 173.45 / Target 189.41 -> Route Bracket Order / Core Session,2025-09-25,80,74,45,100,55,70,80,HeavyTradingModel-v2,0.0,0.0,Qualified,"Volume accelerating, EMA stack intact, Above VWAP, Intraday expansion, Close near high, Not extended from EMA 9, ORB confirmed, Setup: EMA + VWAP + Premarket High, Breakout via premarket_high, SPY above VWAP, ML score 74, Catalyst score 45, Regime score 100, Liquidity score 55, Final score 70, AI confidence 80, Setup fit 92, Trend quality 92, ML 74, Catalyst 45, Regime 100, Memory 100, Anomaly 33, Confidence 80. NVDA matches EMA + VWAP + Premarket High. EMA 9/21/50 stack is aligned. price is holding above VWAP. volume is expanding. SPY regime is supportive. breakout is confirmed through premarket high. predicted win probability 0%. expected return 0.00R. Model rejects the trade because win probability is too low., AI decision Qualified",0.93,3406549,178.77,5.23,2.46,0.4,True,True,True,True,True,True,True,False,False,True,premarket_high
186.82,180.38,199.7,186.54,end_of_day,163,-45.64,-0.04,3.45,-0.15,NVDA,Momentum Price Action Trend,Momentum + Price Action Trend,EMA + VWAP + Premarket High,Signal Selector -> Policy Critic -> Risk Governor -> Execution Router,Approved,Bracket Order / Core Session,Setup EMA + VWAP + Premarket High -> Policy Approved -> Entry 186.82 / Stop 180.38 / Target 199.70 -> Route Bracket Order / Core Session,2025-09-30,80,74,45,100,55,70,81,HeavyTradingModel-v2,0.0,0.0,Qualified,"Volume accelerating, EMA stack intact, Above VWAP, Intraday expansion, Close near high, Not extended from EMA 9, First 5m bullish, ORB confirmed, Setup: EMA + VWAP + Premarket High, Breakout via premarket_high, SPY above VWAP, ML score 74, Catalyst score 45, Regime score 100, Liquidity score 55, Final score 70, AI confidence 81, Setup fit 92, Trend quality 93, ML 74, Catalyst 45, Regime 100, Memory 100, Anomaly 34, Confidence 81. NVDA matches EMA + VWAP + Premarket High. EMA 9/21/50 stack is aligned. price is holding above VWAP. volume is expanding. SPY regime is supportive. breakout is confirmed through premarket high. predicted win probability 0%. expected return 0.00R. Model rejects the trade because win probability is too low., AI decision Qualified",2.04,3265906,186.82,5.14,2.89,0.21,True,True,True,True,True,True,True,True,False,True,premarket_high
188.24,183.1,198.51,189.09,end_of_day,204,173.4,0.17,2.73,0.45,NVDA,Momentum Price Action Trend,Momentum + Price Action Trend,EMA + VWAP + Premarket High,Signal Selector -> Policy Critic -> Risk Governor -> Execution Router,Approved,Bracket Order / Core Session,Setup EMA + VWAP + Premarket High -> Policy Approved -> Entry 188.24 / Stop 183.10 / Target 198.51 -> Route Bracket Order / Core Session,2025-10-08,95,76,45,100,70,71,79,HeavyTradingModel-v2,0.0,0.0,Qualified,"RVOL strong, Volume accelerating, EMA stack intact, Above VWAP, Not extended from EMA 9, First 5m bullish, First 5m above VWAP, Setup: EMA + VWAP + Premarket High, Breakout via premarket_high, SPY above VWAP, ML score 76, Catalyst score 45, Regime score 100, Liquidity score 70, Final score 71, AI confidence 79, Setup fit 92, Trend quality 75, ML 76, Catalyst 45, Regime 100, Memory 100, Anomaly 36, Confidence 79. NVDA matches EMA + VWAP + Premarket High. EMA 9/21/50 stack is aligned. price is holding above VWAP. volume is expanding. SPY regime is supportive. breakout is confirmed through premarket high. predicted win probability 0%. expected return 0.00R. Model rejects the trade because win probability is too low., AI decision Qualified",3.91,2892324,188.24,5.14,0.19,0.35,True,True,True,True,True,False,True,True,True,False,premarket_high
184.33,178.65,195.69,182.55,end_of_day,185,-329.3,-0.31,3.08,-0.97,NVDA,Momentum Price Action Trend,Momentum + Price Action Trend,EMA + VWAP + ORB,Signal Selector -> Policy Critic -> Risk Governor -> Execution Router,Approved,Bracket Order / Core Session,Setup EMA + VWAP + ORB -> Policy Approved -> Entry 184.33 / Stop 178.65 / Target 195.69 -> Route Bracket Order / Core Session,2025-10-20,90,74,45,100,55,71,82,HeavyTradingModel-v2,0.0,0.0,Qualified,"Volume accelerating, EMA stack intact, Above VWAP, Intraday expansion, Close near high, Not extended from EMA 9, First 5m bullish, First 5m above VWAP, ORB confirmed, Setup: EMA + VWAP + ORB, Breakout via premarket_high, SPY above VWAP, ML score 74, Catalyst score 45, Regime score 100, Liquidity score 55, Final score 71, AI confidence 82, Setup fit 96, Trend quality 88, ML 74, Catalyst 45, Regime 100, Memory 100, Anomaly 43, Confidence 82. NVDA matches EMA + VWAP + ORB. EMA 9/21/50 stack is aligned. price is holding above VWAP. volume is expanding. SPY regime is supportive. breakout is confirmed through premarket high. predicted win probability 0%. expected return 0.00R. Model rejects the trade because win probability is too low., AI decision Qualified",1.84,3095050,184.33,5.68,1.26,0.62,True,True,True,True,True,True,True,True,True,True,premarket_high
182.44,176.65,194.04,180.28,end_of_day,181,-390.96,-0.37,3.17,-1.18,NVDA,Momentum Price Action Trend,Momentum + Price Action Trend,EMA + VWAP + ORB,Signal Selector -> Policy Critic -> Risk Governor -> Execution Router,Approved,Bracket Order / Core Session,Setup EMA + VWAP + ORB -> Policy Approved -> Entry 182.44 / Stop 176.65 / Target 194.04 -> Route Bracket Order / Core Session,2025-10-22,90,73,45,100,55,71,81,HeavyTradingModel-v2,0.0,0.0,Qualified,"Volume accelerating, EMA stack intact, Above VWAP, Intraday expansion, Close near high, Not extended from EMA 9, First 5m bullish, First 5m above VWAP, ORB confirmed, Setup: EMA + VWAP + ORB, Breakout via premarket_high, SPY above VWAP, ML score 73, Catalyst score 45, Regime score 100, Liquidity score 55, Final score 71, AI confidence 81, Setup fit 96, Trend quality 87, ML 73, Catalyst 45, Regime 100, Memory 100, Anomaly 42, Confidence 81. NVDA matches EMA + VWAP + ORB. EMA 9/21/50 stack is aligned. price is holding above VWAP. volume is expanding. SPY regime is supportive. breakout is confirmed through premarket high. predicted win probability 0%. expected return 0.00R. Model rejects the trade because win probability is too low., AI decision Qualified",1.24,3154550,182.44,5.8,1.0,0.52,True,True,True,True,True,True,True,True,True,True,premarket_high
182.04,176.37,193.39,182.12,end_of_day,184,14.72,0.01,3.11,0.04,NVDA,Momentum Price Action Trend,Momentum + Price Action Trend,EMA + VWAP + ORB,Signal Selector -> Policy Critic -> Risk Governor -> Execution Router,Approved,Bracket Order / Core Session,Setup EMA + VWAP + ORB -> Policy Approved -> Entry 182.04 / Stop 176.37 / Target 193.39 -> Route Bracket Order / Core Session,2025-10-23,90,73,45,100,55,71,81,HeavyTradingModel-v2,0.0,0.0,Qualified,"Volume accelerating, EMA stack intact, Above VWAP, Intraday expansion, Close near high, Not extended from EMA 9, First 5m bullish, First 5m above VWAP, ORB confirmed, Setup: EMA + VWAP + ORB, Breakout via premarket_high, SPY above VWAP, ML score 73, Catalyst score 45, Regime score 100, Liquidity score 55, Final score 71, AI confidence 81, Setup fit 96, Trend quality 87, ML 73, Catalyst 45, Regime 100, Memory 100, Anomaly 42, Confidence 81. NVDA matches EMA + VWAP + ORB. EMA 9/21/50 stack is aligned. price is holding above VWAP. volume is expanding. SPY regime is supportive. breakout is confirmed through premarket high. predicted win probability 0%. expected return 0.00R. Model rejects the trade because win probability is too low., AI decision Qualified",1.33,3142757,182.04,5.67,1.02,0.31,True,True,True,True,True,True,True,True,True,True,premarket_high
186.46,179.82,199.74,186.22,end_of_day,157,-37.68,-0.04,3.56,-0.13,NVDA,Momentum Price Action Trend,Momentum + Price Action Trend,EMA + VWAP + ORB,Signal Selector -> Policy Critic -> Risk Governor -> Execution Router,Approved,Bracket Order / Core Session,Setup EMA + VWAP + ORB -> Policy Approved -> Entry 186.46 / Stop 179.82 / Target 199.74 -> Route Bracket Order / Core Session,2025-10-24,90,73,45,100,55,71,81,HeavyTradingModel-v2,0.0,0.0,Qualified,"Volume accelerating, EMA stack intact, Above VWAP, Intraday expansion, Close near high, Not extended from EMA 9, First 5m bullish, First 5m above VWAP, ORB confirmed, Setup: EMA + VWAP + ORB, Breakout via premarket_high, SPY above VWAP, ML score 73, Catalyst score 45, Regime score 100, Liquidity score 55, Final score 71, AI confidence 81, Setup fit 96, Trend quality 86, ML 73, Catalyst 45, Regime 100, Memory 100, Anomaly 41, Confidence 81. NVDA matches EMA + VWAP + ORB. EMA 9/21/50 stack is aligned. price is holding above VWAP. volume is expanding. SPY regime is supportive. breakout is confirmed through premarket high. predicted win probability 0%. expected return 0.00R. Model rejects the trade because win probability is too low., AI decision Qualified",0.87,3188977,186.46,5.75,0.74,0.45,True,True,True,True,True,True,True,True,True,True,premarket_high
191.03,183.51,206.07,191.44,end_of_day,138,56.58,0.05,3.94,0.21,NVDA,Momentum Price Action Trend,Momentum + Price Action Trend,EMA + VWAP + ORB,Signal Selector -> Policy Critic -> Risk Governor -> Execution Router,Approved,Bracket Order / Core Session,Setup EMA + VWAP + ORB -> Policy Approved -> Entry 191.03 / Stop 183.51 / Target 206.07 -> Route Bracket Order / Core Session,2025-10-27,90,72,45,100,55,70,81,HeavyTradingModel-v2,0.0,0.0,Qualified,"Volume accelerating, EMA stack intact, Above VWAP, Close near high, Not extended from EMA 9, First 5m bullish, First 5m above VWAP, ORB confirmed, Setup: EMA + VWAP + ORB, Breakout via premarket_high, SPY above VWAP, ML score 72, Catalyst score 45, Regime score 100, Liquidity score 55, Final score 70, AI confidence 81, Setup fit 96, Trend quality 85, ML 72, Catalyst 45, Regime 100, Memory 100, Anomaly 40, Confidence 81. NVDA matches EMA + VWAP + ORB. EMA 9/21/50 stack is aligned. price is holding above VWAP. volume is expanding. SPY regime is supportive. breakout is confirmed through premarket high. predicted win probability 0%. expected return 0.00R. Model rejects the trade because win probability is too low., AI decision Qualified",1.05,3186417,191.03,5.83,0.49,0.04,True,True,True,True,True,True,True,True,True,True,premarket_high
199.99,188.46,223.05,201.17,end_of_day,90,106.2,0.1,5.77,0.59,NVDA,Momentum Price Action Trend,Momentum + Price Action Trend,EMA + VWAP + Premarket High,Signal Selector -> Policy Critic -> Risk Governor -> Execution Router,Approved,Bracket Order / Core Session,Setup EMA + VWAP + Premarket High -> Policy Approved -> Entry 199.99 / Stop 188.46 / Target 223.05 -> Route Bracket Order / Core Session,2025-10-28,80,73,45,100,55,70,80,HeavyTradingModel-v2,0.0,0.0,Qualified,"Volume accelerating, EMA stack intact, Above VWAP, Intraday expansion, Close near high, Not extended from EMA 9, ORB confirmed, Setup: EMA + VWAP + Premarket High, Breakout via premarket_high, SPY above VWAP, ML score 73, Catalyst score 45, Regime score 100, Liquidity score 55, Final score 70, AI confidence 80, Setup fit 92, Trend quality 91, ML 73, Catalyst 45, Regime 100, Memory 100, Anomaly 32, Confidence 80. NVDA matches EMA + VWAP + Premarket High. EMA 9/21/50 stack is aligned. price is holding above VWAP. volume is expanding. SPY regime is supportive. breakout is confirmed through premarket high. predicted win probability 0%. expected return 0.00R. Model rejects the trade because win probability is too low., AI decision Qualified",1.46,3282289,199.99,6.34,2.41,0.36,True,True,True,True,True,True,True,False,False,True,premarket_high
211.97,191.93,252.05,207.03,end_of_day,52,-256.62,-0.25,9.45,-2.33,NVDA,Momentum Price Action Trend,Momentum + Price Action Trend,EMA + VWAP + Premarket High,Signal Selector -> Policy Critic -> Risk Governor -> Execution Router,Approved,Bracket Order / Core Session,Setup EMA + VWAP + Premarket High -> Policy Approved -> Entry 211.97 / Stop 191.93 / Target 252.05 -> Route Bracket Order / Core Session,2025-10-29,100,90,45,100,80,78,84,HeavyTradingModel-v2,0.0,0.0,Qualified,"RVOL strong, Volume accelerating, EMA stack intact, Above VWAP, Intraday expansion, Close near high, Not extended from EMA 9, First 5m above VWAP, ORB confirmed, Setup: EMA + VWAP + Premarket High, Breakout via premarket_high, SPY above VWAP, ML score 90, Catalyst score 45, Regime score 100, Liquidity score 80, Final score 78, AI confidence 84, Setup fit 92, Trend quality 85, ML 90, Catalyst 45, Regime 100, Memory 100, Anomaly 51, Confidence 84. NVDA matches EMA + VWAP + Premarket High. EMA 9/21/50 stack is aligned. price is holding above VWAP. volume is expanding. SPY regime is supportive. breakout is confirmed through premarket high. predicted win probability 0%. expected return 0.00R. Model rejects the trade because win probability is too low., AI decision Qualified",6.41,3505358,211.97,6.69,0.56,0.86,True,True,True,True,True,True,True,False,True,True,premarket_high
198.96,178.91,239.05,199.04,end_of_day,52,4.42,0.0,10.08,0.04,NVDA,Momentum Price Action Trend,Momentum + Price Action Trend,EMA + VWAP + Premarket High,Signal Selector -> Policy Critic -> Risk Governor -> Execution Router,Approved,Bracket Order / Core Session,Setup EMA + VWAP + Premarket High -> Policy Approved -> Entry 198.96 / Stop 178.91 / Target 239.05 -> Route Bracket Order / Core Session,2025-11-10,80,73,45,100,55,70,80,HeavyTradingModel-v2,0.0,0.0,Qualified,"Volume accelerating, EMA stack intact, Above VWAP, Intraday expansion, Close near high, Not extended from EMA 9, First 5m bullish, ORB confirmed, Setup: EMA + VWAP + Premarket High, Breakout via premarket_high, SPY above VWAP, ML score 73, Catalyst score 45, Regime score 100, Liquidity score 55, Final score 70, AI confidence 80, Setup fit 92, Trend quality 91, ML 73, Catalyst 45, Regime 100, Memory 100, Anomaly 32, Confidence 80. NVDA matches EMA + VWAP + Premarket High. EMA 9/21/50 stack is aligned. price is holding above VWAP. volume is expanding. SPY regime is supportive. breakout is confirmed through premarket high. predicted win probability 0%. expected return 0.00R. Model rejects the trade because win probability is too low., AI decision Qualified",0.81,4088145,198.96,8.09,2.38,0.23,True,True,True,True,True,True,True,True,False,True,premarket_high
186.05,177.1,203.95,190.19,end_of_day,116,480.24,0.46,4.81,2.23,NVDA,Momentum Price Action Trend,Momentum + Price Action Trend,EMA + VWAP + ORB,Signal Selector -> Policy Critic -> Risk Governor -> Execution Router,Approved,Bracket Order / Core Session,Setup EMA + VWAP + ORB -> Policy Approved -> Entry 186.05 / Stop 177.10 / Target 203.95 -> Route Bracket Order / Core Session,2025-11-14,85,71,45,100,55,71,80,HeavyTradingModel-v2,0.0,0.0,Qualified,"Volume accelerating, EMA stack intact, Above VWAP, Intraday expansion, Not extended from EMA 9, First 5m bullish, First 5m above VWAP, ORB confirmed, Setup: EMA + VWAP + ORB, Breakout via premarket_high, SPY above VWAP, ML score 71, Catalyst score 45, Regime score 100, Liquidity score 55, Final score 71, AI confidence 80, Setup fit 96, Trend quality 81, ML 71, Catalyst 45, Regime 100, Memory 100, Anomaly 46, Confidence 80. NVDA matches EMA + VWAP + ORB. EMA 9/21/50 stack is aligned. price is holding above VWAP. volume is expanding. SPY regime is supportive. breakout is confirmed through premarket high. predicted win probability 0%. expected return 0.00R. Model rejects the trade because win probability is too low., AI decision Qualified",1.93,3909441,186.05,8.95,2.36,0.17,True,True,True,True,True,False,True,True,True,True,premarket_high
187.07,178.76,203.69,186.7,end_of_day,126,-46.62,-0.04,4.44,-0.2,NVDA,Momentum Price Action Trend,Momentum + Price Action Trend,EMA + VWAP + ORB,Signal Selector -> Policy Critic -> Risk Governor -> Execution Router,Approved,Bracket Order / Core Session,Setup EMA + VWAP + ORB -> Policy Approved -> Entry 187.07 / Stop 178.76 / Target 203.69 -> Route Bracket Order / Core Session,2025-11-19,90,75,45,100,55,72,82,HeavyTradingModel-v2,0.0,0.0,Qualified,"Volume accelerating, EMA stack intact, Above VWAP, Intraday expansion, Close near high, Not extended from EMA 9, First 5m bullish, First 5m above VWAP, ORB confirmed, Setup: EMA + VWAP + ORB, Breakout via premarket_high, SPY above VWAP, ML score 75, Catalyst score 45, Regime score 100, Liquidity score 55, Final score 72, AI confidence 82, Setup fit 96, Trend quality 89, ML 75, Catalyst 45, Regime 100, Memory 100, Anomaly 44, Confidence 82. NVDA matches EMA + VWAP + ORB. EMA 9/21/50 stack is aligned. price is holding above VWAP. volume is expanding. SPY regime is supportive. breakout is confirmed through premarket high. predicted win probability 0%. expected return 0.00R. Model rejects the trade because win probability is too low., AI decision Qualified",1.98,4020652,187.07,8.31,1.76,0.98,True,True,True,True,True,True,True,True,True,True,premarket_high
178.34,170.09,194.86,179.97,end_of_day,126,204.75,0.2,4.63,0.91,NVDA,Momentum Price Action Trend,Momentum + Price Action Trend,EMA + VWAP + ORB,Signal Selector -> Policy Critic -> Risk Governor -> Execution Router,Approved,Bracket Order / Core Session,Setup EMA + VWAP + ORB -> Policy Approved -> Entry 178.34 / Stop 170.09 / Target 194.86 -> Route Bracket Order / Core Session,2025-12-01,110,81,45,100,70,74,83,HeavyTradingModel-v2,0.0,0.0,Qualified,"RVOL strong, Volume accelerating, EMA stack intact, Above VWAP, Intraday expansion, Close near high, Not extended from EMA 9, First 5m bullish, First 5m above VWAP, ORB confirmed, Setup: EMA + VWAP + ORB, Breakout via premarket_high, SPY above VWAP, ML score 81, Catalyst score 45, Regime score 100, Liquidity score 70, Final score 74, AI confidence 83, Setup fit 96, Trend quality 88, ML 81, Catalyst 45, Regime 100, Memory 100, Anomaly 46, Confidence 83. NVDA matches EMA + VWAP + ORB. EMA 9/21/50 stack is aligned. price is holding above VWAP. volume is expanding. SPY regime is supportive. breakout is confirmed through premarket high. predicted win probability 0%. expected return 0.00R. Model rejects the trade because win probability is too low., AI decision Qualified",2.92,4332606,178.34,8.26,1.41,0.72,True,True,True,True,True,True,True,True,True,True,premarket_high
184.22,176.57,199.52,183.45,end_of_day,137,-105.49,-0.1,4.15,-0.42,NVDA,Momentum Price Action Trend,Momentum + Price Action Trend,EMA + VWAP + ORB,Signal Selector -> Policy Critic -> Risk Governor -> Execution Router,Approved,Bracket Order / Core Session,Setup EMA + VWAP + ORB -> Policy Approved -> Entry 184.22 / Stop 176.57 / Target 199.52 -> Route Bracket Order / Core Session,2025-12-04,90,75,45,100,55,72,82,HeavyTradingModel-v2,0.0,0.0,Qualified,"Volume accelerating, EMA stack intact, Above VWAP, Intraday expansion, Close near high, Not extended from EMA 9, First 5m bullish, First 5m above VWAP, ORB confirmed, Setup: EMA + VWAP + ORB, Breakout via premarket_high, SPY above VWAP, ML score 75, Catalyst score 45, Regime score 100, Liquidity score 55, Final score 72, AI confidence 82, Setup fit 96, Trend quality 90, ML 75, Catalyst 45, Regime 100, Memory 100, Anomaly 45, Confidence 82. NVDA matches EMA + VWAP + ORB. EMA 9/21/50 stack is aligned. price is holding above VWAP. volume is expanding. SPY regime is supportive. breakout is confirmed through premarket high. predicted win probability 0%. expected return 0.00R. Model rejects the trade because win probability is too low., AI decision Qualified",1.42,4332413,184.22,7.65,2.13,0.59,True,True,True,True,True,True,True,True,True,True,premarket_high
180.79,171.83,198.72,181.0,end_of_day,117,24.57,0.02,4.96,0.12,NVDA,Momentum Price Action Trend,Momentum + Price Action Trend,EMA + VWAP + ORB,Signal Selector -> Policy Critic -> Risk Governor -> Execution Router,Approved,Bracket Order / Core Session,Setup EMA + VWAP + ORB -> Policy Approved -> Entry 180.79 / Stop 171.83 / Target 198.72 -> Route Bracket Order / Core Session,2025-12-19,90,74,45,100,55,71,82,HeavyTradingModel-v2,0.0,0.0,Qualified,"Volume accelerating, EMA stack intact, Above VWAP, Intraday expansion, Close near high, Not extended from EMA 9, First 5m bullish, First 5m above VWAP, ORB confirmed, Setup: EMA + VWAP + ORB, Breakout via premarket_high, SPY above VWAP, ML score 74, Catalyst score 45, Regime score 100, Liquidity score 55, Final score 71, AI confidence 82, Setup fit 96, Trend quality 88, ML 74, Catalyst 45, Regime 100, Memory 100, Anomaly 43, Confidence 82. NVDA matches EMA + VWAP + ORB. EMA 9/21/50 stack is aligned. price is holding above VWAP. volume is expanding. SPY regime is supportive. breakout is confirmed through premarket high. predicted win probability 0%. expected return 0.00R. Model rejects the trade because win probability is too low., AI decision Qualified",1.45,4401555,180.79,5.03,1.43,0.37,True,True,True,True,True,True,True,True,True,True,premarket_high
187.09,182.01,197.23,189.2,end_of_day,206,434.66,0.42,2.72,1.13,NVDA,Momentum Price Action Trend,Momentum + Price Action Trend,EMA + VWAP + ORB,Signal Selector -> Policy Critic -> Risk Governor -> Execution Router,Approved,Bracket Order / Core Session,Setup EMA + VWAP + ORB -> Policy Approved -> Entry 187.09 / Stop 182.01 / Target 197.23 -> Route Bracket Order / Core Session,2025-12-23,90,75,45,100,55,72,82,HeavyTradingModel-v2,0.0,0.0,Qualified,"Volume accelerating, EMA stack intact, Above VWAP, Intraday expansion, Close near high, Not extended from EMA 9, First 5m bullish, First 5m above VWAP, ORB confirmed, Setup: EMA + VWAP + ORB, Breakout via premarket_high, SPY above VWAP, ML score 75, Catalyst score 45, Regime score 100, Liquidity score 55, Final score 72, AI confidence 82, Setup fit 96, Trend quality 89, ML 75, Catalyst 45, Regime 100, Memory 100, Anomaly 44, Confidence 82. NVDA matches EMA + VWAP + ORB. EMA 9/21/50 stack is aligned. price is holding above VWAP. volume is expanding. SPY regime is supportive. breakout is confirmed through premarket high. predicted win probability 0%. expected return 0.00R. Model rejects the trade because win probability is too low., AI decision Qualified",1.34,4123575,187.09,5.07,1.67,0.41,True,True,True,True,True,True,True,True,True,True,premarket_high
190.07,185.07,200.08,189.17,end_of_day,210,-189.0,-0.18,2.63,-0.47,NVDA,Momentum Price Action Trend,Momentum + Price Action Trend,EMA + VWAP + ORB,Signal Selector -> Policy Critic -> Risk Governor -> Execution Router,Approved,Bracket Order / Core Session,Setup EMA + VWAP + ORB -> Policy Approved -> Entry 190.07 / Stop 185.07 / Target 200.08 -> Route Bracket Order / Core Session,2026-01-07,90,74,45,100,55,71,81,HeavyTradingModel-v2,0.0,0.0,Qualified,"Volume accelerating, EMA stack intact, Above VWAP, Intraday expansion, Close near high, Not extended from EMA 9, First 5m bullish, First 5m above VWAP, ORB confirmed, Setup: EMA + VWAP + ORB, Breakout via premarket_high, SPY above VWAP, ML score 74, Catalyst score 45, Regime score 100, Liquidity score 55, Final score 71, AI confidence 81, Setup fit 96, Trend quality 87, ML 74, Catalyst 45, Regime 100, Memory 100, Anomaly 42, Confidence 81. NVDA matches EMA + VWAP + ORB. EMA 9/21/50 stack is aligned. price is holding above VWAP. volume is expanding. SPY regime is supportive. breakout is confirmed through premarket high. predicted win probability 0%. expected return 0.00R. Model rejects the trade because win probability is too low., AI decision Qualified",1.62,3385946,190.07,5.0,1.08,0.11,True,True,True,True,True,True,True,True,True,True,premarket_high
187.4,182.79,196.63,185.79,end_of_day,228,-367.08,-0.35,2.46,-0.86,NVDA,Momentum Price Action Trend,Momentum + Price Action Trend,EMA + VWAP + ORB,Signal Selector -> Policy Critic -> Risk Governor -> Execution Router,Approved,Bracket Order / Core Session,Setup EMA + VWAP + ORB -> Policy Approved -> Entry 187.40 / Stop 182.79 / Target 196.63 -> Route Bracket Order / Core Session,2026-01-13,90,74,45,100,55,72,82,HeavyTradingModel-v2,0.0,0.0,Qualified,"Volume accelerating, EMA stack intact, Above VWAP, Intraday expansion, Close near high, Not extended from EMA 9, First 5m bullish, First 5m above VWAP, ORB confirmed, Setup: EMA + VWAP + ORB, Breakout via premarket_high, SPY above VWAP, ML score 74, Catalyst score 45, Regime score 100, Liquidity score 55, Final score 72, AI confidence 82, Setup fit 96, Trend quality 88, ML 74, Catalyst 45, Regime 100, Memory 100, Anomaly 43, Confidence 82. NVDA matches EMA + VWAP + ORB. EMA 9/21/50 stack is aligned. price is holding above VWAP. volume is expanding. SPY regime is supportive. breakout is confirmed through premarket high. predicted win probability 0%. expected return 0.00R. Model rejects the trade because win probability is too low., AI decision Qualified",1.52,3245613,187.4,4.61,1.52,0.76,True,True,True,True,True,True,True,True,True,True,premarket_high
188.51,180.86,203.82,187.15,end_of_day,136,-184.96,-0.18,4.06,-0.72,NVDA,Momentum Price Action Trend,Momentum + Price Action Trend,EMA + VWAP + ORB,Signal Selector -> Policy Critic -> Risk Governor -> Execution Router,Approved,Bracket Order / Core Session,Setup EMA + VWAP + ORB -> Policy Approved -> Entry 188.51 / Stop 180.86 / Target 203.82 -> Route Bracket Order / Core Session,2026-01-15,95,86,45,68,80,74,78,HeavyTradingModel-v2,0.0,0.0,Qualified,"RVOL strong, Volume accelerating, EMA stack intact, Above VWAP, Intraday expansion, Not extended from EMA 9, First 5m bullish, First 5m above VWAP, ORB confirmed, Setup: EMA + VWAP + ORB, Breakout via premarket_high, ML score 86, Catalyst score 45, Regime score 68, Liquidity score 80, Final score 74, AI confidence 78, Setup fit 96, Trend quality 76, ML 86, Catalyst 45, Regime 68, Memory 100, Anomaly 65, Confidence 78. NVDA matches EMA + VWAP + ORB. EMA 9/21/50 stack is aligned. price is holding above VWAP. volume is expanding. breakout is confirmed through premarket high. predicted win probability 0%. expected return 0.00R. Model rejects the trade because win probability is too low., AI decision Qualified",6.36,3256535,188.51,4.78,0.74,0.76,True,True,True,True,False,False,True,True,True,True,premarket_high
181.15,175.69,192.06,183.3,end_of_day,191,410.65,0.39,3.01,1.19,NVDA,Momentum Price Action Trend,Momentum + Price Action Trend,EMA + VWAP + Premarket High,Signal Selector -> Policy Critic -> Risk Governor -> Execution Router,Approved,Bracket Order / Core Session,Setup EMA + VWAP + Premarket High -> Policy Approved -> Entry 181.15 / Stop 175.69 / Target 192.06 -> Route Bracket Order / Core Session,2026-01-21,100,77,45,100,70,71,80,HeavyTradingModel-v2,0.0,0.0,Qualified,"RVOL strong, Volume accelerating, EMA stack intact, Above VWAP, Intraday expansion, Close near high, Not extended from EMA 9, ORB confirmed, Setup: EMA + VWAP + Premarket High, Breakout via premarket_high, SPY above VWAP, ML score 77, Catalyst score 45, Regime score 100, Liquidity score 70, Final score 71, AI confidence 80, Setup fit 92, Trend quality 87, ML 77, Catalyst 45, Regime 100, Memory 100, Anomaly 30, Confidence 80. NVDA matches EMA + VWAP + Premarket High. EMA 9/21/50 stack is aligned. price is holding above VWAP. volume is expanding. SPY regime is supportive. breakout is confirmed through premarket high. predicted win probability 0%. expected return 0.00R. Model rejects the trade because win probability is too low., AI decision Qualified",2.83,3168889,181.15,5.46,1.06,0.31,True,True,True,True,True,True,True,False,False,True,premarket_high
188.29,183.04,198.81,187.64,end_of_day,199,-129.35,-0.12,2.79,-0.35,NVDA,Momentum Price Action Trend,Momentum + Price Action Trend,EMA + VWAP + Premarket High,Signal Selector -> Policy Critic -> Risk Governor -> Execution Router,Approved,Bracket Order / Core Session,Setup EMA + VWAP + Premarket High -> Policy Approved -> Entry 188.29 / Stop 183.04 / Target 198.81 -> Route Bracket Order / Core Session,2026-01-23,100,82,45,100,80,73,82,HeavyTradingModel-v2,0.0,0.0,Qualified,"RVOL strong, Volume accelerating, EMA stack intact, Above VWAP, Close near high, Not extended from EMA 9, ORB confirmed, Setup: EMA + VWAP + Premarket High, Breakout via premarket_high, SPY above VWAP, ML score 82, Catalyst score 45, Regime score 100, Liquidity score 80, Final score 73, AI confidence 82, Setup fit 92, Trend quality 85, ML 82, Catalyst 45, Regime 100, Memory 100, Anomaly 37, Confidence 82. NVDA matches EMA + VWAP + Premarket High. EMA 9/21/50 stack is aligned. price is holding above VWAP. volume is expanding. SPY regime is supportive. breakout is confirmed through premarket high. predicted win probability 0%. expected return 0.00R. Model rejects the trade because win probability is too low., AI decision Qualified",4.23,3192684,188.29,5.26,0.47,0.4,True,True,True,True,True,True,True,False,False,True,premarket_high
189.41,184.17,199.9,185.66,end_of_day,200,-750.0,-0.72,2.77,-1.98,NVDA,Momentum Price Action Trend,Momentum + Price Action Trend,EMA + VWAP + ORB,Signal Selector -> Policy Critic -> Risk Governor -> Execution Router,Approved,Bracket Order / Core Session,Setup EMA + VWAP + ORB -> Policy Approved -> Entry 189.41 / Stop 184.17 / Target 199.90 -> Route Bracket Order / Core Session,2026-02-02,85,69,45,100,55,70,79,HeavyTradingModel-v2,0.0,0.0,Qualified,"Volume accelerating, EMA stack intact, Above VWAP, Intraday expansion, Not extended from EMA 9, First 5m bullish, First 5m above VWAP, ORB confirmed, Setup: EMA + VWAP + ORB, Breakout via premarket_high, SPY above VWAP, ML score 69, Catalyst score 45, Regime score 100, Liquidity score 55, Final score 70, AI confidence 79, Setup fit 96, Trend quality 78, ML 69, Catalyst 45, Regime 100, Memory 100, Anomaly 43, Confidence 79. NVDA matches EMA + VWAP + ORB. EMA 9/21/50 stack is aligned. price is holding above VWAP. volume is expanding. SPY regime is supportive. breakout is confirmed through premarket high. predicted win probability 0%. expected return 0.00R. Model rejects the trade because win probability is too low., AI decision Qualified",0.95,3601215,189.41,5.24,1.31,0.04,True,True,True,True,True,False,True,True,True,True,premarket_high
182.59,171.11,205.55,185.39,end_of_day,90,252.0,0.24,6.29,1.53,NVDA,Momentum Price Action Trend,Momentum + Price Action Trend,EMA + VWAP + ORB,Signal Selector -> Policy Critic -> Risk Governor -> Execution Router,Approved,Bracket Order / Core Session,Setup EMA + VWAP + ORB -> Policy Approved -> Entry 182.59 / Stop 171.11 / Target 205.55 -> Route Bracket Order / Core Session,2026-02-06,90,77,45,100,70,73,83,HeavyTradingModel-v2,0.0,0.0,Qualified,"RVOL strong, Volume accelerating, EMA stack intact, Above VWAP, Intraday expansion, Close near high, Not extended from EMA 9, First 5m bullish, First 5m above VWAP, ORB confirmed, Setup: EMA + VWAP + ORB, Breakout via premarket_high, SPY above VWAP, ML score 77, Catalyst score 45, Regime score 100, Liquidity score 70, Final score 73, AI confidence 83, Setup fit 96, Trend quality 93, ML 77, Catalyst 45, Regime 100, Memory 100, Anomaly 48, Confidence 83. NVDA matches EMA + VWAP + ORB. EMA 9/21/50 stack is aligned. price is holding above VWAP. volume is expanding. SPY regime is supportive. breakout is confirmed through premarket high. predicted win probability 0%. expected return 0.00R. Model rejects the trade because win probability is too low., AI decision Qualified",2.5,4056835,182.59,6.58,2.87,1.08,True,True,True,True,True,True,True,True,True,True,premarket_high
191.57,174.62,225.46,189.85,end_of_day,61,-104.92,-0.1,8.85,-0.9,NVDA,Momentum Price Action Trend,Momentum + Price Action Trend,EMA + VWAP + ORB,Signal Selector -> Policy Critic -> Risk Governor -> Execution Router,Approved,Bracket Order / Core Session,Setup EMA + VWAP + ORB -> Policy Approved -> Entry 191.57 / Stop 174.62 / Target 225.46 -> Route Bracket Order / Core Session,2026-02-09,105,78,45,100,70,73,82,HeavyTradingModel-v2,0.0,0.0,Qualified,"RVOL strong, Volume accelerating, EMA stack intact, Above VWAP, Intraday expansion, Not extended from EMA 9, First 5m bullish, First 5m above VWAP, ORB confirmed, Setup: EMA + VWAP + ORB, Breakout via premarket_high, SPY above VWAP, ML score 78, Catalyst score 45, Regime score 100, Liquidity score 70, Final score 73, AI confidence 82, Setup fit 96, Trend quality 81, ML 78, Catalyst 45, Regime 100, Memory 100, Anomaly 49, Confidence 82. NVDA matches EMA + VWAP + ORB. EMA 9/21/50 stack is aligned. price is holding above VWAP. volume is expanding. SPY regime is supportive. breakout is confirmed through premarket high. predicted win probability 0%. expected return 0.00R. Model rejects the trade because win probability is too low., AI decision Qualified",2.91,4169701,191.57,6.66,2.27,0.2,True,True,True,True,True,False,True,True,True,True,premarket_high
183.75,176.54,198.18,185.11,end_of_day,144,195.84,0.19,3.92,0.74,NVDA,Momentum Price Action Trend,Momentum + Price Action Trend,EMA + VWAP + ORB,Signal Selector -> Policy Critic -> Risk Governor -> Execution Router,Approved,Bracket Order / Core Session,Setup EMA + VWAP + ORB -> Policy Approved -> Entry 183.75 / Stop 176.54 / Target 198.18 -> Route Bracket Order / Core Session,2026-02-17,90,73,45,100,55,71,81,HeavyTradingModel-v2,0.0,0.0,Qualified,"Volume accelerating, EMA stack intact, Above VWAP, Intraday expansion, Close near high, Not extended from EMA 9, First 5m bullish, First 5m above VWAP, ORB confirmed, Setup: EMA + VWAP + ORB, Breakout via premarket_high, SPY above VWAP, ML score 73, Catalyst score 45, Regime score 100, Liquidity score 55, Final score 71, AI confidence 81, Setup fit 96, Trend quality 86, ML 73, Catalyst 45, Regime 100, Memory 100, Anomaly 41, Confidence 81. NVDA matches EMA + VWAP + ORB. EMA 9/21/50 stack is aligned. price is holding above VWAP. volume is expanding. SPY regime is supportive. breakout is confirmed through premarket high. predicted win probability 0%. expected return 0.00R. Model rejects the trade because win probability is too low., AI decision Qualified",1.63,4249464,183.75,7.21,0.73,1.11,True,True,True,True,True,True,True,True,True,True,premarket_high
189.5,182.56,203.4,189.76,end_of_day,150,39.0,0.04,3.66,0.14,NVDA,Momentum Price Action Trend,Momentum + Price Action Trend,EMA + VWAP + ORB,Signal Selector -> Policy Critic -> Risk Governor -> Execution Router,Approved,Bracket Order / Core Session,Setup EMA + VWAP + ORB -> Policy Approved -> Entry 189.50 / Stop 182.56 / Target 203.40 -> Route Bracket Order / Core Session,2026-02-20,90,73,45,100,55,71,81,HeavyTradingModel-v2,0.0,0.0,Qualified,"Volume accelerating, EMA stack intact, Above VWAP, Intraday expansion, Close near high, Not extended from EMA 9, First 5m bullish, First 5m above VWAP, ORB confirmed, Setup: EMA + VWAP + ORB, Breakout via premarket_high, SPY above VWAP, ML score 73, Catalyst score 45, Regime score 100, Liquidity score 55, Final score 71, AI confidence 81, Setup fit 96, Trend quality 87, ML 73, Catalyst 45, Regime 100, Memory 100, Anomaly 42, Confidence 81. NVDA matches EMA + VWAP + ORB. EMA 9/21/50 stack is aligned. price is holding above VWAP. volume is expanding. SPY regime is supportive. breakout is confirmed through premarket high. predicted win probability 0%. expected return 0.00R. Model rejects the trade because win probability is too low., AI decision Qualified",1.63,4123620,189.5,6.95,1.03,0.6,True,True,True,True,True,True,True,True,True,True,premarket_high
193.09,186.54,206.2,192.87,end_of_day,159,-35.77,-0.03,3.39,-0.12,NVDA,Momentum Price Action Trend,Momentum + Price Action Trend,EMA + VWAP + Premarket High,Signal Selector -> Policy Critic -> Risk Governor -> Execution Router,Approved,Bracket Order / Core Session,Setup EMA + VWAP + Premarket High -> Policy Approved -> Entry 193.09 / Stop 186.54 / Target 206.20 -> Route Bracket Order / Core Session,2026-02-24,80,73,45,100,55,70,80,HeavyTradingModel-v2,0.0,0.0,Qualified,"Volume accelerating, EMA stack intact, Above VWAP, Intraday expansion, Close near high, Not extended from EMA 9, First 5m bullish, ORB confirmed, Setup: EMA + VWAP + Premarket High, Breakout via premarket_high, SPY above VWAP, ML score 73, Catalyst score 45, Regime score 100, Liquidity score 55, Final score 70, AI confidence 80, Setup fit 92, Trend quality 91, ML 73, Catalyst 45, Regime 100, Memory 100, Anomaly 32, Confidence 80. NVDA matches EMA + VWAP + Premarket High. EMA 9/21/50 stack is aligned. price is holding above VWAP. volume is expanding. SPY regime is supportive. breakout is confirmed through premarket high. predicted win probability 0%. expected return 0.00R. Model rejects the trade because win probability is too low., AI decision Qualified",1.22,4207707,193.09,6.55,2.35,0.38,True,True,True,True,True,True,True,True,False,True,premarket_high
197.09,187.43,216.42,195.83,end_of_day,108,-136.08,-0.13,4.9,-0.64,NVDA,Momentum Price Action Trend,Momentum + Price Action Trend,EMA + VWAP + ORB,Signal Selector -> Policy Critic -> Risk Governor -> Execution Router,Approved,Bracket Order / Core Session,Setup EMA + VWAP + ORB -> Policy Approved -> Entry 197.09 / Stop 187.43 / Target 216.42 -> Route Bracket Order / Core Session,2026-02-25,85,70,45,100,55,70,79,HeavyTradingModel-v2,0.0,0.0,Qualified,"Volume accelerating, EMA stack intact, Above VWAP, Intraday expansion, Not extended from EMA 9, First 5m bullish, First 5m above VWAP, ORB confirmed, Setup: EMA + VWAP + ORB, Breakout via premarket_high, SPY above VWAP, ML score 70, Catalyst score 45, Regime score 100, Liquidity score 55, Final score 70, AI confidence 79, Setup fit 96, Trend quality 79, ML 70, Catalyst 45, Regime 100, Memory 100, Anomaly 44, Confidence 79. NVDA matches EMA + VWAP + ORB. EMA 9/21/50 stack is aligned. price is holding above VWAP. volume is expanding. SPY regime is supportive. breakout is confirmed through premarket high. predicted win probability 0%. expected return 0.00R. Model rejects the trade because win probability is too low., AI decision Qualified",1.36,4271962,197.09,6.3,1.55,0.28,True,True,True,True,True,False,True,True,True,True,premarket_high
181.44,175.26,193.79,182.4,end_of_day,168,161.28,0.16,3.41,0.53,NVDA,Momentum Price Action Trend,Momentum + Price Action Trend,EMA + VWAP + ORB,Signal Selector -> Policy Critic -> Risk Governor -> Execution Router,Approved,Bracket Order / Core Session,Setup EMA + VWAP + ORB -> Policy Approved -> Entry 181.44 / Stop 175.26 / Target 193.79 -> Route Bracket Order / Core Session,2026-03-02,85,69,45,100,55,70,79,HeavyTradingModel-v2,0.0,0.0,Qualified,"Volume accelerating, EMA stack intact, Above VWAP, Intraday expansion, Not extended from EMA 9, First 5m bullish, First 5m above VWAP, ORB confirmed, Setup: EMA + VWAP + ORB, Breakout via premarket_high, SPY above VWAP, ML score 69, Catalyst score 45, Regime score 100, Liquidity score 55, Final score 70, AI confidence 79, Setup fit 96, Trend quality 78, ML 69, Catalyst 45, Regime 100, Memory 100, Anomaly 43, Confidence 79. NVDA matches EMA + VWAP + ORB. EMA 9/21/50 stack is aligned. price is holding above VWAP. volume is expanding. SPY regime is supportive. breakout is confirmed through premarket high. predicted win probability 0%. expected return 0.00R. Model rejects the trade because win probability is too low., AI decision Qualified",1.74,4940249,181.44,6.18,1.31,0.3,True,True,True,True,True,False,True,True,True,True,premarket_high
180.3,174.04,192.81,180.03,end_of_day,166,-44.82,-0.04,3.47,-0.15,NVDA,Momentum Price Action Trend,Momentum + Price Action Trend,EMA + VWAP + ORB,Signal Selector -> Policy Critic -> Risk Governor -> Execution Router,Approved,Bracket Order / Core Session,Setup EMA + VWAP + ORB -> Policy Approved -> Entry 180.30 / Stop 174.04 / Target 192.81 -> Route Bracket Order / Core Session,2026-03-03,90,74,45,100,70,71,81,HeavyTradingModel-v2,0.0,0.0,Qualified,"Volume accelerating, EMA stack intact, Above VWAP, Intraday expansion, Close near high, Not extended from EMA 9, First 5m bullish, First 5m above VWAP, ORB confirmed, Setup: EMA + VWAP + ORB, Breakout via premarket_high, SPY above VWAP, ML score 74, Catalyst score 45, Regime score 100, Liquidity score 70, Final score 71, AI confidence 81, Setup fit 96, Trend quality 87, ML 74, Catalyst 45, Regime 100, Memory 100, Anomaly 42, Confidence 81. NVDA matches EMA + VWAP + ORB. EMA 9/21/50 stack is aligned. price is holding above VWAP. volume is expanding. SPY regime is supportive. breakout is confirmed through premarket high. predicted win probability 0%. expected return 0.00R. Model rejects the trade because win probability is too low., AI decision Qualified",1.16,5006676,180.3,6.26,1.22,0.22,True,True,True,True,True,True,True,True,True,True,premarket_high
185.67,175.56,205.89,184.88,end_of_day,103,-81.37,-0.08,5.45,-0.43,NVDA,Momentum Price Action Trend,Momentum + Price Action Trend,EMA + VWAP + ORB,Signal Selector -> Policy Critic -> Risk Governor -> Execution Router,Approved,Bracket Order / Core Session,Setup EMA + VWAP + ORB -> Policy Approved -> Entry 185.67 / Stop 175.56 / Target 205.89 -> Route Bracket Order / Core Session,2026-03-10,90,75,45,100,55,72,82,HeavyTradingModel-v2,0.0,0.0,Qualified,"Volume accelerating, EMA stack intact, Above VWAP, Intraday expansion, Close near high, Not extended from EMA 9, First 5m bullish, First 5m above VWAP, ORB confirmed, Setup: EMA + VWAP + ORB, Breakout via premarket_high, SPY above VWAP, ML score 75, Catalyst score 45, Regime score 100, Liquidity score 55, Final score 72, AI confidence 82, Setup fit 96, Trend quality 90, ML 75, Catalyst 45, Regime 100, Memory 100, Anomaly 45, Confidence 82. NVDA matches EMA + VWAP + ORB. EMA 9/21/50 stack is aligned. price is holding above VWAP. volume is expanding. SPY regime is supportive. breakout is confirmed through premarket high. predicted win probability 0%. expected return 0.00R. Model rejects the trade because win probability is too low., AI decision Qualified",1.13,4836844,185.67,6.13,1.9,0.43,True,True,True,True,True,True,True,True,True,True,premarket_high
178.16,171.73,191.02,175.43,end_of_day,162,-442.26,-0.42,3.61,-1.53,NVDA,Momentum Price Action Trend,Momentum + Price Action Trend,EMA + VWAP + ORB,Signal Selector -> Policy Critic -> Risk Governor -> Execution Router,Approved,Bracket Order / Core Session,Setup EMA + VWAP + ORB -> Policy Approved -> Entry 178.16 / Stop 171.73 / Target 191.02 -> Route Bracket Order / Core Session,2026-03-23,90,73,45,100,70,71,81,HeavyTradingModel-v2,0.0,0.0,Qualified,"Volume accelerating, EMA stack intact, Above VWAP, Intraday expansion, Close near high, Not extended from EMA 9, First 5m bullish, First 5m above VWAP, ORB confirmed, Setup: EMA + VWAP + ORB, Breakout via premarket_high, SPY above VWAP, ML score 73, Catalyst score 45, Regime score 100, Liquidity score 70, Final score 71, AI confidence 81, Setup fit 96, Trend quality 86, ML 73, Catalyst 45, Regime 100, Memory 100, Anomaly 40, Confidence 81. NVDA matches EMA + VWAP + ORB. EMA 9/21/50 stack is aligned. price is holding above VWAP. volume is expanding. SPY regime is supportive. breakout is confirmed through premarket high. predicted win probability 0%. expected return 0.00R. Model rejects the trade because win probability is too low., AI decision Qualified",1.78,5033758,178.16,5.33,0.65,0.25,True,True,True,True,True,True,True,True,True,True,premarket_high
181.04,173.99,195.14,178.55,end_of_day,147,-366.03,-0.35,3.89,-1.38,NVDA,Momentum Price Action Trend,Momentum + Price Action Trend,EMA + VWAP + ORB,Signal Selector -> Policy Critic -> Risk Governor -> Execution Router,Approved,Bracket Order / Core Session,Setup EMA + VWAP + ORB -> Policy Approved -> Entry 181.04 / Stop 173.99 / Target 195.14 -> Route Bracket Order / Core Session,2026-03-25,85,69,45,100,70,70,79,HeavyTradingModel-v2,0.0,0.0,Qualified,"Volume accelerating, EMA stack intact, Above VWAP, Intraday expansion, Not extended from EMA 9, First 5m bullish, First 5m above VWAP, ORB confirmed, Setup: EMA + VWAP + ORB, Breakout via premarket_high, SPY above VWAP, ML score 69, Catalyst score 45, Regime score 100, Liquidity score 70, Final score 70, AI confidence 79, Setup fit 96, Trend quality 78, ML 69, Catalyst 45, Regime 100, Memory 100, Anomaly 43, Confidence 79. NVDA matches EMA + VWAP + ORB. EMA 9/21/50 stack is aligned. price is holding above VWAP. volume is expanding. SPY regime is supportive. breakout is confirmed through premarket high. predicted win probability 0%. expected return 0.00R. Model rejects the trade because win probability is too low., AI decision Qualified",1.64,5101610,181.04,5.14,1.26,0.46,True,True,True,True,True,False,True,True,True,True,premarket_high
173.39,164.28,191.6,174.41,end_of_day,113,115.26,0.11,5.25,0.59,NVDA,Momentum Price Action Trend,Momentum + Price Action Trend,EMA + VWAP + Premarket High,Signal Selector -> Policy Critic -> Risk Governor -> Execution Router,Approved,Bracket Order / Core Session,Setup EMA + VWAP + Premarket High -> Policy Approved -> Entry 173.39 / Stop 164.28 / Target 191.60 -> Route Bracket Order / Core Session,2026-03-31,80,74,45,100,55,70,81,HeavyTradingModel-v2,0.0,0.0,Qualified,"Volume accelerating, EMA stack intact, Above VWAP, Intraday expansion, Close near high, Not extended from EMA 9, First 5m above VWAP, ORB confirmed, Setup: EMA + VWAP + Premarket High, Breakout via premarket_high, SPY above VWAP, ML score 74, Catalyst score 45, Regime score 100, Liquidity score 55, Final score 70, AI confidence 81, Setup fit 92, Trend quality 93, ML 74, Catalyst 45, Regime 100, Memory 100, Anomaly 34, Confidence 81. NVDA matches EMA + VWAP + Premarket High. EMA 9/21/50 stack is aligned. price is holding above VWAP. volume is expanding. SPY regime is supportive. breakout is confirmed through premarket high. predicted win probability 0%. expected return 0.00R. Model rejects the trade because win probability is too low., AI decision Qualified",1.31,4755883,173.39,5.5,2.79,1.08,True,True,True,True,True,True,True,False,True,True,premarket_high
176.85,167.03,196.49,175.81,end_of_day,105,-109.2,-0.11,5.55,-0.59,NVDA,Momentum Price Action Trend,Momentum + Price Action Trend,EMA + VWAP + ORB,Signal Selector -> Policy Critic -> Risk Governor -> Execution Router,Approved,Bracket Order / Core Session,Setup EMA + VWAP + ORB -> Policy Approved -> Entry 176.85 / Stop 167.03 / Target 196.49 -> Route Bracket Order / Core Session,2026-04-01,90,72,45,100,55,70,81,HeavyTradingModel-v2,0.0,0.0,Qualified,"Volume accelerating, EMA stack intact, Above VWAP, Close near high, Not extended from EMA 9, First 5m bullish, First 5m above VWAP, ORB confirmed, Setup: EMA + VWAP + ORB, Breakout via previous_day_high, SPY above VWAP, ML score 72, Catalyst score 45, Regime score 100, Liquidity score 55, Final score 70, AI confidence 81, Setup fit 96, Trend quality 85, ML 72, Catalyst 45, Regime 100, Memory 100, Anomaly 40, Confidence 81. NVDA matches EMA + VWAP + ORB. EMA 9/21/50 stack is aligned. price is holding above VWAP. volume is expanding. SPY regime is supportive. breakout is confirmed through previous day high. predicted win probability 0%. expected return 0.00R. Model rejects the trade because win probability is too low., AI decision Qualified",1.38,4725870,176.85,5.4,0.33,0.09,True,True,True,True,True,True,True,True,True,True,previous_day_high
200.98,195.87,211.2,201.67,end_of_day,202,139.38,0.14,2.54,0.34,NVDA,Momentum Price Action Trend,Momentum + Price Action Trend,EMA + VWAP + ORB,Signal Selector -> Policy Critic -> Risk Governor -> Execution Router,Approved,Bracket Order / Core Session,Setup EMA + VWAP + ORB -> Policy Approved -> Entry 200.98 / Stop 195.87 / Target 211.20 -> Route Bracket Order / Core Session,2026-04-17,110,78,45,100,70,72,82,HeavyTradingModel-v2,0.0,0.0,Qualified,"RVOL strong, Volume accelerating, EMA stack intact, Above VWAP, Intraday expansion, Close near high, Not extended from EMA 9, First 5m bullish, First 5m above VWAP, ORB confirmed, Setup: EMA + VWAP + ORB, Breakout via previous_day_high, SPY above VWAP, ML score 78, Catalyst score 45, Regime score 100, Liquidity score 70, Final score 72, AI confidence 82, Setup fit 96, Trend quality 85, ML 78, Catalyst 45, Regime 100, Memory 100, Anomaly 40, Confidence 82. NVDA matches EMA + VWAP + ORB. EMA 9/21/50 stack is aligned. price is holding above VWAP. volume is expanding. SPY regime is supportive. breakout is confirmed through previous day high. predicted win probability 0%. expected return 0.00R. Model rejects the trade because win probability is too low., AI decision Qualified",2.53,4511726,200.98,5.0,0.56,0.2,True,True,True,True,True,True,True,True,True,True,previous_day_high
209.75,197.25,234.75,208.26,end_of_day,82,-122.18,-0.12,5.96,-0.71,NVDA,Momentum Price Action Trend,Momentum + Price Action Trend,EMA + VWAP + Premarket High,Signal Selector -> Policy Critic -> Risk Governor -> Execution Router,Approved,Bracket Order / Core Session,Setup EMA + VWAP + Premarket High -> Policy Approved -> Entry 209.75 / Stop 197.25 / Target 234.75 -> Route Bracket Order / Core Session,2026-04-24,80,75,45,100,55,71,81,HeavyTradingModel-v2,0.0,0.0,Qualified,"Volume accelerating, EMA stack intact, Above VWAP, Intraday expansion, Close near high, Not extended from EMA 9, First 5m above VWAP, ORB confirmed, Setup: EMA + VWAP + Premarket High, Breakout via premarket_high, SPY above VWAP, ML score 75, Catalyst score 45, Regime score 100, Liquidity score 55, Final score 71, AI confidence 81, Setup fit 92, Trend quality 94, ML 75, Catalyst 45, Regime 100, Memory 100, Anomaly 35, Confidence 81. NVDA matches EMA + VWAP + Premarket High. EMA 9/21/50 stack is aligned. price is holding above VWAP. volume is expanding. SPY regime is supportive. breakout is confirmed through premarket high. predicted win probability 0%. expected return 0.00R. Model rejects the trade because win probability is too low., AI decision Qualified",2.43,4194649,209.75,5.24,3.29,0.67,True,True,True,True,True,True,True,False,True,True,premarket_high
211.99,206.31,223.35,213.75,end_of_day,182,320.32,0.31,2.68,0.83,NVDA,Momentum Price Action Trend,Momentum + Price Action Trend,EMA + VWAP + ORB,Signal Selector -> Policy Critic -> Risk Governor -> Execution Router,Approved,Bracket Order / Core Session,Setup EMA + VWAP + ORB -> Policy Approved -> Entry 211.99 / Stop 206.31 / Target 223.35 -> Route Bracket Order / Core Session,2026-04-28,90,73,45,100,55,71,81,HeavyTradingModel-v2,0.0,0.0,Qualified,"Volume accelerating, EMA stack intact, Above VWAP, Intraday expansion, Close near high, Not extended from EMA 9, First 5m bullish, First 5m above VWAP, ORB confirmed, Setup: EMA + VWAP + ORB, Breakout via premarket_high, SPY above VWAP, ML score 73, Catalyst score 45, Regime score 100, Liquidity score 55, Final score 71, AI confidence 81, Setup fit 96, Trend quality 86, ML 73, Catalyst 45, Regime 100, Memory 100, Anomaly 41, Confidence 81. NVDA matches EMA + VWAP + ORB. EMA 9/21/50 stack is aligned. price is holding above VWAP. volume is expanding. SPY regime is supportive. breakout is confirmed through premarket high. predicted win probability 0%. expected return 0.00R. Model rejects the trade because win probability is too low., AI decision Qualified",1.28,4260219,211.99,5.68,0.81,0.28,True,True,True,True,True,True,True,True,True,True,premarket_high
203.69,196.03,219.01,207.53,end_of_day,135,518.4,0.5,3.76,1.89,NVDA,Momentum Price Action Trend,Momentum + Price Action Trend,EMA + VWAP + Premarket High,Signal Selector -> Policy Critic -> Risk Governor -> Execution Router,Approved,Bracket Order / Core Session,Setup EMA + VWAP + Premarket High -> Policy Approved -> Entry 203.69 / Stop 196.03 / Target 219.01 -> Route Bracket Order / Core Session,2026-05-06,100,78,45,100,70,71,81,HeavyTradingModel-v2,0.0,0.0,Qualified,"RVOL strong, Volume accelerating, EMA stack intact, Above VWAP, Intraday expansion, Close near high, Not extended from EMA 9, First 5m above VWAP, ORB confirmed, Setup: EMA + VWAP + Premarket High, Breakout via premarket_high, SPY above VWAP, ML score 78, Catalyst score 45, Regime score 100, Liquidity score 70, Final score 71, AI confidence 81, Setup fit 92, Trend quality 87, ML 78, Catalyst 45, Regime 100, Memory 100, Anomaly 31, Confidence 81. NVDA matches EMA + VWAP + Premarket High. EMA 9/21/50 stack is aligned. price is holding above VWAP. volume is expanding. SPY regime is supportive. breakout is confirmed through premarket high. predicted win probability 0%. expected return 0.00R. Model rejects the trade because win probability is too low., AI decision Qualified",2.96,4340271,203.69,6.86,1.21,1.14,True,True,True,True,True,True,True,False,True,True,premarket_high
213.12,198.67,242.02,211.46,end_of_day,72,-119.52,-0.11,6.78,-0.78,NVDA,Momentum Price Action Trend,Momentum + Price Action Trend,EMA + VWAP + ORB,Signal Selector -> Policy Critic -> Risk Governor -> Execution Router,Approved,Bracket Order / Core Session,Setup EMA + VWAP + ORB -> Policy Approved -> Entry 213.12 / Stop 198.67 / Target 242.02 -> Route Bracket Order / Core Session,2026-05-07,90,77,45,100,55,73,83,HeavyTradingModel-v2,0.0,0.0,Qualified,"Volume accelerating, EMA stack intact, Above VWAP, Intraday expansion, Close near high, Not extended from EMA 9, First 5m bullish, First 5m above VWAP, ORB confirmed, Setup: EMA + VWAP + ORB, Breakout via premarket_high, SPY above VWAP, ML score 77, Catalyst score 45, Regime score 100, Liquidity score 55, Final score 73, AI confidence 83, Setup fit 96, Trend quality 93, ML 77, Catalyst 45, Regime 100, Memory 100, Anomaly 48, Confidence 83. NVDA matches EMA + VWAP + ORB. EMA 9/21/50 stack is aligned. price is holding above VWAP. volume is expanding. SPY regime is supportive. breakout is confirmed through premarket high. predicted win probability 0%. expected return 0.00R. Model rejects the trade because win probability is too low., AI decision Qualified",1.92,4412633,213.12,7.16,2.81,0.26,True,True,True,True,True,True,True,True,True,True,premarket_high
216.26,206.51,235.76,215.21,end_of_day,106,-111.3,-0.11,4.51,-0.49,NVDA,Momentum Price Action Trend,Momentum + Price Action Trend,EMA + VWAP + ORB,Signal Selector -> Policy Critic -> Risk Governor -> Execution Router,Approved,Bracket Order / Core Session,Setup EMA + VWAP + ORB -> Policy Approved -> Entry 216.26 / Stop 206.51 / Target 235.76 -> Route Bracket Order / Core Session,2026-05-08,90,73,45,100,55,70,81,HeavyTradingModel-v2,0.0,0.0,Qualified,"Volume accelerating, EMA stack intact, Above VWAP, Intraday expansion, Close near high, Not extended from EMA 9, First 5m bullish, First 5m above VWAP, ORB confirmed, Setup: EMA + VWAP + ORB, Breakout via premarket_high, SPY above VWAP, ML score 73, Catalyst score 45, Regime score 100, Liquidity score 55, Final score 70, AI confidence 81, Setup fit 96, Trend quality 85, ML 73, Catalyst 45, Regime 100, Memory 100, Anomaly 40, Confidence 81. NVDA matches EMA + VWAP + ORB. EMA 9/21/50 stack is aligned. price is holding above VWAP. volume is expanding. SPY regime is supportive. breakout is confirmed through premarket high. predicted win probability 0%. expected return 0.00R. Model rejects the trade because win probability is too low., AI decision Qualified",1.53,4362510,216.26,7.3,0.51,0.13,True,True,True,True,True,True,True,True,True,True,premarket_high
219.5,211.87,234.76,219.45,end_of_day,136,-6.8,-0.01,3.48,-0.02,NVDA,Momentum Price Action Trend,Momentum + Price Action Trend,EMA + VWAP + ORB,Signal Selector -> Policy Critic -> Risk Governor -> Execution Router,Approved,Bracket Order / Core Session,Setup EMA + VWAP + ORB -> Policy Approved -> Entry 219.50 / Stop 211.87 / Target 234.76 -> Route Bracket Order / Core Session,2026-05-11,85,70,45,100,55,70,80,HeavyTradingModel-v2,0.0,0.0,Qualified,"Volume accelerating, EMA stack intact, Above VWAP, Intraday expansion, Not extended from EMA 9, First 5m bullish, First 5m above VWAP, ORB confirmed, Setup: EMA + VWAP + ORB, Breakout via premarket_high, SPY above VWAP, ML score 70, Catalyst score 45, Regime score 100, Liquidity score 55, Final score 70, AI confidence 80, Setup fit 96, Trend quality 80, ML 70, Catalyst 45, Regime 100, Memory 100, Anomaly 45, Confidence 80. NVDA matches EMA + VWAP + ORB. EMA 9/21/50 stack is aligned. price is holding above VWAP. volume is expanding. SPY regime is supportive. breakout is confirmed through premarket high. predicted win probability 0%. expected return 0.00R. Model rejects the trade because win probability is too low., AI decision Qualified",2.25,4405923,219.5,7.63,1.92,1.48,True,True,True,True,True,False,True,True,True,True,premarket_high
223.85,215.39,240.78,220.65,end_of_day,123,-394.21,-0.38,3.78,-1.43,NVDA,Momentum Price Action Trend,Momentum + Price Action Trend,EMA + VWAP + ORB,Signal Selector -> Policy Critic -> Risk Governor -> Execution Router,Approved,Bracket Order / Core Session,Setup EMA + VWAP + ORB -> Policy Approved -> Entry 223.85 / Stop 215.39 / Target 240.78 -> Route Bracket Order / Core Session,2026-05-19,90,74,45,100,55,71,82,HeavyTradingModel-v2,0.0,0.0,Qualified,"Volume accelerating, EMA stack intact, Above VWAP, Intraday expansion, Close near high, Not extended from EMA 9, First 5m bullish, First 5m above VWAP, ORB confirmed, Setup: EMA + VWAP + ORB, Breakout via premarket_high, SPY above VWAP, ML score 74, Catalyst score 45, Regime score 100, Liquidity score 55, Final score 71, AI confidence 82, Setup fit 96, Trend quality 88, ML 74, Catalyst 45, Regime 100, Memory 100, Anomaly 43, Confidence 82. NVDA matches EMA + VWAP + ORB. EMA 9/21/50 stack is aligned. price is holding above VWAP. volume is expanding. SPY regime is supportive. breakout is confirmed through premarket high. predicted win probability 0%. expected return 0.00R. Model rejects the trade because win probability is too low., AI decision Qualified",0.89,4469712,223.85,8.46,1.26,0.37,True,True,True,True,True,True,True,True,True,True,premarket_high
215.4,207.69,230.83,214.22,end_of_day,134,-158.12,-0.15,3.58,-0.55,NVDA,Momentum Price Action Trend,Momentum + Price Action Trend,EMA + VWAP + ORB,Signal Selector -> Policy Critic -> Risk Governor -> Execution Router,Approved,Bracket Order / Core Session,Setup EMA + VWAP + ORB -> Policy Approved -> Entry 215.40 / Stop 207.69 / Target 230.83 -> Route Bracket Order / Core Session,2026-05-28,90,73,45,100,55,71,81,HeavyTradingModel-v2,0.0,0.0,Qualified,"Volume accelerating, EMA stack intact, Above VWAP, Intraday expansion, Close near high, Not extended from EMA 9, First 5m bullish, First 5m above VWAP, ORB confirmed, Setup: EMA + VWAP + ORB, Breakout via premarket_high, SPY above VWAP, ML score 73, Catalyst score 45, Regime score 100, Liquidity score 55, Final score 71, AI confidence 81, Setup fit 96, Trend quality 87, ML 73, Catalyst 45, Regime 100, Memory 100, Anomaly 42, Confidence 81. NVDA matches EMA + VWAP + ORB. EMA 9/21/50 stack is aligned. price is holding above VWAP. volume is expanding. SPY regime is supportive. breakout is confirmed through premarket high. predicted win probability 0%. expected return 0.00R. Model rejects the trade because win probability is too low., AI decision Qualified",1.14,4469488,215.4,7.71,1.02,0.7,True,True,True,True,True,True,True,True,True,True,premarket_high
216.29,208.54,231.78,212.28,end_of_day,133,-533.33,-0.52,3.58,-1.85,NVDA,Momentum Price Action Trend,Momentum + Price Action Trend,EMA + VWAP + ORB,Signal Selector -> Policy Critic -> Risk Governor -> Execution Router,Approved,Bracket Order / Core Session,Setup EMA + VWAP + ORB -> Policy Approved -> Entry 216.29 / Stop 208.54 / Target 231.78 -> Route Bracket Order / Core Session,2026-05-29,90,74,45,100,55,71,82,HeavyTradingModel-v2,0.0,0.0,Qualified,"Volume accelerating, EMA stack intact, Above VWAP, Intraday expansion, Close near high, Not extended from EMA 9, First 5m bullish, First 5m above VWAP, ORB confirmed, Setup: EMA + VWAP + ORB, Breakout via premarket_high, SPY above VWAP, ML score 74, Catalyst score 45, Regime score 100, Liquidity score 55, Final score 71, AI confidence 82, Setup fit 96, Trend quality 88, ML 74, Catalyst 45, Regime 100, Memory 100, Anomaly 43, Confidence 82. NVDA matches EMA + VWAP + ORB. EMA 9/21/50 stack is aligned. price is holding above VWAP. volume is expanding. SPY regime is supportive. breakout is confirmed through premarket high. predicted win probability 0%. expected return 0.00R. Model rejects the trade because win probability is too low., AI decision Qualified",1.75,4442492,216.29,7.75,1.48,0.61,True,True,True,True,True,True,True,True,True,True,premarket_high
222.16,211.15,244.19,224.33,end_of_day,93,201.81,0.2,4.96,0.98,NVDA,Momentum Price Action Trend,Momentum + Price Action Trend,EMA + VWAP + ORB,Signal Selector -> Policy Critic -> Risk Governor -> Execution Router,Approved,Bracket Order / Core Session,Setup EMA + VWAP + ORB -> Policy Approved -> Entry 222.16 / Stop 211.15 / Target 244.19 -> Route Bracket Order / Core Session,2026-06-01,85,70,45,100,55,70,80,HeavyTradingModel-v2,0.0,0.0,Qualified,"Volume accelerating, EMA stack intact, Above VWAP, Intraday expansion, Not extended from EMA 9, First 5m bullish, First 5m above VWAP, ORB confirmed, Setup: EMA + VWAP + ORB, Breakout via premarket_high, SPY above VWAP, ML score 70, Catalyst score 45, Regime score 100, Liquidity score 55, Final score 70, AI confidence 80, Setup fit 96, Trend quality 80, ML 70, Catalyst 45, Regime 100, Memory 100, Anomaly 45, Confidence 80. NVDA matches EMA + VWAP + ORB. EMA 9/21/50 stack is aligned. price is holding above VWAP. volume is expanding. SPY regime is supportive. breakout is confirmed through premarket high. predicted win probability 0%. expected return 0.00R. Model rejects the trade because win probability is too low., AI decision Qualified",1.83,4624918,222.16,8.13,1.92,0.5,True,True,True,True,True,False,True,True,True,True,premarket_high
229.89,215.75,258.17,222.78,end_of_day,73,-519.03,-0.5,6.15,-3.09,NVDA,Momentum Price Action Trend,Momentum + Price Action Trend,EMA + VWAP + Premarket High,Signal Selector -> Policy Critic -> Risk Governor -> Execution Router,Approved,Bracket Order / Core Session,Setup EMA + VWAP + Premarket High -> Policy Approved -> Entry 229.89 / Stop 215.75 / Target 258.17 -> Route Bracket Order / Core Session,2026-06-02,100,81,45,100,70,72,82,HeavyTradingModel-v2,0.0,0.0,Qualified,"RVOL strong, Volume accelerating, EMA stack intact, Above VWAP, Intraday expansion, Close near high, Not extended from EMA 9, ORB confirmed, Setup: EMA + VWAP + Premarket High, Breakout via premarket_high, SPY above VWAP, ML score 81, Catalyst score 45, Regime score 100, Liquidity score 70, Final score 72, AI confidence 82, Setup fit 92, Trend quality 88, ML 81, Catalyst 45, Regime 100, Memory 100, Anomaly 35, Confidence 82. NVDA matches EMA + VWAP + Premarket High. EMA 9/21/50 stack is aligned. price is holding above VWAP. volume is expanding. SPY regime is supportive. breakout is confirmed through premarket high. predicted win probability 0%. expected return 0.00R. Model rejects the trade because win probability is too low., AI decision Qualified",3.36,4776479,229.89,8.28,1.55,1.15,True,True,True,True,True,True,True,False,False,True,premarket_high
217.58,209.21,234.33,218.37,end_of_day,122,96.38,0.09,3.85,0.36,NVDA,Momentum Price Action Trend,Momentum + Price Action Trend,EMA + VWAP + ORB,Signal Selector -> Policy Critic -> Risk Governor -> Execution Router,Approved,Bracket Order / Core Session,Setup EMA + VWAP + ORB -> Policy Approved -> Entry 217.58 / Stop 209.21 / Target 234.33 -> Route Bracket Order / Core Session,2026-06-04,90,74,45,100,55,71,82,HeavyTradingModel-v2,0.0,0.0,Qualified,"Volume accelerating, EMA stack intact, Above VWAP, Intraday expansion, Close near high, Not extended from EMA 9, First 5m bullish, First 5m above VWAP, ORB confirmed, Setup: EMA + VWAP + ORB, Breakout via premarket_high, SPY above VWAP, ML score 74, Catalyst score 45, Regime score 100, Liquidity score 55, Final score 71, AI confidence 82, Setup fit 96, Trend quality 88, ML 74, Catalyst 45, Regime 100, Memory 100, Anomaly 43, Confidence 82. NVDA matches EMA + VWAP + ORB. EMA 9/21/50 stack is aligned. price is holding above VWAP. volume is expanding. SPY regime is supportive. breakout is confirmed through premarket high. predicted win probability 0%. expected return 0.00R. Model rejects the trade because win probability is too low., AI decision Qualified",1.51,4761125,217.58,8.37,1.43,0.58,True,True,True,True,True,True,True,True,True,True,premarket_high
208.6,200.17,225.48,210.54,end_of_day,121,234.74,0.23,4.04,0.93,NVDA,Momentum Price Action Trend,Momentum + Price Action Trend,EMA + VWAP + ORB,Signal Selector -> Policy Critic -> Risk Governor -> Execution Router,Approved,Bracket Order / Core Session,Setup EMA + VWAP + ORB -> Policy Approved -> Entry 208.60 / Stop 200.17 / Target 225.48 -> Route Bracket Order / Core Session,2026-06-18,90,73,45,100,70,71,81,HeavyTradingModel-v2,0.0,0.0,Qualified,"Volume accelerating, EMA stack intact, Above VWAP, Intraday expansion, Close near high, Not extended from EMA 9, First 5m bullish, First 5m above VWAP, ORB confirmed, Setup: EMA + VWAP + ORB, Breakout via premarket_high, SPY above VWAP, ML score 73, Catalyst score 45, Regime score 100, Liquidity score 70, Final score 71, AI confidence 81, Setup fit 96, Trend quality 87, ML 73, Catalyst 45, Regime 100, Memory 100, Anomaly 42, Confidence 81. NVDA matches EMA + VWAP + ORB. EMA 9/21/50 stack is aligned. price is holding above VWAP. volume is expanding. SPY regime is supportive. breakout is confirmed through premarket high. predicted win probability 0%. expected return 0.00R. Model rejects the trade because win probability is too low., AI decision Qualified",1.63,5120950,208.6,8.44,0.96,0.4,True,True,True,True,True,True,True,True,True,True,premarket_high
193.31,186.64,206.65,191.97,end_of_day,154,-206.36,-0.2,3.45,-0.69,NVDA,Momentum Price Action Trend,Momentum + Price Action Trend,EMA + VWAP + ORB,Signal Selector -> Policy Critic -> Risk Governor -> Execution Router,Approved,Bracket Order / Core Session,Setup EMA + VWAP + ORB -> Policy Approved -> Entry 193.31 / Stop 186.64 / Target 206.65 -> Route Bracket Order / Core Session,2026-06-26,90,73,45,100,55,71,81,HeavyTradingModel-v2,0.0,0.0,Qualified,"Volume accelerating, EMA stack intact, Above VWAP, Intraday expansion, Close near high, Not extended from EMA 9, First 5m bullish, First 5m above VWAP, ORB confirmed, Setup: EMA + VWAP + ORB, Breakout via premarket_high, SPY above VWAP, ML score 73, Catalyst score 45, Regime score 100, Liquidity score 55, Final score 71, AI confidence 81, Setup fit 96, Trend quality 86, ML 73, Catalyst 45, Regime 100, Memory 100, Anomaly 41, Confidence 81. NVDA matches EMA + VWAP + ORB. EMA 9/21/50 stack is aligned. price is holding above VWAP. volume is expanding. SPY regime is supportive. breakout is confirmed through premarket high. predicted win probability 0%. expected return 0.00R. Model rejects the trade because win probability is too low., AI decision Qualified",1.12,4966643,193.31,6.67,0.84,0.01,True,True,True,True,True,True,True,True,True,True,premarket_high
137.26,118.09,175.6,135.0,end_of_day,52,-117.52,-0.12,13.97,-1.65,AMZN,Momentum Price Action Trend,Momentum + Price Action Trend,EMA + VWAP + ORB,Signal Selector -> Policy Critic -> Risk Governor -> Execution Router,Approved,Bracket Order / Core Session,Setup EMA + VWAP + ORB -> Policy Approved -> Entry 137.26 / Stop 118.09 / Target 175.60 -> Route Bracket Order / Core Session,2022-07-29,105,93,45,100,80,76,84,HeavyTradingModel-v2,0.0,0.0,Qualified,"RVOL strong, Volume accelerating, EMA stack intact, Above VWAP, Intraday expansion, Not extended from EMA 9, First 5m bullish, First 5m above VWAP, ORB confirmed, Setup: EMA + VWAP + ORB, Breakout via premarket_high, SPY above VWAP, ML score 93, Catalyst score 45, Regime score 100, Liquidity score 80, Final score 76, AI confidence 84, Setup fit 96, Trend quality 84, ML 93, Catalyst 45, Regime 100, Memory 50, Anomaly 84, Confidence 84. AMZN matches EMA + VWAP + ORB. EMA 9/21/50 stack is aligned. price is holding above VWAP. volume is expanding. SPY regime is supportive. breakout is confirmed through premarket high. predicted win probability 0%. expected return 0.00R. Model rejects the trade because win probability is too low., AI decision Qualified",11.17,1715518,137.26,5.61,3.14,0.61,True,True,True,True,True,False,True,True,True,True,premarket_high
100.88,95.09,112.46,103.39,end_of_day,172,431.72,0.43,5.74,2.49,AMZN,Momentum Price Action Trend,Momentum + Price Action Trend,EMA + VWAP + Premarket High,Signal Selector -> Policy Critic -> Risk Governor -> Execution Router,Approved,Bracket Order / Core Session,Setup EMA + VWAP + Premarket High -> Policy Approved -> Entry 100.88 / Stop 95.09 / Target 112.46 -> Route Bracket Order / Core Session,2022-10-28,95,86,45,100,80,70,78,HeavyTradingModel-v2,0.0,0.0,Qualified,"RVOL strong, Volume accelerating, EMA stack intact, Above VWAP, Intraday expansion, Not extended from EMA 9, First 5m above VWAP, ORB confirmed, Setup: EMA + VWAP + Premarket High, Breakout via premarket_high, SPY above VWAP, ML score 86, Catalyst score 45, Regime score 100, Liquidity score 80, Final score 70, AI confidence 78, Setup fit 92, Trend quality 78, ML 87, Catalyst 45, Regime 100, Memory 45, Anomaly 58, Confidence 78. AMZN matches EMA + VWAP + Premarket High. EMA 9/21/50 stack is aligned. price is holding above VWAP. volume is expanding. SPY regime is supportive. breakout is confirmed through premarket high. predicted win probability 0%. expected return 0.00R. Model rejects the trade because win probability is too low., AI decision Qualified",7.1,1788753,100.88,5.79,1.19,0.03,True,True,True,True,True,False,True,False,True,True,premarket_high
95.03,85.88,113.33,96.53,end_of_day,109,163.5,0.16,9.63,1.58,AMZN,Momentum Price Action Trend,Momentum + Price Action Trend,EMA + VWAP + Premarket High,Signal Selector -> Policy Critic -> Risk Governor -> Execution Router,Approved,Bracket Order / Core Session,Setup EMA + VWAP + Premarket High -> Policy Approved -> Entry 95.03 / Stop 85.88 / Target 113.33 -> Route Bracket Order / Core Session,2022-11-10,100,92,45,100,80,74,83,HeavyTradingModel-v2,0.0,0.0,Qualified,"RVOL strong, Volume accelerating, EMA stack intact, Above VWAP, Intraday expansion, Close near high, Not extended from EMA 9, ORB confirmed, Setup: EMA + VWAP + Premarket High, Breakout via premarket_high, SPY above VWAP, ML score 92, Catalyst score 45, Regime score 100, Liquidity score 80, Final score 74, AI confidence 83, Setup fit 92, Trend quality 91, ML 92, Catalyst 45, Regime 100, Memory 70, Anomaly 52, Confidence 83. AMZN matches EMA + VWAP + Premarket High. EMA 9/21/50 stack is aligned. price is holding above VWAP. volume is expanding. SPY regime is supportive. breakout is confirmed through premarket high. predicted win probability 0%. expected return 0.00R. Model rejects the trade because win probability is too low., AI decision Qualified",5.62,2739733,95.03,5.8,2.23,1.92,True,True,True,True,True,True,True,False,False,True,premarket_high
98.16,93.52,107.43,98.13,end_of_day,216,-6.48,-0.01,4.73,-0.03,AMZN,Momentum Price Action Trend,Momentum + Price Action Trend,EMA + VWAP + ORB,Signal Selector -> Policy Critic -> Risk Governor -> Execution Router,Approved,Bracket Order / Core Session,Setup EMA + VWAP + ORB -> Policy Approved -> Entry 98.16 / Stop 93.52 / Target 107.43 -> Route Bracket Order / Core Session,2023-01-13,90,79,45,100,55,71,83,HeavyTradingModel-v2,0.0,0.0,Qualified,"Volume accelerating, EMA stack intact, Above VWAP, Intraday expansion, Close near high, Not extended from EMA 9, First 5m bullish, First 5m above VWAP, ORB confirmed, Setup: EMA + VWAP + ORB, Breakout via premarket_high, SPY above VWAP, ML score 79, Catalyst score 45, Regime score 100, Liquidity score 55, Final score 71, AI confidence 83, Setup fit 96, Trend quality 96, ML 79, Catalyst 45, Regime 100, Memory 79, Anomaly 51, Confidence 83. AMZN matches EMA + VWAP + ORB. EMA 9/21/50 stack is aligned. price is holding above VWAP. volume is expanding. SPY regime is supportive. breakout is confirmed through premarket high. predicted win probability 0%. expected return 0.00R. Model rejects the trade because win probability is too low., AI decision Qualified",1.21,1504685,98.16,3.18,3.82,0.47,True,True,True,True,True,True,True,True,True,True,premarket_high
97.03,92.86,105.38,97.18,end_of_day,240,36.0,0.04,4.3,0.15,AMZN,Momentum Price Action Trend,Momentum + Price Action Trend,EMA + VWAP + ORB,Signal Selector -> Policy Critic -> Risk Governor -> Execution Router,Approved,Bracket Order / Core Session,Setup EMA + VWAP + ORB -> Policy Approved -> Entry 97.03 / Stop 92.86 / Target 105.38 -> Route Bracket Order / Core Session,2023-01-20,90,78,45,100,55,70,82,HeavyTradingModel-v2,0.0,0.0,Qualified,"Volume accelerating, EMA stack intact, Above VWAP, Intraday expansion, Close near high, Not extended from EMA 9, First 5m bullish, First 5m above VWAP, ORB confirmed, Setup: EMA + VWAP + ORB, Breakout via premarket_high, SPY above VWAP, ML score 78, Catalyst score 45, Regime score 100, Liquidity score 55, Final score 70, AI confidence 82, Setup fit 96, Trend quality 96, ML 78, Catalyst 45, Regime 100, Memory 72, Anomaly 51, Confidence 82. AMZN matches EMA + VWAP + ORB. EMA 9/21/50 stack is aligned. price is holding above VWAP. volume is expanding. SPY regime is supportive. breakout is confirmed through premarket high. predicted win probability 0%. expected return 0.00R. Model rejects the trade because win probability is too low., AI decision Qualified",0.76,1373833,97.03,3.48,3.68,0.39,True,True,True,True,True,True,True,True,True,True,premarket_high
94.64,91.06,101.79,97.13,end_of_day,280,697.2,0.7,3.78,2.63,AMZN,Momentum Price Action Trend,Momentum + Price Action Trend,EMA + VWAP + ORB,Signal Selector -> Policy Critic -> Risk Governor -> Execution Router,Approved,Bracket Order / Core Session,Setup EMA + VWAP + ORB -> Policy Approved -> Entry 94.64 / Stop 91.06 / Target 101.79 -> Route Bracket Order / Core Session,2023-01-25,95,77,45,100,80,71,82,HeavyTradingModel-v2,0.0,0.0,Qualified,"RVOL strong, Volume accelerating, EMA stack intact, Above VWAP, Intraday expansion, Close near high, Not extended from EMA 9, First 5m bullish, First 5m above VWAP, ORB confirmed, Setup: EMA + VWAP + ORB, SPY above VWAP, ML score 77, Catalyst score 45, Regime score 100, Liquidity score 80, Final score 71, AI confidence 82, Setup fit 96, Trend quality 89, ML 77, Catalyst 45, Regime 100, Memory 77, Anomaly 57, Confidence 82. AMZN matches EMA + VWAP + ORB. EMA 9/21/50 stack is aligned. price is holding above VWAP. volume is expanding. SPY regime is supportive. predicted win probability 0%. expected return 0.00R. Model rejects the trade because win probability is too low., AI decision Qualified",4.62,1519428,94.64,3.58,1.61,1.06,True,True,False,True,True,True,True,True,True,True,none
105.61,101.15,114.54,105.16,end_of_day,226,-101.7,-0.1,4.22,-0.43,AMZN,Momentum Price Action Trend,Momentum + Price Action Trend,EMA + VWAP + ORB,Signal Selector -> Policy Critic -> Risk Governor -> Execution Router,Approved,Bracket Order / Core Session,Setup EMA + VWAP + ORB -> Policy Approved -> Entry 105.61 / Stop 101.15 / Target 114.54 -> Route Bracket Order / Core Session,2023-02-01,90,78,45,100,55,71,83,HeavyTradingModel-v2,0.0,0.0,Qualified,"Volume accelerating, EMA stack intact, Above VWAP, Intraday expansion, Close near high, Not extended from EMA 9, First 5m bullish, First 5m above VWAP, ORB confirmed, Setup: EMA + VWAP + ORB, Breakout via previous_day_high, SPY above VWAP, ML score 78, Catalyst score 45, Regime score 100, Liquidity score 55, Final score 71, AI confidence 83, Setup fit 96, Trend quality 95, ML 78, Catalyst 45, Regime 100, Memory 83, Anomaly 50, Confidence 83. AMZN matches EMA + VWAP + ORB. EMA 9/21/50 stack is aligned. price is holding above VWAP. volume is expanding. SPY regime is supportive. breakout is confirmed through previous day high. predicted win probability 0%. expected return 0.00R. Model rejects the trade because win probability is too low., AI decision Qualified",0.68,1610173,105.61,3.5,3.56,1.14,True,True,True,True,True,True,True,True,True,True,previous_day_high
111.06,101.25,130.69,112.1,end_of_day,103,107.12,0.11,8.83,0.94,AMZN,Momentum Price Action Trend,Momentum + Price Action Trend,EMA + VWAP + Premarket High,Signal Selector -> Policy Critic -> Risk Governor -> Execution Router,Approved,Bracket Order / Core Session,Setup EMA + VWAP + Premarket High -> Policy Approved -> Entry 111.06 / Stop 101.25 / Target 130.69 -> Route Bracket Order / Core Session,2023-02-02,100,85,45,100,80,70,79,HeavyTradingModel-v2,0.0,0.0,Qualified,"RVOL strong, Volume accelerating, EMA stack intact, Above VWAP, Close near high, Not extended from EMA 9, Setup: EMA + VWAP + Premarket High, Breakout via premarket_high, SPY above VWAP, ML score 85, Catalyst score 45, Regime score 100, Liquidity score 80, Final score 70, AI confidence 79, Setup fit 92, Trend quality 85, ML 85, Catalyst 45, Regime 100, Memory 79, Anomaly 27, Confidence 79. AMZN matches EMA + VWAP + Premarket High. EMA 9/21/50 stack is aligned. price is holding above VWAP. volume is expanding. SPY regime is supportive. breakout is confirmed through premarket high. predicted win probability 0%. expected return 0.00R. Model rejects the trade because win probability is too low., AI decision Qualified",4.72,1767181,111.06,3.88,-0.22,0.77,True,True,True,True,True,True,True,False,False,False,premarket_high
97.42,93.07,106.14,100.06,end_of_day,232,612.48,0.61,4.47,2.71,AMZN,Momentum Price Action Trend,Momentum + Price Action Trend,EMA + VWAP + ORB,Signal Selector -> Policy Critic -> Risk Governor -> Execution Router,Approved,Bracket Order / Core Session,Setup EMA + VWAP + ORB -> Policy Approved -> Entry 97.42 / Stop 93.07 / Target 106.14 -> Route Bracket Order / Core Session,2023-03-16,105,80,45,100,70,72,81,HeavyTradingModel-v2,0.0,0.0,Qualified,"RVOL strong, Volume accelerating, EMA stack intact, Above VWAP, Intraday expansion, Not extended from EMA 9, First 5m bullish, First 5m above VWAP, ORB confirmed, Setup: EMA + VWAP + ORB, Breakout via previous_day_high, SPY above VWAP, ML score 80, Catalyst score 45, Regime score 100, Liquidity score 70, Final score 72, AI confidence 81, Setup fit 96, Trend quality 79, ML 80, Catalyst 45, Regime 100, Memory 83, Anomaly 51, Confidence 81. AMZN matches EMA + VWAP + ORB. EMA 9/21/50 stack is aligned. price is holding above VWAP. volume is expanding. SPY regime is supportive. breakout is confirmed through previous day high. predicted win probability 0%. expected return 0.00R. Model rejects the trade because win probability is too low., AI decision Qualified",3.67,1129977,97.42,3.05,1.58,0.64,True,True,True,True,True,False,True,True,True,True,previous_day_high
105.98,102.5,112.94,104.97,end_of_day,292,-294.92,-0.29,3.28,-0.95,AMZN,Momentum Price Action Trend,Momentum + Price Action Trend,EMA + VWAP + ORB,Signal Selector -> Policy Critic -> Risk Governor -> Execution Router,Approved,Bracket Order / Core Session,Setup EMA + VWAP + ORB -> Policy Approved -> Entry 105.98 / Stop 102.50 / Target 112.94 -> Route Bracket Order / Core Session,2023-04-26,110,84,45,100,70,74,83,HeavyTradingModel-v2,0.0,0.0,Qualified,"RVOL strong, Volume accelerating, EMA stack intact, Above VWAP, Intraday expansion, Close near high, Not extended from EMA 9, First 5m bullish, First 5m above VWAP, ORB confirmed, Setup: EMA + VWAP + ORB, Breakout via premarket_high, SPY above VWAP, ML score 84, Catalyst score 45, Regime score 100, Liquidity score 70, Final score 74, AI confidence 83, Setup fit 96, Trend quality 89, ML 84, Catalyst 45, Regime 100, Memory 88, Anomaly 50, Confidence 83. AMZN matches EMA + VWAP + ORB. EMA 9/21/50 stack is aligned. price is holding above VWAP. volume is expanding. SPY regime is supportive. breakout is confirmed through premarket high. predicted win probability 0%. expected return 0.00R. Model rejects the trade because win probability is too low., AI decision Qualified",3.38,1057945,105.98,3.18,1.77,0.38,True,True,True,True,True,True,True,True,True,True,premarket_high
110.0,105.17,119.67,110.21,end_of_day,210,44.1,0.04,4.39,0.19,AMZN,Momentum Price Action Trend,Momentum + Price Action Trend,EMA + VWAP + Previous Day High,Signal Selector -> Policy Critic -> Risk Governor -> Execution Router,Approved,Bracket Order / Core Session,Setup EMA + VWAP + Previous Day High -> Policy Approved -> Entry 110.00 / Stop 105.17 / Target 119.67 -> Route Bracket Order / Core Session,2023-05-10,100,84,45,100,80,72,81,HeavyTradingModel-v2,0.0,0.0,Qualified,"RVOL strong, Volume accelerating, EMA stack intact, Above VWAP, Intraday expansion, Close near high, Not extended from EMA 9, First 5m above VWAP, ORB confirmed, Setup: EMA + VWAP + Previous Day High, Breakout via previous_day_high, SPY above VWAP, ML score 84, Catalyst score 45, Regime score 100, Liquidity score 80, Final score 72, AI confidence 81, Setup fit 92, Trend quality 86, ML 84, Catalyst 45, Regime 100, Memory 84, Anomaly 40, Confidence 81. AMZN matches EMA + VWAP + Previous Day High. EMA 9/21/50 stack is aligned. price is holding above VWAP. volume is expanding. SPY regime is supportive. breakout is confirmed through previous day high. predicted win probability 0%. expected return 0.00R. Model rejects the trade because win probability is too low., AI decision Qualified",4.5,1341149,110.0,3.41,0.82,0.59,True,True,True,True,True,True,True,False,True,True,previous_day_high
113.57,109.25,122.21,113.41,end_of_day,235,-37.6,-0.04,3.8,-0.14,AMZN,Momentum Price Action Trend,Momentum + Price Action Trend,EMA + VWAP + ORB,Signal Selector -> Policy Critic -> Risk Governor -> Execution Router,Approved,Bracket Order / Core Session,Setup EMA + VWAP + ORB -> Policy Approved -> Entry 113.57 / Stop 109.25 / Target 122.21 -> Route Bracket Order / Core Session,2023-05-16,90,74,45,100,55,70,81,HeavyTradingModel-v2,0.0,0.0,Qualified,"Volume accelerating, EMA stack intact, Above VWAP, Intraday expansion, Close near high, Not extended from EMA 9, First 5m bullish, First 5m above VWAP, ORB confirmed, Setup: EMA + VWAP + ORB, Breakout via premarket_high, SPY above VWAP, ML score 74, Catalyst score 45, Regime score 100, Liquidity score 55, Final score 70, AI confidence 81, Setup fit 96, Trend quality 89, ML 74, Catalyst 45, Regime 100, Memory 87, Anomaly 44, Confidence 81. AMZN matches EMA + VWAP + ORB. EMA 9/21/50 stack is aligned. price is holding above VWAP. volume is expanding. SPY regime is supportive. breakout is confirmed through premarket high. predicted win probability 0%. expected return 0.00R. Model rejects the trade because win probability is too low., AI decision Qualified",0.98,1362850,113.57,3.18,1.57,0.07,True,True,True,True,True,True,True,True,True,True,premarket_high
117.32,114.19,123.58,120.08,end_of_day,324,894.24,0.88,2.67,2.35,AMZN,Momentum Price Action Trend,Momentum + Price Action Trend,EMA + VWAP + ORB,Signal Selector -> Policy Critic -> Risk Governor -> Execution Router,Approved,Bracket Order / Core Session,Setup EMA + VWAP + ORB -> Policy Approved -> Entry 117.32 / Stop 114.19 / Target 123.58 -> Route Bracket Order / Core Session,2023-05-26,110,83,45,100,70,73,82,HeavyTradingModel-v2,0.0,0.0,Qualified,"RVOL strong, Volume accelerating, EMA stack intact, Above VWAP, Intraday expansion, Close near high, Not extended from EMA 9, First 5m bullish, First 5m above VWAP, ORB confirmed, Setup: EMA + VWAP + ORB, Breakout via previous_day_high, SPY above VWAP, ML score 83, Catalyst score 45, Regime score 100, Liquidity score 70, Final score 73, AI confidence 82, Setup fit 96, Trend quality 86, ML 83, Catalyst 45, Regime 100, Memory 85, Anomaly 48, Confidence 82. AMZN matches EMA + VWAP + ORB. EMA 9/21/50 stack is aligned. price is holding above VWAP. volume is expanding. SPY regime is supportive. breakout is confirmed through previous day high. predicted win probability 0%. expected return 0.00R. Model rejects the trade because win probability is too low., AI decision Qualified",3.68,1119739,117.32,3.13,0.72,0.5,True,True,True,True,True,True,True,True,True,True,previous_day_high
122.08,118.91,128.44,122.78,end_of_day,323,224.49,0.22,2.6,0.57,AMZN,Momentum Price Action Trend,Momentum + Price Action Trend,EMA + VWAP + ORB,Signal Selector -> Policy Critic -> Risk Governor -> Execution Router,Approved,Bracket Order / Core Session,Setup EMA + VWAP + ORB -> Policy Approved -> Entry 122.08 / Stop 118.91 / Target 128.44 -> Route Bracket Order / Core Session,2023-06-01,90,74,45,100,55,70,81,HeavyTradingModel-v2,0.0,0.0,Qualified,"Volume accelerating, EMA stack intact, Above VWAP, Intraday expansion, Close near high, Not extended from EMA 9, First 5m bullish, First 5m above VWAP, ORB confirmed, Setup: EMA + VWAP + ORB, Breakout via previous_day_high, SPY above VWAP, ML score 74, Catalyst score 45, Regime score 100, Liquidity score 55, Final score 70, AI confidence 81, Setup fit 96, Trend quality 88, ML 74, Catalyst 45, Regime 100, Memory 90, Anomaly 43, Confidence 81. AMZN matches EMA + VWAP + ORB. EMA 9/21/50 stack is aligned. price is holding above VWAP. volume is expanding. SPY regime is supportive. breakout is confirmed through previous day high. predicted win probability 0%. expected return 0.00R. Model rejects the trade because win probability is too low., AI decision Qualified",1.6,1053227,122.08,3.17,1.45,0.73,True,True,True,True,True,True,True,True,True,True,previous_day_high
125.85,122.32,132.91,126.64,end_of_day,290,229.1,0.22,2.8,0.63,AMZN,Momentum Price Action Trend,Momentum + Price Action Trend,EMA + VWAP + ORB,Signal Selector -> Policy Critic -> Risk Governor -> Execution Router,Approved,Bracket Order / Core Session,Setup EMA + VWAP + ORB -> Policy Approved -> Entry 125.85 / Stop 122.32 / Target 132.91 -> Route Bracket Order / Core Session,2023-06-12,90,75,45,100,55,71,81,HeavyTradingModel-v2,0.0,0.0,Qualified,"Volume accelerating, EMA stack intact, Above VWAP, Intraday expansion, Close near high, Not extended from EMA 9, First 5m bullish, First 5m above VWAP, ORB confirmed, Setup: EMA + VWAP + ORB, Breakout via premarket_high, SPY above VWAP, ML score 75, Catalyst score 45, Regime score 100, Liquidity score 55, Final score 71, AI confidence 81, Setup fit 96, Trend quality 89, ML 75, Catalyst 45, Regime 100, Memory 93, Anomaly 44, Confidence 81. AMZN matches EMA + VWAP + ORB. EMA 9/21/50 stack is aligned. price is holding above VWAP. volume is expanding. SPY regime is supportive. breakout is confirmed through premarket high. predicted win probability 0%. expected return 0.00R. Model rejects the trade because win probability is too low., AI decision Qualified",0.86,1055456,125.85,3.53,1.69,0.2,True,True,True,True,True,True,True,True,True,True,premarket_high
127.62,124.0,134.85,127.1,end_of_day,284,-147.68,-0.14,2.84,-0.41,AMZN,Momentum Price Action Trend,Momentum + Price Action Trend,EMA + VWAP + ORB,Signal Selector -> Policy Critic -> Risk Governor -> Execution Router,Approved,Bracket Order / Core Session,Setup EMA + VWAP + ORB -> Policy Approved -> Entry 127.62 / Stop 124.00 / Target 134.85 -> Route Bracket Order / Core Session,2023-06-15,90,76,45,100,55,72,82,HeavyTradingModel-v2,0.0,0.0,Qualified,"Volume accelerating, EMA stack intact, Above VWAP, Intraday expansion, Close near high, Not extended from EMA 9, First 5m bullish, First 5m above VWAP, ORB confirmed, Setup: EMA + VWAP + ORB, Breakout via previous_day_high, SPY above VWAP, ML score 76, Catalyst score 45, Regime score 100, Liquidity score 55, Final score 72, AI confidence 82, Setup fit 96, Trend quality 91, ML 76, Catalyst 45, Regime 100, Memory 95, Anomaly 46, Confidence 82. AMZN matches EMA + VWAP + ORB. EMA 9/21/50 stack is aligned. price is holding above VWAP. volume is expanding. SPY regime is supportive. breakout is confirmed through previous day high. predicted win probability 0%. expected return 0.00R. Model rejects the trade because win probability is too low., AI decision Qualified",0.87,1003189,127.62,3.62,2.37,0.49,True,True,True,True,True,True,True,True,True,True,previous_day_high
127.14,123.83,133.75,125.58,end_of_day,310,-483.6,-0.47,2.6,-1.23,AMZN,Momentum Price Action Trend,Momentum + Price Action Trend,EMA + VWAP + ORB,Signal Selector -> Policy Critic -> Risk Governor -> Execution Router,Approved,Bracket Order / Core Session,Setup EMA + VWAP + ORB -> Policy Approved -> Entry 127.14 / Stop 123.83 / Target 133.75 -> Route Bracket Order / Core Session,2023-06-20,90,75,45,100,55,71,82,HeavyTradingModel-v2,0.0,0.0,Qualified,"Volume accelerating, EMA stack intact, Above VWAP, Intraday expansion, Close near high, Not extended from EMA 9, First 5m bullish, First 5m above VWAP, ORB confirmed, Setup: EMA + VWAP + ORB, Breakout via premarket_high, SPY above VWAP, ML score 75, Catalyst score 45, Regime score 100, Liquidity score 55, Final score 71, AI confidence 82, Setup fit 96, Trend quality 89, ML 75, Catalyst 45, Regime 100, Memory 94, Anomaly 44, Confidence 82. AMZN matches EMA + VWAP + ORB. EMA 9/21/50 stack is aligned. price is holding above VWAP. volume is expanding. SPY regime is supportive. breakout is confirmed through premarket high. predicted win probability 0%. expected return 0.00R. Model rejects the trade because win probability is too low., AI decision Qualified",2.16,1005668,127.14,3.31,1.72,1.03,True,True,True,True,True,True,True,True,True,True,premarket_high
127.82,123.87,135.72,130.15,end_of_day,258,601.14,0.59,3.09,1.82,AMZN,Momentum Price Action Trend,Momentum + Price Action Trend,EMA + VWAP + ORB,Signal Selector -> Policy Critic -> Risk Governor -> Execution Router,Approved,Bracket Order / Core Session,Setup EMA + VWAP + ORB -> Policy Approved -> Entry 127.82 / Stop 123.87 / Target 135.72 -> Route Bracket Order / Core Session,2023-06-22,105,78,45,100,70,72,81,HeavyTradingModel-v2,0.0,0.0,Qualified,"RVOL strong, Volume accelerating, EMA stack intact, Above VWAP, Intraday expansion, Not extended from EMA 9, First 5m bullish, First 5m above VWAP, ORB confirmed, Setup: EMA + VWAP + ORB, Breakout via previous_day_high, SPY above VWAP, ML score 78, Catalyst score 45, Regime score 100, Liquidity score 70, Final score 72, AI confidence 81, Setup fit 96, Trend quality 79, ML 78, Catalyst 45, Regime 100, Memory 91, Anomaly 48, Confidence 81. AMZN matches EMA + VWAP + ORB. EMA 9/21/50 stack is aligned. price is holding above VWAP. volume is expanding. SPY regime is supportive. breakout is confirmed through previous day high. predicted win probability 0%. expected return 0.00R. Model rejects the trade because win probability is too low., AI decision Qualified",3.2,1016188,127.82,3.45,1.53,0.8,True,True,True,True,True,False,True,True,True,True,previous_day_high
141.46,126.44,171.5,139.6,end_of_day,68,-126.48,-0.12,10.62,-1.31,AMZN,Momentum Price Action Trend,Momentum + Price Action Trend,EMA + VWAP + Premarket High,Signal Selector -> Policy Critic -> Risk Governor -> Execution Router,Approved,Bracket Order / Core Session,Setup EMA + VWAP + Premarket High -> Policy Approved -> Entry 141.46 / Stop 126.44 / Target 171.50 -> Route Bracket Order / Core Session,2023-08-04,95,85,45,100,80,75,81,HeavyTradingModel-v2,0.0,0.0,Qualified,"RVOL strong, Volume accelerating, EMA stack intact, Above VWAP, Intraday expansion, Not extended from EMA 9, First 5m bullish, First 5m above VWAP, Setup: EMA + VWAP + Premarket High, Breakout via premarket_high, SPY above VWAP, ML score 85, Catalyst score 45, Regime score 100, Liquidity score 80, Final score 75, AI confidence 81, Setup fit 92, Trend quality 76, ML 85, Catalyst 45, Regime 100, Memory 95, Anomaly 49, Confidence 81. AMZN matches EMA + VWAP + Premarket High. EMA 9/21/50 stack is aligned. price is holding above VWAP. volume is expanding. SPY regime is supportive. breakout is confirmed through premarket high. predicted win probability 0%. expected return 0.00R. Model rejects the trade because win probability is too low., AI decision Qualified",5.81,1054015,141.46,4.16,0.64,0.22,True,True,True,True,True,False,True,True,True,False,premarket_high
130.24,126.31,138.09,129.47,end_of_day,261,-200.97,-0.2,3.02,-0.59,AMZN,Momentum Price Action Trend,Momentum + Price Action Trend,EMA + VWAP + ORB,Signal Selector -> Policy Critic -> Risk Governor -> Execution Router,Approved,Bracket Order / Core Session,Setup EMA + VWAP + ORB -> Policy Approved -> Entry 130.24 / Stop 126.31 / Target 138.09 -> Route Bracket Order / Core Session,2023-10-02,85,71,45,100,55,70,80,HeavyTradingModel-v2,0.0,0.0,Qualified,"Volume accelerating, EMA stack intact, Above VWAP, Intraday expansion, Not extended from EMA 9, First 5m bullish, First 5m above VWAP, ORB confirmed, Setup: EMA + VWAP + ORB, Breakout via previous_day_high, SPY above VWAP, ML score 71, Catalyst score 45, Regime score 100, Liquidity score 55, Final score 70, AI confidence 80, Setup fit 96, Trend quality 82, ML 71, Catalyst 45, Regime 100, Memory 93, Anomaly 47, Confidence 80. AMZN matches EMA + VWAP + ORB. EMA 9/21/50 stack is aligned. price is holding above VWAP. volume is expanding. SPY regime is supportive. breakout is confirmed through previous day high. predicted win probability 0%. expected return 0.00R. Model rejects the trade because win probability is too low., AI decision Qualified",1.48,1036172,130.24,3.93,2.52,0.45,True,True,True,True,True,False,True,True,True,True,previous_day_high
129.03,118.39,150.3,127.74,end_of_day,96,-123.84,-0.12,8.25,-1.0,AMZN,Momentum Price Action Trend,Momentum + Price Action Trend,EMA + VWAP + ORB,Signal Selector -> Policy Critic -> Risk Governor -> Execution Router,Approved,Bracket Order / Core Session,Setup EMA + VWAP + ORB -> Policy Approved -> Entry 129.03 / Stop 118.39 / Target 150.30 -> Route Bracket Order / Core Session,2023-10-27,95,88,45,68,80,76,80,HeavyTradingModel-v2,0.0,0.0,Qualified,"RVOL strong, Volume accelerating, EMA stack intact, Above VWAP, Intraday expansion, Not extended from EMA 9, First 5m bullish, First 5m above VWAP, ORB confirmed, Setup: EMA + VWAP + ORB, Breakout via premarket_high, ML score 88, Catalyst score 45, Regime score 68, Liquidity score 80, Final score 76, AI confidence 80, Setup fit 96, Trend quality 80, ML 88, Catalyst 45, Regime 68, Memory 92, Anomaly 80, Confidence 80. AMZN matches EMA + VWAP + ORB. EMA 9/21/50 stack is aligned. price is holding above VWAP. volume is expanding. breakout is confirmed through premarket high. predicted win probability 0%. expected return 0.00R. Model rejects the trade because win probability is too low., AI decision Qualified",8.19,1054144,129.03,4.25,2.03,0.5,True,True,True,True,False,False,True,True,True,True,premarket_high
132.67,125.55,146.92,132.76,end_of_day,143,12.87,0.01,5.37,0.07,AMZN,Momentum Price Action Trend,Momentum + Price Action Trend,EMA + VWAP + ORB,Signal Selector -> Policy Critic -> Risk Governor -> Execution Router,Approved,Bracket Order / Core Session,Setup EMA + VWAP + ORB -> Policy Approved -> Entry 132.67 / Stop 125.55 / Target 146.92 -> Route Bracket Order / Core Session,2023-10-30,90,74,45,100,55,70,81,HeavyTradingModel-v2,0.0,0.0,Qualified,"Volume accelerating, EMA stack intact, Above VWAP, Intraday expansion, Close near high, Not extended from EMA 9, First 5m bullish, First 5m above VWAP, ORB confirmed, Setup: EMA + VWAP + ORB, Breakout via previous_day_high, SPY above VWAP, ML score 74, Catalyst score 45, Regime score 100, Liquidity score 55, Final score 70, AI confidence 81, Setup fit 96, Trend quality 87, ML 74, Catalyst 45, Regime 100, Memory 91, Anomaly 42, Confidence 81. AMZN matches EMA + VWAP + ORB. EMA 9/21/50 stack is aligned. price is holding above VWAP. volume is expanding. SPY regime is supportive. breakout is confirmed through previous day high. predicted win probability 0%. expected return 0.00R. Model rejects the trade because win probability is too low., AI decision Qualified",1.13,1074445,132.67,4.44,1.12,0.16,True,True,True,True,True,True,True,True,True,True,previous_day_high
140.63,136.51,148.87,139.77,end_of_day,248,-213.28,-0.21,2.93,-0.61,AMZN,Momentum Price Action Trend,Momentum + Price Action Trend,EMA + VWAP + ORB,Signal Selector -> Policy Critic -> Risk Governor -> Execution Router,Approved,Bracket Order / Core Session,Setup EMA + VWAP + ORB -> Policy Approved -> Entry 140.63 / Stop 136.51 / Target 148.87 -> Route Bracket Order / Core Session,2023-11-06,90,75,45,100,55,71,81,HeavyTradingModel-v2,0.0,0.0,Qualified,"Volume accelerating, EMA stack intact, Above VWAP, Intraday expansion, Close near high, Not extended from EMA 9, First 5m bullish, First 5m above VWAP, ORB confirmed, Setup: EMA + VWAP + ORB, Breakout via previous_day_high, SPY above VWAP, ML score 75, Catalyst score 45, Regime score 100, Liquidity score 55, Final score 71, AI confidence 81, Setup fit 96, Trend quality 89, ML 75, Catalyst 45, Regime 100, Memory 92, Anomaly 44, Confidence 81. AMZN matches EMA + VWAP + ORB. EMA 9/21/50 stack is aligned. price is holding above VWAP. volume is expanding. SPY regime is supportive. breakout is confirmed through previous day high. predicted win probability 0%. expected return 0.00R. Model rejects the trade because win probability is too low., AI decision Qualified",1.22,1083341,140.63,4.12,1.63,0.3,True,True,True,True,True,True,True,True,True,True,previous_day_high
142.94,139.1,150.63,143.58,end_of_day,266,170.24,0.17,2.69,0.45,AMZN,Momentum Price Action Trend,Momentum + Price Action Trend,EMA + VWAP + ORB,Signal Selector -> Policy Critic -> Risk Governor -> Execution Router,Approved,Bracket Order / Core Session,Setup EMA + VWAP + ORB -> Policy Approved -> Entry 142.94 / Stop 139.10 / Target 150.63 -> Route Bracket Order / Core Session,2023-11-10,90,75,45,100,55,71,82,HeavyTradingModel-v2,0.0,0.0,Qualified,"Volume accelerating, EMA stack intact, Above VWAP, Intraday expansion, Close near high, Not extended from EMA 9, First 5m bullish, First 5m above VWAP, ORB confirmed, Setup: EMA + VWAP + ORB, Breakout via previous_day_high, SPY above VWAP, ML score 75, Catalyst score 45, Regime score 100, Liquidity score 55, Final score 71, AI confidence 82, Setup fit 96, Trend quality 90, ML 75, Catalyst 45, Regime 100, Memory 91, Anomaly 45, Confidence 82. AMZN matches EMA + VWAP + ORB. EMA 9/21/50 stack is aligned. price is holding above VWAP. volume is expanding. SPY regime is supportive. breakout is confirmed through previous day high. predicted win probability 0%. expected return 0.00R. Model rejects the trade because win probability is too low., AI decision Qualified",0.72,1060169,142.94,3.84,1.97,0.21,True,True,True,True,True,True,True,True,True,True,previous_day_high
206.46,199.01,221.36,207.82,end_of_day,137,186.32,0.18,3.61,0.66,AMZN,Momentum Price Action Trend,Momentum + Price Action Trend,EMA + VWAP + ORB,Signal Selector -> Policy Critic -> Risk Governor -> Execution Router,Approved,Bracket Order / Core Session,Setup EMA + VWAP + ORB -> Policy Approved -> Entry 206.46 / Stop 199.01 / Target 221.36 -> Route Bracket Order / Core Session,2024-11-26,90,74,45,100,55,70,81,HeavyTradingModel-v2,0.0,0.0,Qualified,"Volume accelerating, EMA stack intact, Above VWAP, Intraday expansion, Close near high, Not extended from EMA 9, First 5m bullish, First 5m above VWAP, ORB confirmed, Setup: EMA + VWAP + ORB, Breakout via previous_day_high, SPY above VWAP, ML score 74, Catalyst score 45, Regime score 100, Liquidity score 55, Final score 70, AI confidence 81, Setup fit 96, Trend quality 88, ML 74, Catalyst 45, Regime 100, Memory 93, Anomaly 43, Confidence 81. AMZN matches EMA + VWAP + ORB. EMA 9/21/50 stack is aligned. price is holding above VWAP. volume is expanding. SPY regime is supportive. breakout is confirmed through previous day high. predicted win probability 0%. expected return 0.00R. Model rejects the trade because win probability is too low., AI decision Qualified",0.76,1114984,206.46,5.33,1.29,0.0,True,True,True,True,True,True,True,True,True,True,previous_day_high
208.02,202.8,218.46,207.95,end_of_day,196,-13.72,-0.01,2.51,-0.03,AMZN,Momentum Price Action Trend,Momentum + Price Action Trend,EMA + VWAP + ORB,Signal Selector -> Policy Critic -> Risk Governor -> Execution Router,Approved,Bracket Order / Core Session,Setup EMA + VWAP + ORB -> Policy Approved -> Entry 208.02 / Stop 202.80 / Target 218.46 -> Route Bracket Order / Core Session,2024-11-29,90,74,45,100,55,71,81,HeavyTradingModel-v2,0.0,0.0,Qualified,"Volume accelerating, EMA stack intact, Above VWAP, Intraday expansion, Close near high, Not extended from EMA 9, First 5m bullish, First 5m above VWAP, ORB confirmed, Setup: EMA + VWAP + ORB, Breakout via previous_day_high, SPY above VWAP, ML score 74, Catalyst score 45, Regime score 100, Liquidity score 55, Final score 71, AI confidence 81, Setup fit 96, Trend quality 89, ML 74, Catalyst 45, Regime 100, Memory 95, Anomaly 44, Confidence 81. AMZN matches EMA + VWAP + ORB. EMA 9/21/50 stack is aligned. price is holding above VWAP. volume is expanding. SPY regime is supportive. breakout is confirmed through previous day high. predicted win probability 0%. expected return 0.00R. Model rejects the trade because win probability is too low., AI decision Qualified",0.89,1038307,208.02,5.22,1.58,0.33,True,True,True,True,True,True,True,True,True,True,previous_day_high
230.7,224.24,243.62,230.16,end_of_day,158,-85.32,-0.08,2.8,-0.23,AMZN,Momentum Price Action Trend,Momentum + Price Action Trend,EMA + VWAP + ORB,Signal Selector -> Policy Critic -> Risk Governor -> Execution Router,Approved,Bracket Order / Core Session,Setup EMA + VWAP + ORB -> Policy Approved -> Entry 230.70 / Stop 224.24 / Target 243.62 -> Route Bracket Order / Core Session,2024-12-11,90,73,45,100,55,70,81,HeavyTradingModel-v2,0.0,0.0,Qualified,"Volume accelerating, EMA stack intact, Above VWAP, Intraday expansion, Close near high, Not extended from EMA 9, First 5m bullish, First 5m above VWAP, ORB confirmed, Setup: EMA + VWAP + ORB, Breakout via previous_day_high, SPY above VWAP, ML score 73, Catalyst score 45, Regime score 100, Liquidity score 55, Final score 70, AI confidence 81, Setup fit 96, Trend quality 87, ML 73, Catalyst 45, Regime 100, Memory 95, Anomaly 42, Confidence 81. AMZN matches EMA + VWAP + ORB. EMA 9/21/50 stack is aligned. price is holding above VWAP. volume is expanding. SPY regime is supportive. breakout is confirmed through previous day high. predicted win probability 0%. expected return 0.00R. Model rejects the trade because win probability is too low., AI decision Qualified",1.32,1036770,230.7,4.99,0.96,0.11,True,True,True,True,True,True,True,True,True,True,previous_day_high
239.34,232.23,253.56,237.65,end_of_day,144,-243.36,-0.24,2.97,-0.71,AMZN,Momentum Price Action Trend,Momentum + Price Action Trend,EMA + VWAP + ORB,Signal Selector -> Policy Critic -> Risk Governor -> Execution Router,Approved,Bracket Order / Core Session,Setup EMA + VWAP + ORB -> Policy Approved -> Entry 239.34 / Stop 232.23 / Target 253.56 -> Route Bracket Order / Core Session,2025-01-31,90,73,45,100,55,70,80,HeavyTradingModel-v2,0.0,0.0,Qualified,"Volume accelerating, EMA stack intact, Above VWAP, Intraday expansion, Close near high, Not extended from EMA 9, First 5m bullish, First 5m above VWAP, ORB confirmed, Setup: EMA + VWAP + ORB, Breakout via previous_day_high, SPY above VWAP, ML score 73, Catalyst score 45, Regime score 100, Liquidity score 55, Final score 70, AI confidence 80, Setup fit 96, Trend quality 86, ML 73, Catalyst 45, Regime 100, Memory 94, Anomaly 41, Confidence 80. AMZN matches EMA + VWAP + ORB. EMA 9/21/50 stack is aligned. price is holding above VWAP. volume is expanding. SPY regime is supportive. breakout is confirmed through previous day high. predicted win probability 0%. expected return 0.00R. Model rejects the trade because win probability is too low., AI decision Qualified",1.77,1013857,239.34,5.37,0.66,0.2,True,True,True,True,True,True,True,True,True,True,previous_day_high
241.81,232.93,259.57,242.02,end_of_day,115,24.15,0.02,3.67,0.09,AMZN,Momentum Price Action Trend,Momentum + Price Action Trend,EMA + VWAP + ORB,Signal Selector -> Policy Critic -> Risk Governor -> Execution Router,Approved,Bracket Order / Core Session,Setup EMA + VWAP + ORB -> Policy Approved -> Entry 241.81 / Stop 232.93 / Target 259.57 -> Route Bracket Order / Core Session,2025-02-04,90,74,45,100,55,70,81,HeavyTradingModel-v2,0.0,0.0,Qualified,"Volume accelerating, EMA stack intact, Above VWAP, Intraday expansion, Close near high, Not extended from EMA 9, First 5m bullish, First 5m above VWAP, ORB confirmed, Setup: EMA + VWAP + ORB, Breakout via previous_day_high, SPY above VWAP, ML score 74, Catalyst score 45, Regime score 100, Liquidity score 55, Final score 70, AI confidence 81, Setup fit 96, Trend quality 88, ML 74, Catalyst 45, Regime 100, Memory 93, Anomaly 43, Confidence 81. AMZN matches EMA + VWAP + ORB. EMA 9/21/50 stack is aligned. price is holding above VWAP. volume is expanding. SPY regime is supportive. breakout is confirmed through previous day high. predicted win probability 0%. expected return 0.00R. Model rejects the trade because win probability is too low., AI decision Qualified",1.19,1040854,241.81,5.58,1.35,0.06,True,True,True,True,True,True,True,True,True,True,previous_day_high
226.36,221.31,236.47,226.65,end_of_day,202,58.58,0.06,2.23,0.13,AMZN,Momentum Price Action Trend,Momentum + Price Action Trend,EMA + VWAP + ORB,Signal Selector -> Policy Critic -> Risk Governor -> Execution Router,Approved,Bracket Order / Core Session,Setup EMA + VWAP + ORB -> Policy Approved -> Entry 226.36 / Stop 221.31 / Target 236.47 -> Route Bracket Order / Core Session,2025-02-19,90,73,45,100,55,70,80,HeavyTradingModel-v2,0.0,0.0,Qualified,"Volume accelerating, EMA stack intact, Above VWAP, Intraday expansion, Close near high, Not extended from EMA 9, First 5m bullish, First 5m above VWAP, ORB confirmed, Setup: EMA + VWAP + ORB, Breakout via premarket_high, SPY above VWAP, ML score 73, Catalyst score 45, Regime score 100, Liquidity score 55, Final score 70, AI confidence 80, Setup fit 96, Trend quality 85, ML 73, Catalyst 45, Regime 100, Memory 95, Anomaly 40, Confidence 80. AMZN matches EMA + VWAP + ORB. EMA 9/21/50 stack is aligned. price is holding above VWAP. volume is expanding. SPY regime is supportive. breakout is confirmed through premarket high. predicted win probability 0%. expected return 0.00R. Model rejects the trade because win probability is too low., AI decision Qualified",0.71,1222479,226.36,5.05,0.61,0.15,True,True,True,True,True,True,True,True,True,True,premarket_high
216.83,204.19,242.1,214.35,end_of_day,80,-198.4,-0.2,5.83,-1.14,AMZN,Momentum Price Action Trend,Momentum + Price Action Trend,EMA + VWAP + ORB,Signal Selector -> Policy Critic -> Risk Governor -> Execution Router,Approved,Bracket Order / Core Session,Setup EMA + VWAP + ORB -> Policy Approved -> Entry 216.83 / Stop 204.19 / Target 242.10 -> Route Bracket Order / Core Session,2025-02-26,110,80,45,100,70,73,82,HeavyTradingModel-v2,0.0,0.0,Qualified,"RVOL strong, Volume accelerating, EMA stack intact, Above VWAP, Intraday expansion, Close near high, Not extended from EMA 9, First 5m bullish, First 5m above VWAP, ORB confirmed, Setup: EMA + VWAP + ORB, Breakout via premarket_high, SPY above VWAP, ML score 80, Catalyst score 45, Regime score 100, Liquidity score 70, Final score 73, AI confidence 82, Setup fit 96, Trend quality 86, ML 80, Catalyst 45, Regime 100, Memory 96, Anomaly 43, Confidence 82. AMZN matches EMA + VWAP + ORB. EMA 9/21/50 stack is aligned. price is holding above VWAP. volume is expanding. SPY regime is supportive. breakout is confirmed through premarket high. predicted win probability 0%. expected return 0.00R. Model rejects the trade because win probability is too low., AI decision Qualified",2.86,1309097,216.83,5.29,0.79,0.62,True,True,True,True,True,True,True,True,True,True,premarket_high
210.8,205.3,221.81,212.09,end_of_day,185,238.65,0.23,2.61,0.61,AMZN,Momentum Price Action Trend,Momentum + Price Action Trend,EMA + VWAP + ORB,Signal Selector -> Policy Critic -> Risk Governor -> Execution Router,Approved,Bracket Order / Core Session,Setup EMA + VWAP + ORB -> Policy Approved -> Entry 210.80 / Stop 205.30 / Target 221.81 -> Route Bracket Order / Core Session,2025-02-28,90,75,45,100,55,71,82,HeavyTradingModel-v2,0.0,0.0,Qualified,"Volume accelerating, EMA stack intact, Above VWAP, Intraday expansion, Close near high, Not extended from EMA 9, First 5m bullish, First 5m above VWAP, ORB confirmed, Setup: EMA + VWAP + ORB, Breakout via premarket_high, SPY above VWAP, ML score 75, Catalyst score 45, Regime score 100, Liquidity score 55, Final score 71, AI confidence 82, Setup fit 96, Trend quality 89, ML 75, Catalyst 45, Regime 100, Memory 95, Anomaly 44, Confidence 82. AMZN matches EMA + VWAP + ORB. EMA 9/21/50 stack is aligned. price is holding above VWAP. volume is expanding. SPY regime is supportive. breakout is confirmed through premarket high. predicted win probability 0%. expected return 0.00R. Model rejects the trade because win probability is too low., AI decision Qualified",1.95,1387107,210.8,5.5,1.72,0.28,True,True,True,True,True,True,True,True,True,True,premarket_high
205.41,198.34,219.54,200.7,end_of_day,144,-678.24,-0.67,3.44,-2.29,AMZN,Momentum Price Action Trend,Momentum + Price Action Trend,EMA + VWAP + ORB,Signal Selector -> Policy Critic -> Risk Governor -> Execution Router,Approved,Bracket Order / Core Session,Setup EMA + VWAP + ORB -> Policy Approved -> Entry 205.41 / Stop 198.34 / Target 219.54 -> Route Bracket Order / Core Session,2025-03-06,90,74,45,100,55,71,81,HeavyTradingModel-v2,0.0,0.0,Qualified,"Volume accelerating, EMA stack intact, Above VWAP, Intraday expansion, Close near high, Not extended from EMA 9, First 5m bullish, First 5m above VWAP, ORB confirmed, Setup: EMA + VWAP + ORB, Breakout via premarket_high, SPY above VWAP, ML score 74, Catalyst score 45, Regime score 100, Liquidity score 55, Final score 71, AI confidence 81, Setup fit 96, Trend quality 87, ML 74, Catalyst 45, Regime 100, Memory 97, Anomaly 42, Confidence 81. AMZN matches EMA + VWAP + ORB. EMA 9/21/50 stack is aligned. price is holding above VWAP. volume is expanding. SPY regime is supportive. breakout is confirmed through premarket high. predicted win probability 0%. expected return 0.00R. Model rejects the trade because win probability is too low., AI decision Qualified",1.88,1520374,205.41,7.07,1.12,0.31,True,True,True,True,True,True,True,True,True,True,premarket_high
198.4,190.39,214.43,196.5,end_of_day,126,-239.4,-0.24,4.04,-0.96,AMZN,Momentum Price Action Trend,Momentum + Price Action Trend,EMA + VWAP + ORB,Signal Selector -> Policy Critic -> Risk Governor -> Execution Router,Approved,Bracket Order / Core Session,Setup EMA + VWAP + ORB -> Policy Approved -> Entry 198.40 / Stop 190.39 / Target 214.43 -> Route Bracket Order / Core Session,2025-03-11,90,74,45,100,55,71,81,HeavyTradingModel-v2,0.0,0.0,Qualified,"Volume accelerating, EMA stack intact, Above VWAP, Intraday expansion, Close near high, Not extended from EMA 9, First 5m bullish, First 5m above VWAP, ORB confirmed, Setup: EMA + VWAP + ORB, Breakout via premarket_high, SPY above VWAP, ML score 74, Catalyst score 45, Regime score 100, Liquidity score 55, Final score 71, AI confidence 81, Setup fit 96, Trend quality 88, ML 74, Catalyst 45, Regime 100, Memory 95, Anomaly 43, Confidence 81. AMZN matches EMA + VWAP + ORB. EMA 9/21/50 stack is aligned. price is holding above VWAP. volume is expanding. SPY regime is supportive. breakout is confirmed through premarket high. predicted win probability 0%. expected return 0.00R. Model rejects the trade because win probability is too low., AI decision Qualified",1.33,1657759,198.4,8.01,1.42,0.6,True,True,True,True,True,True,True,True,True,True,premarket_high
195.75,188.99,209.26,196.16,end_of_day,150,61.5,0.06,3.45,0.21,AMZN,Momentum Price Action Trend,Momentum + Price Action Trend,EMA + VWAP + ORB,Signal Selector -> Policy Critic -> Risk Governor -> Execution Router,Approved,Bracket Order / Core Session,Setup EMA + VWAP + ORB -> Policy Approved -> Entry 195.75 / Stop 188.99 / Target 209.26 -> Route Bracket Order / Core Session,2025-03-21,90,74,45,100,55,70,81,HeavyTradingModel-v2,0.0,0.0,Qualified,"Volume accelerating, EMA stack intact, Above VWAP, Intraday expansion, Close near high, Not extended from EMA 9, First 5m bullish, First 5m above VWAP, ORB confirmed, Setup: EMA + VWAP + ORB, Breakout via premarket_high, SPY above VWAP, ML score 74, Catalyst score 45, Regime score 100, Liquidity score 55, Final score 70, AI confidence 81, Setup fit 96, Trend quality 88, ML 74, Catalyst 45, Regime 100, Memory 94, Anomaly 43, Confidence 81. AMZN matches EMA + VWAP + ORB. EMA 9/21/50 stack is aligned. price is holding above VWAP. volume is expanding. SPY regime is supportive. breakout is confirmed through premarket high. predicted win probability 0%. expected return 0.00R. Model rejects the trade because win probability is too low., AI decision Qualified",0.79,1838765,195.75,6.76,1.42,0.5,True,True,True,True,True,True,True,True,True,True,premarket_high
202.22,192.57,221.52,203.04,end_of_day,105,86.1,0.08,4.77,0.41,AMZN,Momentum Price Action Trend,Momentum + Price Action Trend,EMA + VWAP + ORB,Signal Selector -> Policy Critic -> Risk Governor -> Execution Router,Approved,Bracket Order / Core Session,Setup EMA + VWAP + ORB -> Policy Approved -> Entry 202.22 / Stop 192.57 / Target 221.52 -> Route Bracket Order / Core Session,2025-03-24,90,73,45,100,55,70,81,HeavyTradingModel-v2,0.0,0.0,Qualified,"Volume accelerating, EMA stack intact, Above VWAP, Intraday expansion, Close near high, Not extended from EMA 9, First 5m bullish, First 5m above VWAP, ORB confirmed, Setup: EMA + VWAP + ORB, Breakout via previous_day_high, SPY above VWAP, ML score 73, Catalyst score 45, Regime score 100, Liquidity score 55, Final score 70, AI confidence 81, Setup fit 96, Trend quality 86, ML 73, Catalyst 45, Regime 100, Memory 95, Anomaly 41, Confidence 81. AMZN matches EMA + VWAP + ORB. EMA 9/21/50 stack is aligned. price is holding above VWAP. volume is expanding. SPY regime is supportive. breakout is confirmed through previous day high. predicted win probability 0%. expected return 0.00R. Model rejects the trade because win probability is too low., AI decision Qualified",1.23,1836561,202.22,6.62,0.91,-0.04,True,True,True,True,True,True,True,True,True,True,previous_day_high
205.5,199.14,218.24,205.73,end_of_day,159,36.57,0.04,3.09,0.11,AMZN,Momentum Price Action Trend,Momentum + Price Action Trend,EMA + VWAP + ORB,Signal Selector -> Policy Critic -> Risk Governor -> Execution Router,Approved,Bracket Order / Core Session,Setup EMA + VWAP + ORB -> Policy Approved -> Entry 205.50 / Stop 199.14 / Target 218.24 -> Route Bracket Order / Core Session,2025-03-25,90,73,45,100,55,70,81,HeavyTradingModel-v2,0.0,0.0,Qualified,"Volume accelerating, EMA stack intact, Above VWAP, Intraday expansion, Close near high, Not extended from EMA 9, First 5m bullish, First 5m above VWAP, ORB confirmed, Setup: EMA + VWAP + ORB, Breakout via previous_day_high, SPY above VWAP, ML score 73, Catalyst score 45, Regime score 100, Liquidity score 55, Final score 70, AI confidence 81, Setup fit 96, Trend quality 85, ML 73, Catalyst 45, Regime 100, Memory 97, Anomaly 40, Confidence 81. AMZN matches EMA + VWAP + ORB. EMA 9/21/50 stack is aligned. price is holding above VWAP. volume is expanding. SPY regime is supportive. breakout is confirmed through previous day high. predicted win probability 0%. expected return 0.00R. Model rejects the trade because win probability is too low., AI decision Qualified",1.25,1771240,205.5,6.37,0.63,0.25,True,True,True,True,True,True,True,True,True,True,previous_day_high
202.94,197.22,214.38,201.41,end_of_day,177,-270.81,-0.27,2.82,-0.75,AMZN,Momentum Price Action Trend,Momentum + Price Action Trend,EMA + VWAP + ORB,Signal Selector -> Policy Critic -> Risk Governor -> Execution Router,Approved,Bracket Order / Core Session,Setup EMA + VWAP + ORB -> Policy Approved -> Entry 202.94 / Stop 197.22 / Target 214.38 -> Route Bracket Order / Core Session,2025-03-27,90,75,45,100,55,71,82,HeavyTradingModel-v2,0.0,0.0,Qualified,"Volume accelerating, EMA stack intact, Above VWAP, Intraday expansion, Close near high, Not extended from EMA 9, First 5m bullish, First 5m above VWAP, ORB confirmed, Setup: EMA + VWAP + ORB, Breakout via premarket_high, SPY above VWAP, ML score 75, Catalyst score 45, Regime score 100, Liquidity score 55, Final score 71, AI confidence 82, Setup fit 96, Trend quality 89, ML 75, Catalyst 45, Regime 100, Memory 98, Anomaly 44, Confidence 82. AMZN matches EMA + VWAP + ORB. EMA 9/21/50 stack is aligned. price is holding above VWAP. volume is expanding. SPY regime is supportive. breakout is confirmed through premarket high. predicted win probability 0%. expected return 0.00R. Model rejects the trade because win probability is too low., AI decision Qualified",0.91,1731914,202.94,5.72,1.68,0.34,True,True,True,True,True,True,True,True,True,True,premarket_high
192.31,184.64,207.65,192.15,end_of_day,132,-21.12,-0.02,3.99,-0.08,AMZN,Momentum Price Action Trend,Momentum + Price Action Trend,EMA + VWAP + ORB,Signal Selector -> Policy Critic -> Risk Governor -> Execution Router,Approved,Bracket Order / Core Session,Setup EMA + VWAP + ORB -> Policy Approved -> Entry 192.31 / Stop 184.64 / Target 207.65 -> Route Bracket Order / Core Session,2025-04-01,85,70,45,100,55,70,80,HeavyTradingModel-v2,0.0,0.0,Qualified,"Volume accelerating, EMA stack intact, Above VWAP, Intraday expansion, Not extended from EMA 9, First 5m bullish, First 5m above VWAP, ORB confirmed, Setup: EMA + VWAP + ORB, Breakout via previous_day_high, SPY above VWAP, ML score 70, Catalyst score 45, Regime score 100, Liquidity score 55, Final score 70, AI confidence 80, Setup fit 96, Trend quality 80, ML 70, Catalyst 45, Regime 100, Memory 97, Anomaly 45, Confidence 80. AMZN matches EMA + VWAP + ORB. EMA 9/21/50 stack is aligned. price is holding above VWAP. volume is expanding. SPY regime is supportive. breakout is confirmed through previous day high. predicted win probability 0%. expected return 0.00R. Model rejects the trade because win probability is too low., AI decision Qualified",1.34,1751255,192.31,5.92,1.97,0.54,True,True,True,True,True,False,True,True,True,True,previous_day_high
194.25,187.32,208.11,196.07,end_of_day,146,265.72,0.26,3.57,0.94,AMZN,Momentum Price Action Trend,Momentum + Price Action Trend,EMA + VWAP + ORB,Signal Selector -> Policy Critic -> Risk Governor -> Execution Router,Approved,Bracket Order / Core Session,Setup EMA + VWAP + ORB -> Policy Approved -> Entry 194.25 / Stop 187.32 / Target 208.11 -> Route Bracket Order / Core Session,2025-04-02,85,71,45,100,55,70,80,HeavyTradingModel-v2,0.0,0.0,Qualified,"Volume accelerating, EMA stack intact, Above VWAP, Intraday expansion, Not extended from EMA 9, First 5m bullish, First 5m above VWAP, ORB confirmed, Setup: EMA + VWAP + ORB, Breakout via previous_day_high, SPY above VWAP, ML score 71, Catalyst score 45, Regime score 100, Liquidity score 55, Final score 70, AI confidence 80, Setup fit 96, Trend quality 81, ML 71, Catalyst 45, Regime 100, Memory 97, Anomaly 46, Confidence 80. AMZN matches EMA + VWAP + ORB. EMA 9/21/50 stack is aligned. price is holding above VWAP. volume is expanding. SPY regime is supportive. breakout is confirmed through previous day high. predicted win probability 0%. expected return 0.00R. Model rejects the trade because win probability is too low., AI decision Qualified",0.95,1766209,194.25,6.17,2.36,0.67,True,True,True,True,True,False,True,True,True,True,previous_day_high
175.35,167.59,190.87,171.28,end_of_day,130,-529.1,-0.52,4.43,-2.32,AMZN,Momentum Price Action Trend,Momentum + Price Action Trend,EMA + VWAP + ORB,Signal Selector -> Policy Critic -> Risk Governor -> Execution Router,Approved,Bracket Order / Core Session,Setup EMA + VWAP + ORB -> Policy Approved -> Entry 175.35 / Stop 167.59 / Target 190.87 -> Route Bracket Order / Core Session,2025-04-04,110,97,45,100,80,84,89,HeavyTradingModel-v2,0.0,0.0,Qualified,"RVOL strong, Volume accelerating, EMA stack intact, Above VWAP, Intraday expansion, Close near high, Not extended from EMA 9, First 5m bullish, First 5m above VWAP, ORB confirmed, Setup: EMA + VWAP + ORB, Breakout via premarket_high, SPY above VWAP, ML score 97, Catalyst score 45, Regime score 100, Liquidity score 80, Final score 84, AI confidence 89, Setup fit 96, Trend quality 93, ML 97, Catalyst 45, Regime 100, Memory 99, Anomaly 73, Confidence 89. AMZN matches EMA + VWAP + ORB. EMA 9/21/50 stack is aligned. price is holding above VWAP. volume is expanding. SPY regime is supportive. breakout is confirmed through premarket high. predicted win probability 0%. expected return 0.00R. Model rejects the trade because win probability is too low., AI decision Qualified",6.44,1961810,175.35,7.76,2.97,1.79,True,True,True,True,True,True,True,True,True,True,premarket_high
170.62,161.75,188.36,175.24,end_of_day,113,521.5,0.52,5.2,2.7,AMZN,Momentum Price Action Trend,Momentum + Price Action Trend,EMA + VWAP + Premarket High,Signal Selector -> Policy Critic -> Risk Governor -> Execution Router,Approved,Bracket Order / Core Session,Setup EMA + VWAP + Premarket High -> Policy Approved -> Entry 170.62 / Stop 161.75 / Target 188.36 -> Route Bracket Order / Core Session,2025-04-07,100,95,45,100,80,80,87,HeavyTradingModel-v2,0.0,0.0,Qualified,"RVOL strong, Volume accelerating, EMA stack intact, Above VWAP, Intraday expansion, Close near high, Not extended from EMA 9, First 5m above VWAP, ORB confirmed, Setup: EMA + VWAP + Premarket High, Breakout via premarket_high, SPY above VWAP, ML score 95, Catalyst score 45, Regime score 100, Liquidity score 80, Final score 80, AI confidence 87, Setup fit 92, Trend quality 94, ML 95, Catalyst 45, Regime 100, Memory 97, Anomaly 58, Confidence 87. AMZN matches EMA + VWAP + Premarket High. EMA 9/21/50 stack is aligned. price is holding above VWAP. volume is expanding. SPY regime is supportive. breakout is confirmed through premarket high. predicted win probability 0%. expected return 0.00R. Model rejects the trade because win probability is too low., AI decision Qualified",6.2,2032181,170.62,8.87,3.05,2.11,True,True,True,True,True,True,True,False,True,True,premarket_high
174.75,163.81,196.62,190.81,end_of_day,92,1477.52,1.47,6.26,9.19,AMZN,Momentum Price Action Trend,Momentum + Price Action Trend,EMA + VWAP + ORB,Signal Selector -> Policy Critic -> Risk Governor -> Execution Router,Approved,Bracket Order / Core Session,Setup EMA + VWAP + ORB -> Policy Approved -> Entry 174.75 / Stop 163.81 / Target 196.62 -> Route Bracket Order / Core Session,2025-04-09,90,75,45,100,55,72,82,HeavyTradingModel-v2,0.0,0.0,Qualified,"Volume accelerating, EMA stack intact, Above VWAP, Intraday expansion, Close near high, Not extended from EMA 9, First 5m bullish, First 5m above VWAP, ORB confirmed, Setup: EMA + VWAP + ORB, Breakout via premarket_high, SPY above VWAP, ML score 75, Catalyst score 45, Regime score 100, Liquidity score 55, Final score 72, AI confidence 82, Setup fit 96, Trend quality 90, ML 75, Catalyst 45, Regime 100, Memory 100, Anomaly 45, Confidence 82. AMZN matches EMA + VWAP + ORB. EMA 9/21/50 stack is aligned. price is holding above VWAP. volume is expanding. SPY regime is supportive. breakout is confirmed through premarket high. predicted win probability 0%. expected return 0.00R. Model rejects the trade because win probability is too low., AI decision Qualified",2.48,2227323,174.75,10.94,2.03,0.65,True,True,True,True,True,True,True,True,True,True,premarket_high
170.72,158.73,194.71,173.13,end_of_day,85,204.85,0.2,7.02,1.41,AMZN,Momentum Price Action Trend,Momentum + Price Action Trend,EMA + VWAP + ORB,Signal Selector -> Policy Critic -> Risk Governor -> Execution Router,Approved,Bracket Order / Core Session,Setup EMA + VWAP + ORB -> Policy Approved -> Entry 170.72 / Stop 158.73 / Target 194.71 -> Route Bracket Order / Core Session,2025-04-22,105,76,45,100,70,72,80,HeavyTradingModel-v2,0.0,0.0,Qualified,"RVOL strong, Volume accelerating, EMA stack intact, Above VWAP, Intraday expansion, Not extended from EMA 9, First 5m bullish, First 5m above VWAP, ORB confirmed, Setup: EMA + VWAP + ORB, Breakout via previous_day_high, SPY above VWAP, ML score 76, Catalyst score 45, Regime score 100, Liquidity score 70, Final score 72, AI confidence 80, Setup fit 96, Trend quality 76, ML 76, Catalyst 45, Regime 100, Memory 100, Anomaly 45, Confidence 80. AMZN matches EMA + VWAP + ORB. EMA 9/21/50 stack is aligned. price is holding above VWAP. volume is expanding. SPY regime is supportive. breakout is confirmed through previous day high. predicted win probability 0%. expected return 0.00R. Model rejects the trade because win probability is too low., AI decision Qualified",3.16,2545393,170.72,11.99,0.64,0.3,True,True,True,True,True,False,True,True,True,True,previous_day_high
185.33,169.41,217.16,180.55,end_of_day,64,-305.92,-0.3,8.59,-2.58,AMZN,Momentum Price Action Trend,Momentum + Price Action Trend,EMA + VWAP + Previous Day High,Signal Selector -> Policy Critic -> Risk Governor -> Execution Router,Approved,Bracket Order / Core Session,Setup EMA + VWAP + Previous Day High -> Policy Approved -> Entry 185.33 / Stop 169.41 / Target 217.16 -> Route Bracket Order / Core Session,2025-04-23,95,85,45,100,80,75,81,HeavyTradingModel-v2,0.0,0.0,Qualified,"RVOL strong, Volume accelerating, EMA stack intact, Above VWAP, Intraday expansion, Not extended from EMA 9, Setup: EMA + VWAP + Previous Day High, Breakout via previous_day_high, SPY above VWAP, ML score 85, Catalyst score 45, Regime score 100, Liquidity score 80, Final score 75, AI confidence 81, Setup fit 92, Trend quality 75, ML 85, Catalyst 45, Regime 100, Memory 100, Anomaly 38, Confidence 81. AMZN matches EMA + VWAP + Previous Day High. EMA 9/21/50 stack is aligned. price is holding above VWAP. volume is expanding. SPY regime is supportive. breakout is confirmed through previous day high. predicted win probability 0%. expected return 0.00R. Model rejects the trade because win probability is too low., AI decision Qualified",6.46,2625809,185.33,12.26,0.53,0.25,True,True,True,True,True,False,True,False,False,False,previous_day_high
188.36,177.57,209.94,188.94,end_of_day,95,55.57,0.05,5.73,0.31,AMZN,Momentum Price Action Trend,Momentum + Price Action Trend,EMA + VWAP + ORB,Signal Selector -> Policy Critic -> Risk Governor -> Execution Router,Approved,Bracket Order / Core Session,Setup EMA + VWAP + ORB -> Policy Approved -> Entry 188.36 / Stop 177.57 / Target 209.94 -> Route Bracket Order / Core Session,2025-04-25,90,73,45,100,55,71,81,HeavyTradingModel-v2,0.0,0.0,Qualified,"Volume accelerating, EMA stack intact, Above VWAP, Intraday expansion, Close near high, Not extended from EMA 9, First 5m bullish, First 5m above VWAP, ORB confirmed, Setup: EMA + VWAP + ORB, Breakout via previous_day_high, SPY above VWAP, ML score 73, Catalyst score 45, Regime score 100, Liquidity score 55, Final score 71, AI confidence 81, Setup fit 96, Trend quality 86, ML 73, Catalyst 45, Regime 100, Memory 100, Anomaly 41, Confidence 81. AMZN matches EMA + VWAP + ORB. EMA 9/21/50 stack is aligned. price is holding above VWAP. volume is expanding. SPY regime is supportive. breakout is confirmed through previous day high. predicted win probability 0%. expected return 0.00R. Model rejects the trade because win probability is too low., AI decision Qualified",0.43,2656370,188.36,10.79,0.76,0.28,True,True,True,True,True,True,True,True,True,True,previous_day_high
186.79,180.03,200.32,185.04,end_of_day,152,-266.0,-0.26,3.62,-0.94,AMZN,Momentum Price Action Trend,Momentum + Price Action Trend,EMA + VWAP + ORB,Signal Selector -> Policy Critic -> Risk Governor -> Execution Router,Approved,Bracket Order / Core Session,Setup EMA + VWAP + ORB -> Policy Approved -> Entry 186.79 / Stop 180.03 / Target 200.32 -> Route Bracket Order / Core Session,2025-05-06,90,73,45,100,55,71,81,HeavyTradingModel-v2,0.0,0.0,Qualified,"Volume accelerating, EMA stack intact, Above VWAP, Intraday expansion, Close near high, Not extended from EMA 9, First 5m bullish, First 5m above VWAP, ORB confirmed, Setup: EMA + VWAP + ORB, Breakout via premarket_high, SPY above VWAP, ML score 73, Catalyst score 45, Regime score 100, Liquidity score 55, Final score 71, AI confidence 81, Setup fit 96, Trend quality 87, ML 73, Catalyst 45, Regime 100, Memory 100, Anomaly 42, Confidence 81. AMZN matches EMA + VWAP + ORB. EMA 9/21/50 stack is aligned. price is holding above VWAP. volume is expanding. SPY regime is supportive. breakout is confirmed through premarket high. predicted win probability 0%. expected return 0.00R. Model rejects the trade because win probability is too low., AI decision Qualified",0.52,2091076,186.79,6.76,0.97,0.1,True,True,True,True,True,True,True,True,True,True,premarket_high
189.61,183.0,202.84,188.71,end_of_day,155,-139.5,-0.14,3.49,-0.47,AMZN,Momentum Price Action Trend,Momentum + Price Action Trend,EMA + VWAP + ORB,Signal Selector -> Policy Critic -> Risk Governor -> Execution Router,Approved,Bracket Order / Core Session,Setup EMA + VWAP + ORB -> Policy Approved -> Entry 189.61 / Stop 183.00 / Target 202.84 -> Route Bracket Order / Core Session,2025-05-07,90,74,45,100,55,72,82,HeavyTradingModel-v2,0.0,0.0,Qualified,"Volume accelerating, EMA stack intact, Above VWAP, Intraday expansion, Close near high, Not extended from EMA 9, First 5m bullish, First 5m above VWAP, ORB confirmed, Setup: EMA + VWAP + ORB, Breakout via premarket_high, SPY above VWAP, ML score 74, Catalyst score 45, Regime score 100, Liquidity score 55, Final score 72, AI confidence 82, Setup fit 96, Trend quality 89, ML 74, Catalyst 45, Regime 100, Memory 100, Anomaly 44, Confidence 82. AMZN matches EMA + VWAP + ORB. EMA 9/21/50 stack is aligned. price is holding above VWAP. volume is expanding. SPY regime is supportive. breakout is confirmed through premarket high. predicted win probability 0%. expected return 0.00R. Model rejects the trade because win probability is too low., AI decision Qualified",1.38,1993187,189.61,6.61,1.58,0.87,True,True,True,True,True,True,True,True,True,True,premarket_high
214.57,205.78,232.15,211.18,end_of_day,116,-393.24,-0.39,4.1,-1.58,AMZN,Momentum Price Action Trend,Momentum + Price Action Trend,EMA + VWAP + ORB,Signal Selector -> Policy Critic -> Risk Governor -> Execution Router,Approved,Bracket Order / Core Session,Setup EMA + VWAP + ORB -> Policy Approved -> Entry 214.57 / Stop 205.78 / Target 232.15 -> Route Bracket Order / Core Session,2025-05-13,110,84,45,100,70,76,84,HeavyTradingModel-v2,0.0,0.0,Qualified,"RVOL strong, Volume accelerating, EMA stack intact, Above VWAP, Intraday expansion, Close near high, Not extended from EMA 9, First 5m bullish, First 5m above VWAP, ORB confirmed, Setup: EMA + VWAP + ORB, Breakout via premarket_high, SPY above VWAP, ML score 84, Catalyst score 45, Regime score 100, Liquidity score 70, Final score 76, AI confidence 84, Setup fit 96, Trend quality 87, ML 84, Catalyst 45, Regime 100, Memory 100, Anomaly 50, Confidence 84. AMZN matches EMA + VWAP + ORB. EMA 9/21/50 stack is aligned. price is holding above VWAP. volume is expanding. SPY regime is supportive. breakout is confirmed through premarket high. predicted win probability 0%. expected return 0.00R. Model rejects the trade because win probability is too low., AI decision Qualified",3.77,1722316,214.57,6.52,1.0,0.75,True,True,True,True,True,True,True,True,True,True,premarket_high
206.57,200.28,219.17,206.24,end_of_day,162,-53.46,-0.05,3.04,-0.16,AMZN,Momentum Price Action Trend,Momentum + Price Action Trend,EMA + VWAP + ORB,Signal Selector -> Policy Critic -> Risk Governor -> Execution Router,Approved,Bracket Order / Core Session,Setup EMA + VWAP + ORB -> Policy Approved -> Entry 206.57 / Stop 200.28 / Target 219.17 -> Route Bracket Order / Core Session,2025-05-19,90,75,45,100,55,72,82,HeavyTradingModel-v2,0.0,0.0,Qualified,"Volume accelerating, EMA stack intact, Above VWAP, Intraday expansion, Close near high, Not extended from EMA 9, First 5m bullish, First 5m above VWAP, ORB confirmed, Setup: EMA + VWAP + ORB, Breakout via previous_day_high, SPY above VWAP, ML score 75, Catalyst score 45, Regime score 100, Liquidity score 55, Final score 72, AI confidence 82, Setup fit 96, Trend quality 90, ML 75, Catalyst 45, Regime 100, Memory 100, Anomaly 45, Confidence 82. AMZN matches EMA + VWAP + ORB. EMA 9/21/50 stack is aligned. price is holding above VWAP. volume is expanding. SPY regime is supportive. breakout is confirmed through previous day high. predicted win probability 0%. expected return 0.00R. Model rejects the trade because win probability is too low., AI decision Qualified",1.67,1577721,206.57,6.3,2.12,0.85,True,True,True,True,True,True,True,True,True,True,previous_day_high
212.97,207.63,223.65,213.51,end_of_day,191,103.14,0.1,2.51,0.25,AMZN,Momentum Price Action Trend,Momentum + Price Action Trend,EMA + VWAP + ORB,Signal Selector -> Policy Critic -> Risk Governor -> Execution Router,Approved,Bracket Order / Core Session,Setup EMA + VWAP + ORB -> Policy Approved -> Entry 212.97 / Stop 207.63 / Target 223.65 -> Route Bracket Order / Core Session,2025-06-06,90,74,45,100,55,71,81,HeavyTradingModel-v2,0.0,0.0,Qualified,"Volume accelerating, EMA stack intact, Above VWAP, Intraday expansion, Close near high, Not extended from EMA 9, First 5m bullish, First 5m above VWAP, ORB confirmed, Setup: EMA + VWAP + ORB, Breakout via previous_day_high, SPY above VWAP, ML score 74, Catalyst score 45, Regime score 100, Liquidity score 55, Final score 71, AI confidence 81, Setup fit 96, Trend quality 87, ML 74, Catalyst 45, Regime 100, Memory 100, Anomaly 42, Confidence 81. AMZN matches EMA + VWAP + ORB. EMA 9/21/50 stack is aligned. price is holding above VWAP. volume is expanding. SPY regime is supportive. breakout is confirmed through previous day high. predicted win probability 0%. expected return 0.00R. Model rejects the trade because win probability is too low., AI decision Qualified",1.11,1238925,212.97,4.55,1.06,0.16,True,True,True,True,True,True,True,True,True,True,previous_day_high
216.6,210.53,228.74,216.94,end_of_day,168,57.12,0.06,2.8,0.16,AMZN,Momentum Price Action Trend,Momentum + Price Action Trend,EMA + VWAP + ORB,Signal Selector -> Policy Critic -> Risk Governor -> Execution Router,Approved,Bracket Order / Core Session,Setup EMA + VWAP + ORB -> Policy Approved -> Entry 216.60 / Stop 210.53 / Target 228.74 -> Route Bracket Order / Core Session,2025-06-09,90,74,45,100,55,72,82,HeavyTradingModel-v2,0.0,0.0,Qualified,"Volume accelerating, EMA stack intact, Above VWAP, Intraday expansion, Close near high, Not extended from EMA 9, First 5m bullish, First 5m above VWAP, ORB confirmed, Setup: EMA + VWAP + ORB, Breakout via premarket_high, SPY above VWAP, ML score 74, Catalyst score 45, Regime score 100, Liquidity score 55, Final score 72, AI confidence 82, Setup fit 96, Trend quality 88, ML 74, Catalyst 45, Regime 100, Memory 100, Anomaly 43, Confidence 82. AMZN matches EMA + VWAP + ORB. EMA 9/21/50 stack is aligned. price is holding above VWAP. volume is expanding. SPY regime is supportive. breakout is confirmed through premarket high. predicted win probability 0%. expected return 0.00R. Model rejects the trade because win probability is too low., AI decision Qualified",1.13,1263066,216.6,4.52,1.49,0.27,True,True,True,True,True,True,True,True,True,True,premarket_high
213.71,209.38,222.36,212.17,end_of_day,236,-363.44,-0.36,2.03,-0.72,AMZN,Momentum Price Action Trend,Momentum + Price Action Trend,EMA + VWAP + ORB,Signal Selector -> Policy Critic -> Risk Governor -> Execution Router,Approved,Bracket Order / Core Session,Setup EMA + VWAP + ORB -> Policy Approved -> Entry 213.71 / Stop 209.38 / Target 222.36 -> Route Bracket Order / Core Session,2025-06-13,90,74,45,100,55,71,81,HeavyTradingModel-v2,0.0,0.0,Qualified,"Volume accelerating, EMA stack intact, Above VWAP, Intraday expansion, Close near high, Not extended from EMA 9, First 5m bullish, First 5m above VWAP, ORB confirmed, Setup: EMA + VWAP + ORB, Breakout via previous_day_high, SPY above VWAP, ML score 74, Catalyst score 45, Regime score 100, Liquidity score 55, Final score 71, AI confidence 81, Setup fit 96, Trend quality 87, ML 74, Catalyst 45, Regime 100, Memory 100, Anomaly 42, Confidence 81. AMZN matches EMA + VWAP + ORB. EMA 9/21/50 stack is aligned. price is holding above VWAP. volume is expanding. SPY regime is supportive. breakout is confirmed through previous day high. predicted win probability 0%. expected return 0.00R. Model rejects the trade because win probability is too low., AI decision Qualified",0.8,1082672,213.71,4.33,1.14,0.27,True,True,True,True,True,True,True,True,True,True,previous_day_high
213.83,207.34,226.81,212.79,end_of_day,157,-163.28,-0.16,3.04,-0.49,AMZN,Momentum Price Action Trend,Momentum + Price Action Trend,EMA + VWAP + ORB,Signal Selector -> Policy Critic -> Risk Governor -> Execution Router,Approved,Bracket Order / Core Session,Setup EMA + VWAP + ORB -> Policy Approved -> Entry 213.83 / Stop 207.34 / Target 226.81 -> Route Bracket Order / Core Session,2025-06-24,90,73,45,100,55,71,81,HeavyTradingModel-v2,0.0,0.0,Qualified,"Volume accelerating, EMA stack intact, Above VWAP, Intraday expansion, Close near high, Not extended from EMA 9, First 5m bullish, First 5m above VWAP, ORB confirmed, Setup: EMA + VWAP + ORB, Breakout via previous_day_high, SPY above VWAP, ML score 73, Catalyst score 45, Regime score 100, Liquidity score 55, Final score 71, AI confidence 81, Setup fit 96, Trend quality 86, ML 73, Catalyst 45, Regime 100, Memory 100, Anomaly 41, Confidence 81. AMZN matches EMA + VWAP + ORB. EMA 9/21/50 stack is aligned. price is holding above VWAP. volume is expanding. SPY regime is supportive. breakout is confirmed through previous day high. predicted win probability 0%. expected return 0.00R. Model rejects the trade because win probability is too low., AI decision Qualified",1.11,1128664,213.83,4.58,0.72,0.02,True,True,True,True,True,True,True,True,True,True,previous_day_high
223.62,218.43,234.0,222.45,end_of_day,196,-229.32,-0.23,2.32,-0.52,AMZN,Momentum Price Action Trend,Momentum + Price Action Trend,EMA + VWAP + ORB,Signal Selector -> Policy Critic -> Risk Governor -> Execution Router,Approved,Bracket Order / Core Session,Setup EMA + VWAP + ORB -> Policy Approved -> Entry 223.62 / Stop 218.43 / Target 234.00 -> Route Bracket Order / Core Session,2025-07-09,95,70,45,100,70,70,81,HeavyTradingModel-v2,0.0,0.0,Qualified,"RVOL strong, Volume accelerating, EMA stack intact, Above VWAP, Intraday expansion, Close near high, Not extended from EMA 9, First 5m bullish, First 5m above VWAP, ORB confirmed, Setup: EMA + VWAP + ORB, SPY above VWAP, ML score 70, Catalyst score 45, Regime score 100, Liquidity score 70, Final score 70, AI confidence 81, Setup fit 96, Trend quality 86, ML 70, Catalyst 45, Regime 100, Memory 100, Anomaly 46, Confidence 81. AMZN matches EMA + VWAP + ORB. EMA 9/21/50 stack is aligned. price is holding above VWAP. volume is expanding. SPY regime is supportive. predicted win probability 0%. expected return 0.00R. Model rejects the trade because win probability is too low., AI decision Qualified",3.24,1233360,223.62,4.69,0.91,0.58,True,True,False,True,True,True,True,True,True,True,none
228.1,222.99,238.33,229.33,end_of_day,198,243.54,0.24,2.24,0.54,AMZN,Momentum Price Action Trend,Momentum + Price Action Trend,EMA + VWAP + ORB,Signal Selector -> Policy Critic -> Risk Governor -> Execution Router,Approved,Bracket Order / Core Session,Setup EMA + VWAP + ORB -> Policy Approved -> Entry 228.10 / Stop 222.99 / Target 238.33 -> Route Bracket Order / Core Session,2025-07-21,90,73,45,100,55,70,81,HeavyTradingModel-v2,0.0,0.0,Qualified,"Volume accelerating, EMA stack intact, Above VWAP, Intraday expansion, Close near high, Not extended from EMA 9, First 5m bullish, First 5m above VWAP, ORB confirmed, Setup: EMA + VWAP + ORB, Breakout via previous_day_high, SPY above VWAP, ML score 73, Catalyst score 45, Regime score 100, Liquidity score 55, Final score 70, AI confidence 81, Setup fit 96, Trend quality 85, ML 73, Catalyst 45, Regime 100, Memory 100, Anomaly 40, Confidence 81. AMZN matches EMA + VWAP + ORB. EMA 9/21/50 stack is aligned. price is holding above VWAP. volume is expanding. SPY regime is supportive. breakout is confirmed through previous day high. predicted win probability 0%. expected return 0.00R. Model rejects the trade because win probability is too low., AI decision Qualified",1.7,1229342,228.1,3.39,0.56,0.16,True,True,True,True,True,True,True,True,True,True,previous_day_high
232.86,227.1,244.38,232.26,end_of_day,176,-105.6,-0.1,2.47,-0.26,AMZN,Momentum Price Action Trend,Momentum + Price Action Trend,EMA + VWAP + ORB,Signal Selector -> Policy Critic -> Risk Governor -> Execution Router,Approved,Bracket Order / Core Session,Setup EMA + VWAP + ORB -> Policy Approved -> Entry 232.86 / Stop 227.10 / Target 244.38 -> Route Bracket Order / Core Session,2025-07-24,90,74,45,100,55,71,81,HeavyTradingModel-v2,0.0,0.0,Qualified,"Volume accelerating, EMA stack intact, Above VWAP, Intraday expansion, Close near high, Not extended from EMA 9, First 5m bullish, First 5m above VWAP, ORB confirmed, Setup: EMA + VWAP + ORB, Breakout via premarket_high, SPY above VWAP, ML score 74, Catalyst score 45, Regime score 100, Liquidity score 55, Final score 71, AI confidence 81, Setup fit 96, Trend quality 87, ML 74, Catalyst 45, Regime 100, Memory 100, Anomaly 42, Confidence 81. AMZN matches EMA + VWAP + ORB. EMA 9/21/50 stack is aligned. price is holding above VWAP. volume is expanding. SPY regime is supportive. breakout is confirmed through premarket high. predicted win probability 0%. expected return 0.00R. Model rejects the trade because win probability is too low., AI decision Qualified",1.91,1180328,232.86,3.43,1.1,0.3,True,True,True,True,True,True,True,True,True,True,premarket_high
221.84,212.94,239.64,222.33,end_of_day,114,55.86,0.06,4.01,0.22,AMZN,Momentum Price Action Trend,Momentum + Price Action Trend,EMA + VWAP + Previous Day High,Signal Selector -> Policy Critic -> Risk Governor -> Execution Router,Approved,Bracket Order / Core Session,Setup EMA + VWAP + Previous Day High -> Policy Approved -> Entry 221.84 / Stop 212.94 / Target 239.64 -> Route Bracket Order / Core Session,2025-08-06,80,76,45,100,55,71,82,HeavyTradingModel-v2,0.0,0.0,Qualified,"Volume accelerating, EMA stack intact, Above VWAP, Intraday expansion, Close near high, Not extended from EMA 9, First 5m bullish, ORB confirmed, Setup: EMA + VWAP + Previous Day High, Breakout via previous_day_high, SPY above VWAP, ML score 76, Catalyst score 45, Regime score 100, Liquidity score 55, Final score 71, AI confidence 82, Setup fit 92, Trend quality 96, ML 76, Catalyst 45, Regime 100, Memory 100, Anomaly 36, Confidence 82. AMZN matches EMA + VWAP + Previous Day High. EMA 9/21/50 stack is aligned. price is holding above VWAP. volume is expanding. SPY regime is supportive. breakout is confirmed through previous day high. predicted win probability 0%. expected return 0.00R. Model rejects the trade because win probability is too low., AI decision Qualified",1.19,1315190,221.84,5.44,3.65,0.23,True,True,True,True,True,True,True,True,False,True,previous_day_high
225.68,213.75,249.53,223.18,end_of_day,85,-212.5,-0.21,5.29,-1.11,AMZN,Momentum Price Action Trend,Momentum + Price Action Trend,EMA + VWAP + ORB,Signal Selector -> Policy Critic -> Risk Governor -> Execution Router,Approved,Bracket Order / Core Session,Setup EMA + VWAP + ORB -> Policy Approved -> Entry 225.68 / Stop 213.75 / Target 249.53 -> Route Bracket Order / Core Session,2025-08-07,100,80,45,68,70,70,77,HeavyTradingModel-v2,0.0,0.0,Qualified,"RVOL strong, Volume accelerating, EMA stack intact, Above VWAP, Intraday expansion, Close near high, Not extended from EMA 9, First 5m bullish, First 5m above VWAP, ORB confirmed, Setup: EMA + VWAP + ORB, Breakout via previous_day_high, ML score 80, Catalyst score 45, Regime score 68, Liquidity score 70, Final score 70, AI confidence 77, Setup fit 96, Trend quality 86, ML 80, Catalyst 45, Regime 68, Memory 100, Anomaly 48, Confidence 77. AMZN matches EMA + VWAP + ORB. EMA 9/21/50 stack is aligned. price is holding above VWAP. volume is expanding. breakout is confirmed through previous day high. predicted win probability 0%. expected return 0.00R. Model rejects the trade because win probability is too low., AI decision Qualified",3.62,1317223,225.68,5.58,0.77,0.4,True,True,True,True,False,True,True,True,True,True,previous_day_high
232.97,222.16,254.59,230.89,end_of_day,93,-193.44,-0.19,4.64,-0.89,AMZN,Momentum Price Action Trend,Momentum + Price Action Trend,EMA + VWAP + ORB,Signal Selector -> Policy Critic -> Risk Governor -> Execution Router,Approved,Bracket Order / Core Session,Setup EMA + VWAP + ORB -> Policy Approved -> Entry 232.97 / Stop 222.16 / Target 254.59 -> Route Bracket Order / Core Session,2025-08-14,90,74,45,100,55,72,82,HeavyTradingModel-v2,0.0,0.0,Qualified,"Volume accelerating, EMA stack intact, Above VWAP, Intraday expansion, Close near high, Not extended from EMA 9, First 5m bullish, First 5m above VWAP, ORB confirmed, Setup: EMA + VWAP + ORB, Breakout via previous_day_high, SPY above VWAP, ML score 74, Catalyst score 45, Regime score 100, Liquidity score 55, Final score 72, AI confidence 82, Setup fit 96, Trend quality 88, ML 74, Catalyst 45, Regime 100, Memory 100, Anomaly 43, Confidence 82. AMZN matches EMA + VWAP + ORB. EMA 9/21/50 stack is aligned. price is holding above VWAP. volume is expanding. SPY regime is supportive. breakout is confirmed through previous day high. predicted win probability 0%. expected return 0.00R. Model rejects the trade because win probability is too low., AI decision Qualified",1.4,1356444,232.97,5.91,1.5,0.29,True,True,True,True,True,True,True,True,True,True,previous_day_high
225.36,220.33,235.41,228.85,end_of_day,201,701.49,0.69,2.23,1.55,AMZN,Momentum Price Action Trend,Momentum + Price Action Trend,EMA + VWAP + ORB,Signal Selector -> Policy Critic -> Risk Governor -> Execution Router,Approved,Bracket Order / Core Session,Setup EMA + VWAP + ORB -> Policy Approved -> Entry 225.36 / Stop 220.33 / Target 235.41 -> Route Bracket Order / Core Session,2025-08-22,90,74,45,100,55,71,82,HeavyTradingModel-v2,0.0,0.0,Qualified,"Volume accelerating, EMA stack intact, Above VWAP, Intraday expansion, Close near high, Not extended from EMA 9, First 5m bullish, First 5m above VWAP, ORB confirmed, Setup: EMA + VWAP + ORB, Breakout via previous_day_high, SPY above VWAP, ML score 74, Catalyst score 45, Regime score 100, Liquidity score 55, Final score 71, AI confidence 82, Setup fit 96, Trend quality 88, ML 74, Catalyst 45, Regime 100, Memory 100, Anomaly 43, Confidence 82. AMZN matches EMA + VWAP + ORB. EMA 9/21/50 stack is aligned. price is holding above VWAP. volume is expanding. SPY regime is supportive. breakout is confirmed through previous day high. predicted win probability 0%. expected return 0.00R. Model rejects the trade because win probability is too low., AI decision Qualified",1.63,1383966,225.36,5.03,1.37,0.58,True,True,True,True,True,True,True,True,True,True,previous_day_high
225.54,220.89,234.85,225.34,end_of_day,219,-43.8,-0.04,2.06,-0.09,AMZN,Momentum Price Action Trend,Momentum + Price Action Trend,EMA + VWAP + ORB,Signal Selector -> Policy Critic -> Risk Governor -> Execution Router,Approved,Bracket Order / Core Session,Setup EMA + VWAP + ORB -> Policy Approved -> Entry 225.54 / Stop 220.89 / Target 234.85 -> Route Bracket Order / Core Session,2025-09-02,90,73,45,100,55,71,81,HeavyTradingModel-v2,0.0,0.0,Qualified,"Volume accelerating, EMA stack intact, Above VWAP, Intraday expansion, Close near high, Not extended from EMA 9, First 5m bullish, First 5m above VWAP, ORB confirmed, Setup: EMA + VWAP + ORB, Breakout via premarket_high, SPY above VWAP, ML score 73, Catalyst score 45, Regime score 100, Liquidity score 55, Final score 71, AI confidence 81, Setup fit 96, Trend quality 86, ML 73, Catalyst 45, Regime 100, Memory 100, Anomaly 41, Confidence 81. AMZN matches EMA + VWAP + ORB. EMA 9/21/50 stack is aligned. price is holding above VWAP. volume is expanding. SPY regime is supportive. breakout is confirmed through premarket high. predicted win probability 0%. expected return 0.00R. Model rejects the trade because win probability is too low., AI decision Qualified",1.0,1008976,225.54,4.65,0.68,0.09,True,True,True,True,True,True,True,True,True,True,premarket_high
220.37,215.34,230.42,220.0,end_of_day,202,-74.74,-0.07,2.28,-0.17,AMZN,Momentum Price Action Trend,Momentum + Price Action Trend,EMA + VWAP + ORB,Signal Selector -> Policy Critic -> Risk Governor -> Execution Router,Approved,Bracket Order / Core Session,Setup EMA + VWAP + ORB -> Policy Approved -> Entry 220.37 / Stop 215.34 / Target 230.42 -> Route Bracket Order / Core Session,2025-10-13,90,74,45,100,55,71,81,HeavyTradingModel-v2,0.0,0.0,Qualified,"Volume accelerating, EMA stack intact, Above VWAP, Intraday expansion, Close near high, Not extended from EMA 9, First 5m bullish, First 5m above VWAP, ORB confirmed, Setup: EMA + VWAP + ORB, Breakout via premarket_high, SPY above VWAP, ML score 74, Catalyst score 45, Regime score 100, Liquidity score 55, Final score 71, AI confidence 81, Setup fit 96, Trend quality 87, ML 74, Catalyst 45, Regime 100, Memory 100, Anomaly 42, Confidence 81. AMZN matches EMA + VWAP + ORB. EMA 9/21/50 stack is aligned. price is holding above VWAP. volume is expanding. SPY regime is supportive. breakout is confirmed through premarket high. predicted win probability 0%. expected return 0.00R. Model rejects the trade because win probability is too low., AI decision Qualified",1.37,1503365,220.37,5.03,1.06,0.1,True,True,True,True,True,True,True,True,True,True,premarket_high
215.24,209.8,226.12,216.44,end_of_day,187,224.4,0.22,2.53,0.56,AMZN,Momentum Price Action Trend,Momentum + Price Action Trend,EMA + VWAP + ORB,Signal Selector -> Policy Critic -> Risk Governor -> Execution Router,Approved,Bracket Order / Core Session,Setup EMA + VWAP + ORB -> Policy Approved -> Entry 215.24 / Stop 209.80 / Target 226.12 -> Route Bracket Order / Core Session,2025-10-20,90,73,45,100,55,70,81,HeavyTradingModel-v2,0.0,0.0,Qualified,"Volume accelerating, EMA stack intact, Above VWAP, Intraday expansion, Close near high, Not extended from EMA 9, First 5m bullish, First 5m above VWAP, ORB confirmed, Setup: EMA + VWAP + ORB, Breakout via previous_day_high, SPY above VWAP, ML score 73, Catalyst score 45, Regime score 100, Liquidity score 55, Final score 70, AI confidence 81, Setup fit 96, Trend quality 85, ML 73, Catalyst 45, Regime 100, Memory 100, Anomaly 40, Confidence 81. AMZN matches EMA + VWAP + ORB. EMA 9/21/50 stack is aligned. price is holding above VWAP. volume is expanding. SPY regime is supportive. breakout is confirmed through previous day high. predicted win probability 0%. expected return 0.00R. Model rejects the trade because win probability is too low., AI decision Qualified",1.07,1588964,215.24,5.44,0.55,0.02,True,True,True,True,True,True,True,True,True,True,previous_day_high
220.53,214.97,231.65,221.09,end_of_day,183,102.48,0.1,2.52,0.25,AMZN,Momentum Price Action Trend,Momentum + Price Action Trend,EMA + VWAP + ORB,Signal Selector -> Policy Critic -> Risk Governor -> Execution Router,Approved,Bracket Order / Core Session,Setup EMA + VWAP + ORB -> Policy Approved -> Entry 220.53 / Stop 214.97 / Target 231.65 -> Route Bracket Order / Core Session,2025-10-23,90,73,45,100,55,71,81,HeavyTradingModel-v2,0.0,0.0,Qualified,"Volume accelerating, EMA stack intact, Above VWAP, Intraday expansion, Close near high, Not extended from EMA 9, First 5m bullish, First 5m above VWAP, ORB confirmed, Setup: EMA + VWAP + ORB, Breakout via previous_day_high, SPY above VWAP, ML score 73, Catalyst score 45, Regime score 100, Liquidity score 55, Final score 71, AI confidence 81, Setup fit 96, Trend quality 86, ML 73, Catalyst 45, Regime 100, Memory 100, Anomaly 42, Confidence 81. AMZN matches EMA + VWAP + ORB. EMA 9/21/50 stack is aligned. price is holding above VWAP. volume is expanding. SPY regime is supportive. breakout is confirmed through previous day high. predicted win probability 0%. expected return 0.00R. Model rejects the trade because win probability is too low., AI decision Qualified",1.01,1462692,220.53,5.56,0.95,0.2,True,True,True,True,True,True,True,True,True,True,previous_day_high
224.3,218.18,236.54,224.26,end_of_day,167,-6.68,-0.01,2.73,-0.02,AMZN,Momentum Price Action Trend,Momentum + Price Action Trend,EMA + VWAP + ORB,Signal Selector -> Policy Critic -> Risk Governor -> Execution Router,Approved,Bracket Order / Core Session,Setup EMA + VWAP + ORB -> Policy Approved -> Entry 224.30 / Stop 218.18 / Target 236.54 -> Route Bracket Order / Core Session,2025-10-24,90,73,45,100,55,70,81,HeavyTradingModel-v2,0.0,0.0,Qualified,"Volume accelerating, EMA stack intact, Above VWAP, Intraday expansion, Close near high, Not extended from EMA 9, First 5m bullish, First 5m above VWAP, ORB confirmed, Setup: EMA + VWAP + ORB, Breakout via previous_day_high, SPY above VWAP, ML score 73, Catalyst score 45, Regime score 100, Liquidity score 55, Final score 70, AI confidence 81, Setup fit 96, Trend quality 85, ML 73, Catalyst 45, Regime 100, Memory 100, Anomaly 40, Confidence 81. AMZN matches EMA + VWAP + ORB. EMA 9/21/50 stack is aligned. price is holding above VWAP. volume is expanding. SPY regime is supportive. breakout is confirmed through previous day high. predicted win probability 0%. expected return 0.00R. Model rejects the trade because win probability is too low., AI decision Qualified",1.25,1445735,224.3,5.46,0.58,0.29,True,True,True,True,True,True,True,True,True,True,previous_day_high
227.86,221.94,239.69,227.05,end_of_day,172,-139.32,-0.14,2.6,-0.36,AMZN,Momentum Price Action Trend,Momentum + Price Action Trend,EMA + VWAP + ORB,Signal Selector -> Policy Critic -> Risk Governor -> Execution Router,Approved,Bracket Order / Core Session,Setup EMA + VWAP + ORB -> Policy Approved -> Entry 227.86 / Stop 221.94 / Target 239.69 -> Route Bracket Order / Core Session,2025-10-27,90,72,45,100,55,70,81,HeavyTradingModel-v2,0.0,0.0,Qualified,"Volume accelerating, EMA stack intact, Above VWAP, Close near high, Not extended from EMA 9, First 5m bullish, First 5m above VWAP, ORB confirmed, Setup: EMA + VWAP + ORB, Breakout via previous_day_high, SPY above VWAP, ML score 72, Catalyst score 45, Regime score 100, Liquidity score 55, Final score 70, AI confidence 81, Setup fit 96, Trend quality 85, ML 72, Catalyst 45, Regime 100, Memory 100, Anomaly 40, Confidence 81. AMZN matches EMA + VWAP + ORB. EMA 9/21/50 stack is aligned. price is holding above VWAP. volume is expanding. SPY regime is supportive. breakout is confirmed through previous day high. predicted win probability 0%. expected return 0.00R. Model rejects the trade because win probability is too low., AI decision Qualified",0.67,1433931,227.86,5.57,0.43,0.22,True,True,True,True,True,True,True,True,True,True,previous_day_high
255.05,247.65,269.85,249.4,end_of_day,137,-774.74,-0.76,2.9,-2.22,AMZN,Momentum Price Action Trend,Momentum + Price Action Trend,EMA + VWAP + ORB,Signal Selector -> Policy Critic -> Risk Governor -> Execution Router,Approved,Bracket Order / Core Session,Setup EMA + VWAP + ORB -> Policy Approved -> Entry 255.05 / Stop 247.65 / Target 269.85 -> Route Bracket Order / Core Session,2025-11-04,90,75,45,100,55,72,82,HeavyTradingModel-v2,0.0,0.0,Qualified,"Volume accelerating, EMA stack intact, Above VWAP, Intraday expansion, Close near high, Not extended from EMA 9, First 5m bullish, First 5m above VWAP, ORB confirmed, Setup: EMA + VWAP + ORB, Breakout via premarket_high, SPY above VWAP, ML score 75, Catalyst score 45, Regime score 100, Liquidity score 55, Final score 72, AI confidence 82, Setup fit 96, Trend quality 89, ML 75, Catalyst 45, Regime 100, Memory 100, Anomaly 44, Confidence 82. AMZN matches EMA + VWAP + ORB. EMA 9/21/50 stack is aligned. price is holding above VWAP. volume is expanding. SPY regime is supportive. breakout is confirmed through premarket high. predicted win probability 0%. expected return 0.00R. Model rejects the trade because win probability is too low., AI decision Qualified",1.75,2009158,255.05,7.4,1.78,1.07,True,True,True,True,True,True,True,True,True,True,premarket_high
236.72,228.48,253.21,234.63,end_of_day,122,-254.98,-0.25,3.48,-0.88,AMZN,Momentum Price Action Trend,Momentum + Price Action Trend,EMA + VWAP + ORB,Signal Selector -> Policy Critic -> Risk Governor -> Execution Router,Approved,Bracket Order / Core Session,Setup EMA + VWAP + ORB -> Policy Approved -> Entry 236.72 / Stop 228.48 / Target 253.21 -> Route Bracket Order / Core Session,2025-11-14,85,69,45,100,55,70,79,HeavyTradingModel-v2,0.0,0.0,Qualified,"Volume accelerating, EMA stack intact, Above VWAP, Intraday expansion, Not extended from EMA 9, First 5m bullish, First 5m above VWAP, ORB confirmed, Setup: EMA + VWAP + ORB, Breakout via premarket_high, SPY above VWAP, ML score 69, Catalyst score 45, Regime score 100, Liquidity score 55, Final score 70, AI confidence 79, Setup fit 96, Trend quality 78, ML 69, Catalyst 45, Regime 100, Memory 100, Anomaly 43, Confidence 79. AMZN matches EMA + VWAP + ORB. EMA 9/21/50 stack is aligned. price is holding above VWAP. volume is expanding. SPY regime is supportive. breakout is confirmed through premarket high. predicted win probability 0%. expected return 0.00R. Model rejects the trade because win probability is too low., AI decision Qualified",1.34,1922687,236.72,8.24,1.32,0.38,True,True,True,True,True,False,True,True,True,True,premarket_high
232.45,226.11,245.12,233.23,end_of_day,159,124.02,0.12,2.73,0.34,AMZN,Momentum Price Action Trend,Momentum + Price Action Trend,EMA + VWAP + ORB,Signal Selector -> Policy Critic -> Risk Governor -> Execution Router,Approved,Bracket Order / Core Session,Setup EMA + VWAP + ORB -> Policy Approved -> Entry 232.45 / Stop 226.11 / Target 245.12 -> Route Bracket Order / Core Session,2025-11-28,90,73,45,100,55,71,81,HeavyTradingModel-v2,0.0,0.0,Qualified,"Volume accelerating, EMA stack intact, Above VWAP, Intraday expansion, Close near high, Not extended from EMA 9, First 5m bullish, First 5m above VWAP, ORB confirmed, Setup: EMA + VWAP + ORB, Breakout via previous_day_high, SPY above VWAP, ML score 73, Catalyst score 45, Regime score 100, Liquidity score 55, Final score 71, AI confidence 81, Setup fit 96, Trend quality 86, ML 73, Catalyst 45, Regime 100, Memory 100, Anomaly 40, Confidence 81. AMZN matches EMA + VWAP + ORB. EMA 9/21/50 stack is aligned. price is holding above VWAP. volume is expanding. SPY regime is supportive. breakout is confirmed through previous day high. predicted win probability 0%. expected return 0.00R. Model rejects the trade because win probability is too low., AI decision Qualified",0.88,1947367,232.45,6.34,0.65,0.15,True,True,True,True,True,True,True,True,True,True,previous_day_high
235.9,229.63,248.44,234.36,end_of_day,161,-247.94,-0.25,2.66,-0.65,AMZN,Momentum Price Action Trend,Momentum + Price Action Trend,EMA + VWAP + ORB,Signal Selector -> Policy Critic -> Risk Governor -> Execution Router,Approved,Bracket Order / Core Session,Setup EMA + VWAP + ORB -> Policy Approved -> Entry 235.90 / Stop 229.63 / Target 248.44 -> Route Bracket Order / Core Session,2025-12-02,90,73,45,100,55,71,81,HeavyTradingModel-v2,0.0,0.0,Qualified,"Volume accelerating, EMA stack intact, Above VWAP, Intraday expansion, Close near high, Not extended from EMA 9, First 5m bullish, First 5m above VWAP, ORB confirmed, Setup: EMA + VWAP + ORB, Breakout via previous_day_high, SPY above VWAP, ML score 73, Catalyst score 45, Regime score 100, Liquidity score 55, Final score 71, AI confidence 81, Setup fit 96, Trend quality 85, ML 73, Catalyst 45, Regime 100, Memory 100, Anomaly 40, Confidence 81. AMZN matches EMA + VWAP + ORB. EMA 9/21/50 stack is aligned. price is holding above VWAP. volume is expanding. SPY regime is supportive. breakout is confirmed through previous day high. predicted win probability 0%. expected return 0.00R. Model rejects the trade because win probability is too low., AI decision Qualified",1.68,1606567,235.9,6.27,0.64,0.31,True,True,True,True,True,True,True,True,True,True,previous_day_high
231.61,225.16,244.51,231.69,end_of_day,156,11.7,0.01,2.78,0.03,AMZN,Momentum Price Action Trend,Momentum + Price Action Trend,EMA + VWAP + ORB,Signal Selector -> Policy Critic -> Risk Governor -> Execution Router,Approved,Bracket Order / Core Session,Setup EMA + VWAP + ORB -> Policy Approved -> Entry 231.61 / Stop 225.16 / Target 244.51 -> Route Bracket Order / Core Session,2025-12-10,90,73,45,100,55,71,81,HeavyTradingModel-v2,0.0,0.0,Qualified,"Volume accelerating, EMA stack intact, Above VWAP, Intraday expansion, Close near high, Not extended from EMA 9, First 5m bullish, First 5m above VWAP, ORB confirmed, Setup: EMA + VWAP + ORB, Breakout via previous_day_high, SPY above VWAP, ML score 73, Catalyst score 45, Regime score 100, Liquidity score 55, Final score 71, AI confidence 81, Setup fit 96, Trend quality 86, ML 73, Catalyst 45, Regime 100, Memory 100, Anomaly 41, Confidence 81. AMZN matches EMA + VWAP + ORB. EMA 9/21/50 stack is aligned. price is holding above VWAP. volume is expanding. SPY regime is supportive. breakout is confirmed through previous day high. predicted win probability 0%. expected return 0.00R. Model rejects the trade because win probability is too low., AI decision Qualified",1.01,1507465,231.61,5.16,0.79,0.05,True,True,True,True,True,True,True,True,True,True,previous_day_high
231.98,226.72,242.51,232.12,end_of_day,191,26.74,0.03,2.27,0.06,AMZN,Momentum Price Action Trend,Momentum + Price Action Trend,EMA + VWAP + ORB,Signal Selector -> Policy Critic -> Risk Governor -> Execution Router,Approved,Bracket Order / Core Session,Setup EMA + VWAP + ORB -> Policy Approved -> Entry 231.98 / Stop 226.72 / Target 242.51 -> Route Bracket Order / Core Session,2025-12-23,90,73,45,100,55,71,81,HeavyTradingModel-v2,0.0,0.0,Qualified,"Volume accelerating, EMA stack intact, Above VWAP, Intraday expansion, Close near high, Not extended from EMA 9, First 5m bullish, First 5m above VWAP, ORB confirmed, Setup: EMA + VWAP + ORB, Breakout via previous_day_high, SPY above VWAP, ML score 73, Catalyst score 45, Regime score 100, Liquidity score 55, Final score 71, AI confidence 81, Setup fit 96, Trend quality 86, ML 73, Catalyst 45, Regime 100, Memory 100, Anomaly 41, Confidence 81. AMZN matches EMA + VWAP + ORB. EMA 9/21/50 stack is aligned. price is holding above VWAP. volume is expanding. SPY regime is supportive. breakout is confirmed through previous day high. predicted win probability 0%. expected return 0.00R. Model rejects the trade because win probability is too low., AI decision Qualified",0.65,1189761,231.98,4.33,0.67,0.08,True,True,True,True,True,True,True,True,True,True,previous_day_high
235.8,227.22,252.96,240.87,end_of_day,117,593.19,0.59,3.64,2.15,AMZN,Momentum Price Action Trend,Momentum + Price Action Trend,EMA + VWAP + ORB,Signal Selector -> Policy Critic -> Risk Governor -> Execution Router,Approved,Bracket Order / Core Session,Setup EMA + VWAP + ORB -> Policy Approved -> Entry 235.80 / Stop 227.22 / Target 252.96 -> Route Bracket Order / Core Session,2026-01-06,105,77,45,100,70,73,81,HeavyTradingModel-v2,0.0,0.0,Qualified,"RVOL strong, Volume accelerating, EMA stack intact, Above VWAP, Intraday expansion, Not extended from EMA 9, First 5m bullish, First 5m above VWAP, ORB confirmed, Setup: EMA + VWAP + ORB, Breakout via previous_day_high, SPY above VWAP, ML score 77, Catalyst score 45, Regime score 100, Liquidity score 70, Final score 73, AI confidence 81, Setup fit 96, Trend quality 76, ML 77, Catalyst 45, Regime 100, Memory 100, Anomaly 47, Confidence 81. AMZN matches EMA + VWAP + ORB. EMA 9/21/50 stack is aligned. price is holding above VWAP. volume is expanding. SPY regime is supportive. breakout is confirmed through previous day high. predicted win probability 0%. expected return 0.00R. Model rejects the trade because win probability is too low., AI decision Qualified",3.4,1026356,235.8,4.55,0.84,0.16,True,True,True,True,True,False,True,True,True,True,previous_day_high
244.48,232.12,269.2,241.58,end_of_day,82,-237.8,-0.23,5.06,-1.19,AMZN,Momentum Price Action Trend,Momentum + Price Action Trend,EMA + VWAP + ORB,Signal Selector -> Policy Critic -> Risk Governor -> Execution Router,Approved,Bracket Order / Core Session,Setup EMA + VWAP + ORB -> Policy Approved -> Entry 244.48 / Stop 232.12 / Target 269.20 -> Route Bracket Order / Core Session,2026-01-07,90,74,45,100,55,71,81,HeavyTradingModel-v2,0.0,0.0,Qualified,"Volume accelerating, EMA stack intact, Above VWAP, Intraday expansion, Close near high, Not extended from EMA 9, First 5m bullish, First 5m above VWAP, ORB confirmed, Setup: EMA + VWAP + ORB, Breakout via premarket_high, SPY above VWAP, ML score 74, Catalyst score 45, Regime score 100, Liquidity score 55, Final score 71, AI confidence 81, Setup fit 96, Trend quality 87, ML 74, Catalyst 45, Regime 100, Memory 100, Anomaly 42, Confidence 81. AMZN matches EMA + VWAP + ORB. EMA 9/21/50 stack is aligned. price is holding above VWAP. volume is expanding. SPY regime is supportive. breakout is confirmed through premarket high. predicted win probability 0%. expected return 0.00R. Model rejects the trade because win probability is too low., AI decision Qualified",1.61,1034671,244.48,4.78,1.16,0.21,True,True,True,True,True,True,True,True,True,True,premarket_high
245.56,239.54,257.59,246.23,end_of_day,168,112.56,0.11,2.45,0.27,AMZN,Momentum Price Action Trend,Momentum + Price Action Trend,EMA + VWAP + ORB,Signal Selector -> Policy Critic -> Risk Governor -> Execution Router,Approved,Bracket Order / Core Session,Setup EMA + VWAP + ORB -> Policy Approved -> Entry 245.56 / Stop 239.54 / Target 257.59 -> Route Bracket Order / Core Session,2026-01-08,85,69,45,100,55,70,79,HeavyTradingModel-v2,0.0,0.0,Qualified,"Volume accelerating, EMA stack intact, Above VWAP, Intraday expansion, Not extended from EMA 9, First 5m bullish, First 5m above VWAP, ORB confirmed, Setup: EMA + VWAP + ORB, Breakout via previous_day_high, SPY above VWAP, ML score 69, Catalyst score 45, Regime score 100, Liquidity score 55, Final score 70, AI confidence 79, Setup fit 96, Trend quality 78, ML 69, Catalyst 45, Regime 100, Memory 100, Anomaly 43, Confidence 79. AMZN matches EMA + VWAP + ORB. EMA 9/21/50 stack is aligned. price is holding above VWAP. volume is expanding. SPY regime is supportive. breakout is confirmed through previous day high. predicted win probability 0%. expected return 0.00R. Model rejects the trade because win probability is too low., AI decision Qualified",1.27,1065241,245.56,4.84,1.36,-0.03,True,True,True,True,True,False,True,True,True,True,previous_day_high
246.6,241.93,255.94,247.33,end_of_day,217,158.41,0.16,1.89,0.3,AMZN,Momentum Price Action Trend,Momentum + Price Action Trend,EMA + VWAP + ORB,Signal Selector -> Policy Critic -> Risk Governor -> Execution Router,Approved,Bracket Order / Core Session,Setup EMA + VWAP + ORB -> Policy Approved -> Entry 246.60 / Stop 241.93 / Target 255.94 -> Route Bracket Order / Core Session,2026-01-09,90,74,45,100,55,71,81,HeavyTradingModel-v2,0.0,0.0,Qualified,"Volume accelerating, EMA stack intact, Above VWAP, Intraday expansion, Close near high, Not extended from EMA 9, First 5m bullish, First 5m above VWAP, ORB confirmed, Setup: EMA + VWAP + ORB, Breakout via premarket_high, SPY above VWAP, ML score 74, Catalyst score 45, Regime score 100, Liquidity score 55, Final score 71, AI confidence 81, Setup fit 96, Trend quality 87, ML 74, Catalyst 45, Regime 100, Memory 100, Anomaly 42, Confidence 81. AMZN matches EMA + VWAP + ORB. EMA 9/21/50 stack is aligned. price is holding above VWAP. volume is expanding. SPY regime is supportive. breakout is confirmed through premarket high. predicted win probability 0%. expected return 0.00R. Model rejects the trade because win probability is too low., AI decision Qualified",1.17,1076900,246.6,4.67,1.13,0.11,True,True,True,True,True,True,True,True,True,True,premarket_high
244.31,237.77,257.39,242.88,end_of_day,155,-220.88,-0.22,2.68,-0.58,AMZN,Momentum Price Action Trend,Momentum + Price Action Trend,EMA + VWAP + ORB,Signal Selector -> Policy Critic -> Risk Governor -> Execution Router,Approved,Bracket Order / Core Session,Setup EMA + VWAP + ORB -> Policy Approved -> Entry 244.31 / Stop 237.77 / Target 257.39 -> Route Bracket Order / Core Session,2026-02-02,85,70,45,100,55,70,80,HeavyTradingModel-v2,0.0,0.0,Qualified,"Volume accelerating, EMA stack intact, Above VWAP, Intraday expansion, Not extended from EMA 9, First 5m bullish, First 5m above VWAP, ORB confirmed, Setup: EMA + VWAP + ORB, Breakout via previous_day_high, SPY above VWAP, ML score 70, Catalyst score 45, Regime score 100, Liquidity score 55, Final score 70, AI confidence 80, Setup fit 96, Trend quality 79, ML 70, Catalyst 45, Regime 100, Memory 100, Anomaly 44, Confidence 80. AMZN matches EMA + VWAP + ORB. EMA 9/21/50 stack is aligned. price is holding above VWAP. volume is expanding. SPY regime is supportive. breakout is confirmed through previous day high. predicted win probability 0%. expected return 0.00R. Model rejects the trade because win probability is too low., AI decision Qualified",1.95,1548467,244.31,5.84,1.69,0.71,True,True,True,True,True,False,True,True,True,True,previous_day_high
207.11,199.01,223.31,210.25,end_of_day,125,392.5,0.39,3.91,1.52,AMZN,Momentum Price Action Trend,Momentum + Price Action Trend,EMA + VWAP,Signal Selector -> Policy Critic -> Risk Governor -> Execution Router,Approved,Bracket Order / Core Session,Setup EMA + VWAP -> Policy Approved -> Entry 207.11 / Stop 199.01 / Target 223.31 -> Route Bracket Order / Core Session,2026-02-06,85,78,45,100,80,74,82,HeavyTradingModel-v2,0.0,0.0,Qualified,"RVOL strong, Volume accelerating, EMA stack intact, Above VWAP, Intraday expansion, Close near high, Not extended from EMA 9, ORB confirmed, Setup: EMA + VWAP, SPY above VWAP, ML score 78, Catalyst score 45, Regime score 100, Liquidity score 80, Final score 74, AI confidence 82, Setup fit 88, Trend quality 90, ML 78, Catalyst 45, Regime 100, Memory 100, Anomaly 49, Confidence 82. AMZN matches EMA + VWAP. EMA 9/21/50 stack is aligned. price is holding above VWAP. volume is expanding. SPY regime is supportive. predicted win probability 0%. expected return 0.00R. Model rejects the trade because win probability is too low., AI decision Qualified",5.29,1974918,207.11,8.1,2.09,0.65,True,True,False,True,True,True,True,False,False,True,none
209.63,200.39,228.11,208.66,end_of_day,110,-107.25,-0.11,4.41,-0.47,AMZN,Momentum Price Action Trend,Momentum + Price Action Trend,EMA + VWAP + ORB,Signal Selector -> Policy Critic -> Risk Governor -> Execution Router,Approved,Bracket Order / Core Session,Setup EMA + VWAP + ORB -> Policy Approved -> Entry 209.63 / Stop 200.39 / Target 228.11 -> Route Bracket Order / Core Session,2026-02-09,85,72,45,100,55,71,81,HeavyTradingModel-v2,0.0,0.0,Qualified,"Volume accelerating, EMA stack intact, Above VWAP, Intraday expansion, Not extended from EMA 9, First 5m bullish, First 5m above VWAP, ORB confirmed, Setup: EMA + VWAP + ORB, Breakout via premarket_high, SPY above VWAP, ML score 72, Catalyst score 45, Regime score 100, Liquidity score 55, Final score 71, AI confidence 81, Setup fit 96, Trend quality 83, ML 72, Catalyst 45, Regime 100, Memory 100, Anomaly 48, Confidence 81. AMZN matches EMA + VWAP + ORB. EMA 9/21/50 stack is aligned. price is holding above VWAP. volume is expanding. SPY regime is supportive. breakout is confirmed through premarket high. predicted win probability 0%. expected return 0.00R. Model rejects the trade because win probability is too low., AI decision Qualified",2.42,2070990,209.63,8.08,2.77,0.19,True,True,True,True,True,False,True,True,True,True,premarket_high
206.6,196.13,227.55,204.7,end_of_day,97,-184.3,-0.18,5.07,-0.92,AMZN,Momentum Price Action Trend,Momentum + Price Action Trend,EMA + VWAP + ORB,Signal Selector -> Policy Critic -> Risk Governor -> Execution Router,Approved,Bracket Order / Core Session,Setup EMA + VWAP + ORB -> Policy Approved -> Entry 206.60 / Stop 196.13 / Target 227.55 -> Route Bracket Order / Core Session,2026-02-18,90,74,45,100,55,71,82,HeavyTradingModel-v2,0.0,0.0,Qualified,"Volume accelerating, EMA stack intact, Above VWAP, Intraday expansion, Close near high, Not extended from EMA 9, First 5m bullish, First 5m above VWAP, ORB confirmed, Setup: EMA + VWAP + ORB, Breakout via previous_day_high, SPY above VWAP, ML score 74, Catalyst score 45, Regime score 100, Liquidity score 55, Final score 71, AI confidence 82, Setup fit 96, Trend quality 88, ML 74, Catalyst 45, Regime 100, Memory 100, Anomaly 43, Confidence 82. AMZN matches EMA + VWAP + ORB. EMA 9/21/50 stack is aligned. price is holding above VWAP. volume is expanding. SPY regime is supportive. breakout is confirmed through previous day high. predicted win probability 0%. expected return 0.00R. Model rejects the trade because win probability is too low., AI decision Qualified",1.66,2315647,206.6,8.19,1.46,0.43,True,True,True,True,True,True,True,True,True,True,previous_day_high
208.44,200.66,224.01,208.6,end_of_day,130,20.8,0.02,3.73,0.08,AMZN,Momentum Price Action Trend,Momentum + Price Action Trend,EMA + VWAP + ORB,Signal Selector -> Policy Critic -> Risk Governor -> Execution Router,Approved,Bracket Order / Core Session,Setup EMA + VWAP + ORB -> Policy Approved -> Entry 208.44 / Stop 200.66 / Target 224.01 -> Route Bracket Order / Core Session,2026-02-24,90,76,45,100,55,72,83,HeavyTradingModel-v2,0.0,0.0,Qualified,"Volume accelerating, EMA stack intact, Above VWAP, Intraday expansion, Close near high, Not extended from EMA 9, First 5m bullish, First 5m above VWAP, ORB confirmed, Setup: EMA + VWAP + ORB, Breakout via previous_day_high, SPY above VWAP, ML score 76, Catalyst score 45, Regime score 100, Liquidity score 55, Final score 72, AI confidence 83, Setup fit 96, Trend quality 91, ML 76, Catalyst 45, Regime 100, Memory 100, Anomaly 46, Confidence 83. AMZN matches EMA + VWAP + ORB. EMA 9/21/50 stack is aligned. price is holding above VWAP. volume is expanding. SPY regime is supportive. breakout is confirmed through previous day high. predicted win probability 0%. expected return 0.00R. Model rejects the trade because win probability is too low., AI decision Qualified",0.88,2352506,208.44,7.79,2.28,0.43,True,True,True,True,True,True,True,True,True,True,previous_day_high
216.84,202.55,245.42,216.81,end_of_day,71,-2.48,-0.0,6.59,-0.02,AMZN,Momentum Price Action Trend,Momentum + Price Action Trend,EMA + VWAP + Premarket High,Signal Selector -> Policy Critic -> Risk Governor -> Execution Router,Approved,Bracket Order / Core Session,Setup EMA + VWAP + Premarket High -> Policy Approved -> Entry 216.84 / Stop 202.55 / Target 245.42 -> Route Bracket Order / Core Session,2026-03-04,80,73,45,100,55,70,80,HeavyTradingModel-v2,0.0,0.0,Qualified,"Volume accelerating, EMA stack intact, Above VWAP, Intraday expansion, Close near high, Not extended from EMA 9, ORB confirmed, Setup: EMA + VWAP + Premarket High, Breakout via premarket_high, SPY above VWAP, ML score 73, Catalyst score 45, Regime score 100, Liquidity score 55, Final score 70, AI confidence 80, Setup fit 92, Trend quality 91, ML 73, Catalyst 45, Regime 100, Memory 100, Anomaly 32, Confidence 80. AMZN matches EMA + VWAP + Premarket High. EMA 9/21/50 stack is aligned. price is holding above VWAP. volume is expanding. SPY regime is supportive. breakout is confirmed through premarket high. predicted win probability 0%. expected return 0.00R. Model rejects the trade because win probability is too low., AI decision Qualified",1.01,2348541,216.84,5.83,2.38,0.15,True,True,True,True,True,True,True,False,False,True,premarket_high
208.11,202.62,219.1,208.76,end_of_day,184,119.6,0.12,2.64,0.31,AMZN,Momentum Price Action Trend,Momentum + Price Action Trend,EMA + VWAP + ORB,Signal Selector -> Policy Critic -> Risk Governor -> Execution Router,Approved,Bracket Order / Core Session,Setup EMA + VWAP + ORB -> Policy Approved -> Entry 208.11 / Stop 202.62 / Target 219.10 -> Route Bracket Order / Core Session,2026-03-19,90,73,45,100,55,71,81,HeavyTradingModel-v2,0.0,0.0,Qualified,"Volume accelerating, EMA stack intact, Above VWAP, Intraday expansion, Close near high, Not extended from EMA 9, First 5m bullish, First 5m above VWAP, ORB confirmed, Setup: EMA + VWAP + ORB, Breakout via premarket_high, SPY above VWAP, ML score 73, Catalyst score 45, Regime score 100, Liquidity score 55, Final score 71, AI confidence 81, Setup fit 96, Trend quality 86, ML 73, Catalyst 45, Regime 100, Memory 100, Anomaly 40, Confidence 81. AMZN matches EMA + VWAP + ORB. EMA 9/21/50 stack is aligned. price is holding above VWAP. volume is expanding. SPY regime is supportive. breakout is confirmed through premarket high. predicted win probability 0%. expected return 0.00R. Model rejects the trade because win probability is too low., AI decision Qualified",1.18,1826717,208.11,5.49,0.65,0.27,True,True,True,True,True,True,True,True,True,True,premarket_high
212.62,204.32,229.21,210.21,end_of_day,122,-294.02,-0.29,3.9,-1.13,AMZN,Momentum Price Action Trend,Momentum + Price Action Trend,EMA + VWAP + ORB,Signal Selector -> Policy Critic -> Risk Governor -> Execution Router,Approved,Bracket Order / Core Session,Setup EMA + VWAP + ORB -> Policy Approved -> Entry 212.62 / Stop 204.32 / Target 229.21 -> Route Bracket Order / Core Session,2026-03-23,90,73,45,100,55,71,81,HeavyTradingModel-v2,0.0,0.0,Qualified,"Volume accelerating, EMA stack intact, Above VWAP, Intraday expansion, Close near high, Not extended from EMA 9, First 5m bullish, First 5m above VWAP, ORB confirmed, Setup: EMA + VWAP + ORB, Breakout via premarket_high, SPY above VWAP, ML score 73, Catalyst score 45, Regime score 100, Liquidity score 55, Final score 71, AI confidence 81, Setup fit 96, Trend quality 87, ML 73, Catalyst 45, Regime 100, Memory 100, Anomaly 42, Confidence 81. AMZN matches EMA + VWAP + ORB. EMA 9/21/50 stack is aligned. price is holding above VWAP. volume is expanding. SPY regime is supportive. breakout is confirmed through premarket high. predicted win probability 0%. expected return 0.00R. Model rejects the trade because win probability is too low., AI decision Qualified",2.13,1780458,212.62,5.4,1.01,0.35,True,True,True,True,True,True,True,True,True,True,premarket_high
208.55,199.99,225.67,208.39,end_of_day,118,-18.88,-0.02,4.1,-0.08,AMZN,Momentum Price Action Trend,Momentum + Price Action Trend,EMA + VWAP + ORB,Signal Selector -> Policy Critic -> Risk Governor -> Execution Router,Approved,Bracket Order / Core Session,Setup EMA + VWAP + ORB -> Policy Approved -> Entry 208.55 / Stop 199.99 / Target 225.67 -> Route Bracket Order / Core Session,2026-03-31,90,74,45,100,55,72,82,HeavyTradingModel-v2,0.0,0.0,Qualified,"Volume accelerating, EMA stack intact, Above VWAP, Intraday expansion, Close near high, Not extended from EMA 9, First 5m bullish, First 5m above VWAP, ORB confirmed, Setup: EMA + VWAP + ORB, Breakout via premarket_high, SPY above VWAP, ML score 74, Catalyst score 45, Regime score 100, Liquidity score 55, Final score 72, AI confidence 82, Setup fit 96, Trend quality 88, ML 74, Catalyst 45, Regime 100, Memory 100, Anomaly 43, Confidence 82. AMZN matches EMA + VWAP + ORB. EMA 9/21/50 stack is aligned. price is holding above VWAP. volume is expanding. SPY regime is supportive. breakout is confirmed through premarket high. predicted win probability 0%. expected return 0.00R. Model rejects the trade because win probability is too low., AI decision Qualified",0.8,1857486,208.55,5.52,1.5,0.85,True,True,True,True,True,True,True,True,True,True,premarket_high
212.62,204.93,228.0,212.76,end_of_day,131,18.99,0.02,3.62,0.07,AMZN,Momentum Price Action Trend,Momentum + Price Action Trend,EMA + VWAP + ORB,Signal Selector -> Policy Critic -> Risk Governor -> Execution Router,Approved,Bracket Order / Core Session,Setup EMA + VWAP + ORB -> Policy Approved -> Entry 212.62 / Stop 204.93 / Target 228.00 -> Route Bracket Order / Core Session,2026-04-06,90,73,45,100,55,71,81,HeavyTradingModel-v2,0.0,0.0,Qualified,"Volume accelerating, EMA stack intact, Above VWAP, Intraday expansion, Close near high, Not extended from EMA 9, First 5m bullish, First 5m above VWAP, ORB confirmed, Setup: EMA + VWAP + ORB, Breakout via previous_day_high, SPY above VWAP, ML score 73, Catalyst score 45, Regime score 100, Liquidity score 55, Final score 71, AI confidence 81, Setup fit 96, Trend quality 86, ML 73, Catalyst 45, Regime 100, Memory 100, Anomaly 41, Confidence 81. AMZN matches EMA + VWAP + ORB. EMA 9/21/50 stack is aligned. price is holding above VWAP. volume is expanding. SPY regime is supportive. breakout is confirmed through previous day high. predicted win probability 0%. expected return 0.00R. Model rejects the trade because win probability is too low., AI decision Qualified",0.6,1637647,212.62,5.65,0.9,0.24,True,True,True,True,True,True,True,True,True,True,previous_day_high
213.06,207.34,224.48,213.81,end_of_day,177,132.75,0.13,2.68,0.35,AMZN,Momentum Price Action Trend,Momentum + Price Action Trend,EMA + VWAP + ORB,Signal Selector -> Policy Critic -> Risk Governor -> Execution Router,Approved,Bracket Order / Core Session,Setup EMA + VWAP + ORB -> Policy Approved -> Entry 213.06 / Stop 207.34 / Target 224.48 -> Route Bracket Order / Core Session,2026-04-07,90,73,45,100,55,71,81,HeavyTradingModel-v2,0.0,0.0,Qualified,"Volume accelerating, EMA stack intact, Above VWAP, Intraday expansion, Close near high, Not extended from EMA 9, First 5m bullish, First 5m above VWAP, ORB confirmed, Setup: EMA + VWAP + ORB, Breakout via previous_day_high, SPY above VWAP, ML score 73, Catalyst score 45, Regime score 100, Liquidity score 55, Final score 71, AI confidence 81, Setup fit 96, Trend quality 87, ML 73, Catalyst 45, Regime 100, Memory 100, Anomaly 42, Confidence 81. AMZN matches EMA + VWAP + ORB. EMA 9/21/50 stack is aligned. price is holding above VWAP. volume is expanding. SPY regime is supportive. breakout is confirmed through previous day high. predicted win probability 0%. expected return 0.00R. Model rejects the trade because win probability is too low., AI decision Qualified",0.65,1565901,213.06,5.71,1.04,0.39,True,True,True,True,True,True,True,True,True,True,previous_day_high
225.09,218.35,238.57,233.53,end_of_day,150,1266.0,1.25,2.99,3.75,AMZN,Momentum Price Action Trend,Momentum + Price Action Trend,EMA + VWAP + ORB,Signal Selector -> Policy Critic -> Risk Governor -> Execution Router,Approved,Bracket Order / Core Session,Setup EMA + VWAP + ORB -> Policy Approved -> Entry 225.09 / Stop 218.35 / Target 238.57 -> Route Bracket Order / Core Session,2026-04-09,105,76,45,100,70,72,80,HeavyTradingModel-v2,0.0,0.0,Qualified,"RVOL strong, Volume accelerating, EMA stack intact, Above VWAP, Not extended from EMA 9, First 5m bullish, First 5m above VWAP, ORB confirmed, Setup: EMA + VWAP + ORB, Breakout via premarket_high, SPY above VWAP, ML score 76, Catalyst score 45, Regime score 100, Liquidity score 70, Final score 72, AI confidence 80, Setup fit 96, Trend quality 75, ML 76, Catalyst 45, Regime 100, Memory 100, Anomaly 45, Confidence 80. AMZN matches EMA + VWAP + ORB. EMA 9/21/50 stack is aligned. price is holding above VWAP. volume is expanding. SPY regime is supportive. breakout is confirmed through premarket high. predicted win probability 0%. expected return 0.00R. Model rejects the trade because win probability is too low., AI decision Qualified",3.33,1654315,225.09,6.74,0.34,0.08,True,True,True,True,True,False,True,True,True,True,premarket_high
240.29,223.31,274.25,238.42,end_of_day,60,-112.2,-0.11,7.07,-0.78,AMZN,Momentum Price Action Trend,Momentum + Price Action Trend,EMA + VWAP + ORB,Signal Selector -> Policy Critic -> Risk Governor -> Execution Router,Approved,Bracket Order / Core Session,Setup EMA + VWAP + ORB -> Policy Approved -> Entry 240.29 / Stop 223.31 / Target 274.25 -> Route Bracket Order / Core Session,2026-04-10,110,79,45,100,70,73,82,HeavyTradingModel-v2,0.0,0.0,Qualified,"RVOL strong, Volume accelerating, EMA stack intact, Above VWAP, Intraday expansion, Close near high, Not extended from EMA 9, First 5m bullish, First 5m above VWAP, ORB confirmed, Setup: EMA + VWAP + ORB, Breakout via previous_day_high, SPY above VWAP, ML score 79, Catalyst score 45, Regime score 100, Liquidity score 70, Final score 73, AI confidence 82, Setup fit 96, Trend quality 87, ML 79, Catalyst 45, Regime 100, Memory 100, Anomaly 43, Confidence 82. AMZN matches EMA + VWAP + ORB. EMA 9/21/50 stack is aligned. price is holding above VWAP. volume is expanding. SPY regime is supportive. breakout is confirmed through previous day high. predicted win probability 0%. expected return 0.00R. Model rejects the trade because win probability is too low., AI decision Qualified",2.56,1693607,240.29,6.91,1.19,0.44,True,True,True,True,True,True,True,True,True,True,previous_day_high
247.25,235.82,270.11,249.07,end_of_day,89,161.98,0.16,4.62,0.74,AMZN,Momentum Price Action Trend,Momentum + Price Action Trend,EMA + VWAP + ORB,Signal Selector -> Policy Critic -> Risk Governor -> Execution Router,Approved,Bracket Order / Core Session,Setup EMA + VWAP + ORB -> Policy Approved -> Entry 247.25 / Stop 235.82 / Target 270.11 -> Route Bracket Order / Core Session,2026-04-14,90,73,45,100,55,71,81,HeavyTradingModel-v2,0.0,0.0,Qualified,"Volume accelerating, EMA stack intact, Above VWAP, Intraday expansion, Close near high, Not extended from EMA 9, First 5m bullish, First 5m above VWAP, ORB confirmed, Setup: EMA + VWAP + ORB, Breakout via previous_day_high, SPY above VWAP, ML score 73, Catalyst score 45, Regime score 100, Liquidity score 55, Final score 71, AI confidence 81, Setup fit 96, Trend quality 86, ML 73, Catalyst 45, Regime 100, Memory 100, Anomaly 41, Confidence 81. AMZN matches EMA + VWAP + ORB. EMA 9/21/50 stack is aligned. price is holding above VWAP. volume is expanding. SPY regime is supportive. breakout is confirmed through previous day high. predicted win probability 0%. expected return 0.00R. Model rejects the trade because win probability is too low., AI decision Qualified",2.18,1751138,247.25,7.3,0.91,0.22,True,True,True,True,True,True,True,True,True,True,previous_day_high
257.97,250.37,273.18,255.06,end_of_day,135,-392.85,-0.38,2.95,-1.13,AMZN,Momentum Price Action Trend,Momentum + Price Action Trend,EMA + VWAP + ORB,Signal Selector -> Policy Critic -> Risk Governor -> Execution Router,Approved,Bracket Order / Core Session,Setup EMA + VWAP + ORB -> Policy Approved -> Entry 257.97 / Stop 250.37 / Target 273.18 -> Route Bracket Order / Core Session,2026-04-23,85,69,45,100,55,70,79,HeavyTradingModel-v2,0.0,0.0,Qualified,"Volume accelerating, EMA stack intact, Above VWAP, Intraday expansion, Not extended from EMA 9, First 5m bullish, First 5m above VWAP, ORB confirmed, Setup: EMA + VWAP + ORB, Breakout via previous_day_high, SPY above VWAP, ML score 69, Catalyst score 45, Regime score 100, Liquidity score 55, Final score 70, AI confidence 79, Setup fit 96, Trend quality 78, ML 69, Catalyst 45, Regime 100, Memory 100, Anomaly 43, Confidence 79. AMZN matches EMA + VWAP + ORB. EMA 9/21/50 stack is aligned. price is holding above VWAP. volume is expanding. SPY regime is supportive. breakout is confirmed through previous day high. predicted win probability 0%. expected return 0.00R. Model rejects the trade because win probability is too low., AI decision Qualified",1.22,1726087,257.97,6.78,1.26,0.43,True,True,True,True,True,False,True,True,True,True,previous_day_high
271.95,256.18,303.49,268.29,end_of_day,64,-234.24,-0.23,5.8,-1.35,AMZN,Momentum Price Action Trend,Momentum + Price Action Trend,EMA + VWAP + Premarket High,Signal Selector -> Policy Critic -> Risk Governor -> Execution Router,Approved,Bracket Order / Core Session,Setup EMA + VWAP + Premarket High -> Policy Approved -> Entry 271.95 / Stop 256.18 / Target 303.49 -> Route Bracket Order / Core Session,2026-05-01,100,79,45,100,70,72,81,HeavyTradingModel-v2,0.0,0.0,Qualified,"RVOL strong, Volume accelerating, EMA stack intact, Above VWAP, Intraday expansion, Close near high, Not extended from EMA 9, ORB confirmed, Setup: EMA + VWAP + Premarket High, Breakout via premarket_high, SPY above VWAP, ML score 79, Catalyst score 45, Regime score 100, Liquidity score 70, Final score 72, AI confidence 81, Setup fit 92, Trend quality 92, ML 79, Catalyst 45, Regime 100, Memory 100, Anomaly 33, Confidence 81. AMZN matches EMA + VWAP + Premarket High. EMA 9/21/50 stack is aligned. price is holding above VWAP. volume is expanding. SPY regime is supportive. breakout is confirmed through premarket high. predicted win probability 0%. expected return 0.00R. Model rejects the trade because win probability is too low., AI decision Qualified",2.53,1903426,271.95,7.49,2.5,1.56,True,True,True,True,True,True,True,False,False,True,premarket_high
272.72,265.57,287.01,268.98,end_of_day,142,-531.08,-0.52,2.62,-1.37,AMZN,Momentum Price Action Trend,Momentum + Price Action Trend,EMA + VWAP + ORB,Signal Selector -> Policy Critic -> Risk Governor -> Execution Router,Approved,Bracket Order / Core Session,Setup EMA + VWAP + ORB -> Policy Approved -> Entry 272.72 / Stop 265.57 / Target 287.01 -> Route Bracket Order / Core Session,2026-05-11,105,73,45,100,70,71,79,HeavyTradingModel-v2,0.0,0.0,Qualified,"RVOL strong, Volume accelerating, EMA stack intact, Above VWAP, Not extended from EMA 9, First 5m bullish, First 5m above VWAP, ORB confirmed, Setup: EMA + VWAP + ORB, Breakout via premarket_high, SPY above VWAP, ML score 73, Catalyst score 45, Regime score 100, Liquidity score 70, Final score 71, AI confidence 79, Setup fit 96, Trend quality 75, ML 73, Catalyst 45, Regime 100, Memory 100, Anomaly 40, Confidence 79. AMZN matches EMA + VWAP + ORB. EMA 9/21/50 stack is aligned. price is holding above VWAP. volume is expanding. SPY regime is supportive. breakout is confirmed through premarket high. predicted win probability 0%. expected return 0.00R. Model rejects the trade because win probability is too low., AI decision Qualified",2.54,1908407,272.72,7.15,0.36,0.16,True,True,True,True,True,False,True,True,True,True,premarket_high
270.13,262.63,285.14,270.14,end_of_day,135,2.02,0.0,2.78,0.01,AMZN,Momentum Price Action Trend,Momentum + Price Action Trend,EMA + VWAP + Premarket High,Signal Selector -> Policy Critic -> Risk Governor -> Execution Router,Approved,Bracket Order / Core Session,Setup EMA + VWAP + Premarket High -> Policy Approved -> Entry 270.13 / Stop 262.63 / Target 285.14 -> Route Bracket Order / Core Session,2026-05-13,80,74,45,100,55,70,80,HeavyTradingModel-v2,0.0,0.0,Qualified,"Volume accelerating, EMA stack intact, Above VWAP, Intraday expansion, Close near high, Not extended from EMA 9, First 5m bullish, ORB confirmed, Setup: EMA + VWAP + Premarket High, Breakout via premarket_high, SPY above VWAP, ML score 74, Catalyst score 45, Regime score 100, Liquidity score 55, Final score 70, AI confidence 80, Setup fit 92, Trend quality 91, ML 74, Catalyst 45, Regime 100, Memory 100, Anomaly 32, Confidence 80. AMZN matches EMA + VWAP + Premarket High. EMA 9/21/50 stack is aligned. price is holding above VWAP. volume is expanding. SPY regime is supportive. breakout is confirmed through premarket high. predicted win probability 0%. expected return 0.00R. Model rejects the trade because win probability is too low., AI decision Qualified",1.17,1877042,270.13,7.29,2.44,0.15,True,True,True,True,True,True,True,True,False,True,premarket_high
268.48,261.06,283.32,264.78,end_of_day,136,-503.2,-0.5,2.76,-1.38,AMZN,Momentum Price Action Trend,Momentum + Price Action Trend,EMA + VWAP + ORB,Signal Selector -> Policy Critic -> Risk Governor -> Execution Router,Approved,Bracket Order / Core Session,Setup EMA + VWAP + ORB -> Policy Approved -> Entry 268.48 / Stop 261.06 / Target 283.32 -> Route Bracket Order / Core Session,2026-05-18,90,75,45,100,55,72,82,HeavyTradingModel-v2,0.0,0.0,Qualified,"Volume accelerating, EMA stack intact, Above VWAP, Intraday expansion, Close near high, Not extended from EMA 9, First 5m bullish, First 5m above VWAP, ORB confirmed, Setup: EMA + VWAP + ORB, Breakout via premarket_high, SPY above VWAP, ML score 75, Catalyst score 45, Regime score 100, Liquidity score 55, Final score 72, AI confidence 82, Setup fit 96, Trend quality 89, ML 75, Catalyst 45, Regime 100, Memory 100, Anomaly 44, Confidence 82. AMZN matches EMA + VWAP + ORB. EMA 9/21/50 stack is aligned. price is holding above VWAP. volume is expanding. SPY regime is supportive. breakout is confirmed through premarket high. predicted win probability 0%. expected return 0.00R. Model rejects the trade because win probability is too low., AI decision Qualified",2.21,1906435,268.48,7.24,1.77,1.0,True,True,True,True,True,True,True,True,True,True,premarket_high
268.35,259.61,285.83,268.5,end_of_day,115,17.25,0.02,3.26,0.06,AMZN,Momentum Price Action Trend,Momentum + Price Action Trend,EMA + VWAP + Premarket High,Signal Selector -> Policy Critic -> Risk Governor -> Execution Router,Approved,Bracket Order / Core Session,Setup EMA + VWAP + Premarket High -> Policy Approved -> Entry 268.35 / Stop 259.61 / Target 285.83 -> Route Bracket Order / Core Session,2026-05-21,80,74,45,100,55,70,80,HeavyTradingModel-v2,0.0,0.0,Qualified,"Volume accelerating, EMA stack intact, Above VWAP, Intraday expansion, Close near high, Not extended from EMA 9, ORB confirmed, Setup: EMA + VWAP + Premarket High, Breakout via premarket_high, SPY above VWAP, ML score 74, Catalyst score 45, Regime score 100, Liquidity score 55, Final score 70, AI confidence 80, Setup fit 92, Trend quality 91, ML 74, Catalyst 45, Regime 100, Memory 100, Anomaly 32, Confidence 80. AMZN matches EMA + VWAP + Premarket High. EMA 9/21/50 stack is aligned. price is holding above VWAP. volume is expanding. SPY regime is supportive. breakout is confirmed through premarket high. predicted win probability 0%. expected return 0.00R. Model rejects the trade because win probability is too low., AI decision Qualified",0.9,1965911,268.35,6.35,2.44,0.47,True,True,True,True,True,True,True,False,False,True,premarket_high
103.47,94.8,120.81,101.45,end_of_day,115,-232.3,-0.23,8.38,-1.95,META,Momentum Price Action Trend,Momentum + Price Action Trend,EMA + VWAP + ORB,Signal Selector -> Policy Critic -> Risk Governor -> Execution Router,Approved,Bracket Order / Core Session,Setup EMA + VWAP + ORB -> Policy Approved -> Entry 103.47 / Stop 94.80 / Target 120.81 -> Route Bracket Order / Core Session,2022-11-09,105,89,45,100,80,73,81,HeavyTradingModel-v2,0.0,0.0,Qualified,"RVOL strong, Volume accelerating, EMA stack intact, Above VWAP, Intraday expansion, Not extended from EMA 9, First 5m bullish, First 5m above VWAP, ORB confirmed, Setup: EMA + VWAP + ORB, Breakout via premarket_high, SPY above VWAP, ML score 89, Catalyst score 45, Regime score 100, Liquidity score 80, Final score 73, AI confidence 81, Setup fit 96, Trend quality 81, ML 89, Catalyst 45, Regime 100, Memory 50, Anomaly 65, Confidence 81. META matches EMA + VWAP + ORB. EMA 9/21/50 stack is aligned. price is holding above VWAP. volume is expanding. SPY regime is supportive. breakout is confirmed through premarket high. predicted win probability 0%. expected return 0.00R. Model rejects the trade because win probability is too low., AI decision Qualified",5.66,1750758,103.47,7.68,2.08,1.02,True,True,True,True,True,False,True,True,True,True,premarket_high
104.62,101.22,111.44,104.75,end_of_day,294,38.22,0.04,3.25,0.12,GOOGL,Momentum Price Action Trend,Momentum + Price Action Trend,EMA + VWAP + Premarket High,Signal Selector -> Policy Critic -> Risk Governor -> Execution Router,Approved,Bracket Order / Core Session,Setup EMA + VWAP + Premarket High -> Policy Approved -> Entry 104.62 / Stop 101.22 / Target 111.44 -> Route Bracket Order / Core Session,2023-02-03,100,91,45,100,80,72,81,HeavyTradingModel-v2,0.0,0.0,Qualified,"RVOL strong, Volume accelerating, EMA stack intact, Above VWAP, Intraday expansion, Close near high, Not extended from EMA 9, ORB confirmed, Setup: EMA + VWAP + Premarket High, Breakout via premarket_high, SPY above VWAP, ML score 91, Catalyst score 45, Regime score 100, Liquidity score 80, Final score 72, AI confidence 81, Setup fit 92, Trend quality 88, ML 91, Catalyst 45, Regime 100, Memory 50, Anomaly 57, Confidence 81. GOOGL matches EMA + VWAP + Premarket High. EMA 9/21/50 stack is aligned. price is holding above VWAP. volume is expanding. SPY regime is supportive. breakout is confirmed through premarket high. predicted win probability 0%. expected return 0.00R. Model rejects the trade because win probability is too low., AI decision Qualified",7.0,1015321,104.62,3.41,1.31,1.09,True,True,True,True,True,True,True,False,False,True,premarket_high
104.87,101.19,112.23,107.64,end_of_day,271,750.67,0.75,3.51,2.64,GOOGL,Momentum Price Action Trend,Momentum + Price Action Trend,EMA + VWAP + ORB,Signal Selector -> Policy Critic -> Risk Governor -> Execution Router,Approved,Bracket Order / Core Session,Setup EMA + VWAP + ORB -> Policy Approved -> Entry 104.87 / Stop 101.19 / Target 112.23 -> Route Bracket Order / Core Session,2023-02-07,90,74,45,100,55,70,81,HeavyTradingModel-v2,0.0,0.0,Qualified,"Volume accelerating, EMA stack intact, Above VWAP, Intraday expansion, Close near high, Not extended from EMA 9, First 5m bullish, First 5m above VWAP, ORB confirmed, Setup: EMA + VWAP + ORB, Breakout via premarket_high, SPY above VWAP, ML score 74, Catalyst score 45, Regime score 100, Liquidity score 55, Final score 70, AI confidence 81, Setup fit 96, Trend quality 87, ML 74, Catalyst 45, Regime 100, Memory 91, Anomaly 42, Confidence 81. GOOGL matches EMA + VWAP + ORB. EMA 9/21/50 stack is aligned. price is holding above VWAP. volume is expanding. SPY regime is supportive. breakout is confirmed through premarket high. predicted win probability 0%. expected return 0.00R. Model rejects the trade because win probability is too low., AI decision Qualified",1.36,1052204,104.87,3.68,1.24,0.39,True,True,True,True,True,True,True,True,True,True,premarket_high
94.86,90.7,103.16,94.61,end_of_day,242,-60.5,-0.06,4.39,-0.26,GOOGL,Momentum Price Action Trend,Momentum + Price Action Trend,EMA + VWAP + ORB,Signal Selector -> Policy Critic -> Risk Governor -> Execution Router,Approved,Bracket Order / Core Session,Setup EMA + VWAP + ORB -> Policy Approved -> Entry 94.86 / Stop 90.70 / Target 103.16 -> Route Bracket Order / Core Session,2023-02-13,90,72,45,100,55,70,80,HeavyTradingModel-v2,0.0,0.0,Qualified,"Volume accelerating, EMA stack intact, Above VWAP, Close near high, Not extended from EMA 9, First 5m bullish, First 5m above VWAP, ORB confirmed, Setup: EMA + VWAP + ORB, Breakout via premarket_high, SPY above VWAP, ML score 72, Catalyst score 45, Regime score 100, Liquidity score 55, Final score 70, AI confidence 80, Setup fit 96, Trend quality 85, ML 72, Catalyst 45, Regime 100, Memory 94, Anomaly 40, Confidence 80. GOOGL matches EMA + VWAP + ORB. EMA 9/21/50 stack is aligned. price is holding above VWAP. volume is expanding. SPY regime is supportive. breakout is confirmed through premarket high. predicted win probability 0%. expected return 0.00R. Model rejects the trade because win probability is too low., AI decision Qualified",1.17,1391817,94.86,4.15,0.18,0.34,True,True,True,True,True,True,True,True,True,True,premarket_high
97.4,93.31,105.59,95.55,end_of_day,246,-455.1,-0.45,4.2,-1.9,GOOGL,Momentum Price Action Trend,Momentum + Price Action Trend,EMA + VWAP + ORB,Signal Selector -> Policy Critic -> Risk Governor -> Execution Router,Approved,Bracket Order / Core Session,Setup EMA + VWAP + ORB -> Policy Approved -> Entry 97.40 / Stop 93.31 / Target 105.59 -> Route Bracket Order / Core Session,2023-02-16,90,76,45,100,55,70,81,HeavyTradingModel-v2,0.0,0.0,Qualified,"Volume accelerating, EMA stack intact, Above VWAP, Intraday expansion, Close near high, Not extended from EMA 9, First 5m bullish, First 5m above VWAP, ORB confirmed, Setup: EMA + VWAP + ORB, Breakout via previous_day_high, SPY above VWAP, ML score 76, Catalyst score 45, Regime score 100, Liquidity score 55, Final score 70, AI confidence 81, Setup fit 96, Trend quality 91, ML 76, Catalyst 45, Regime 100, Memory 80, Anomaly 46, Confidence 81. GOOGL matches EMA + VWAP + ORB. EMA 9/21/50 stack is aligned. price is holding above VWAP. volume is expanding. SPY regime is supportive. breakout is confirmed through previous day high. predicted win probability 0%. expected return 0.00R. Model rejects the trade because win probability is too low., AI decision Qualified",1.53,1495129,97.4,4.09,2.42,0.7,True,True,True,True,True,True,True,True,True,True,previous_day_high
173.21,165.94,187.75,170.94,end_of_day,137,-310.99,-0.31,4.2,-1.31,GOOGL,Momentum Price Action Trend,Momentum + Price Action Trend,EMA + VWAP + ORB,Signal Selector -> Policy Critic -> Risk Governor -> Execution Router,Approved,Bracket Order / Core Session,Setup EMA + VWAP + ORB -> Policy Approved -> Entry 173.21 / Stop 165.94 / Target 187.75 -> Route Bracket Order / Core Session,2025-03-04,90,78,45,100,55,70,82,HeavyTradingModel-v2,0.0,0.0,Qualified,"Volume accelerating, EMA stack intact, Above VWAP, Intraday expansion, Close near high, Not extended from EMA 9, First 5m bullish, First 5m above VWAP, ORB confirmed, Setup: EMA + VWAP + ORB, Breakout via premarket_high, SPY above VWAP, ML score 78, Catalyst score 45, Regime score 100, Liquidity score 55, Final score 70, AI confidence 82, Setup fit 96, Trend quality 95, ML 78, Catalyst 45, Regime 100, Memory 71, Anomaly 50, Confidence 82. GOOGL matches EMA + VWAP + ORB. EMA 9/21/50 stack is aligned. price is holding above VWAP. volume is expanding. SPY regime is supportive. breakout is confirmed through premarket high. predicted win probability 0%. expected return 0.00R. Model rejects the trade because win probability is too low., AI decision Qualified",1.39,1184451,173.21,4.42,3.58,0.39,True,True,True,True,True,True,True,True,True,True,premarket_high
155.91,150.68,166.37,157.02,end_of_day,191,212.01,0.21,3.35,0.71,GOOGL,Momentum Price Action Trend,Momentum + Price Action Trend,EMA + VWAP + ORB,Signal Selector -> Policy Critic -> Risk Governor -> Execution Router,Approved,Bracket Order / Core Session,Setup EMA + VWAP + ORB -> Policy Approved -> Entry 155.91 / Stop 150.68 / Target 166.37 -> Route Bracket Order / Core Session,2025-04-01,110,90,45,100,80,74,83,HeavyTradingModel-v2,0.0,0.0,Qualified,"RVOL strong, Volume accelerating, EMA stack intact, Above VWAP, Intraday expansion, Close near high, Not extended from EMA 9, First 5m bullish, First 5m above VWAP, ORB confirmed, Setup: EMA + VWAP + ORB, Breakout via previous_day_high, SPY above VWAP, ML score 90, Catalyst score 45, Regime score 100, Liquidity score 80, Final score 74, AI confidence 83, Setup fit 96, Trend quality 85, ML 90, Catalyst 45, Regime 100, Memory 66, Anomaly 59, Confidence 83. GOOGL matches EMA + VWAP + ORB. EMA 9/21/50 stack is aligned. price is holding above VWAP. volume is expanding. SPY regime is supportive. breakout is confirmed through previous day high. predicted win probability 0%. expected return 0.00R. Model rejects the trade because win probability is too low., AI decision Qualified",5.35,1212440,155.91,4.59,0.63,0.34,True,True,True,True,True,True,True,True,True,True,previous_day_high
150.78,145.83,160.68,145.83,stop_loss,202,-999.9,-1.0,3.28,-3.28,GOOGL,Momentum Price Action Trend,Momentum + Price Action Trend,EMA + VWAP + Premarket High,Signal Selector -> Policy Critic -> Risk Governor -> Execution Router,Approved,Bracket Order / Core Session,Setup EMA + VWAP + Premarket High -> Policy Approved -> Entry 150.78 / Stop 145.83 / Target 160.68 -> Route Bracket Order / Core Session,2025-04-04,100,83,45,100,80,70,80,HeavyTradingModel-v2,0.0,0.0,Qualified,"RVOL strong, Volume accelerating, EMA stack intact, Above VWAP, Intraday expansion, Close near high, Not extended from EMA 9, ORB confirmed, Setup: EMA + VWAP + Premarket High, Breakout via premarket_high, SPY above VWAP, ML score 83, Catalyst score 45, Regime score 100, Liquidity score 80, Final score 70, AI confidence 80, Setup fit 92, Trend quality 87, ML 83, Catalyst 45, Regime 100, Memory 72, Anomaly 38, Confidence 80. GOOGL matches EMA + VWAP + Premarket High. EMA 9/21/50 stack is aligned. price is holding above VWAP. volume is expanding. SPY regime is supportive. breakout is confirmed through premarket high. predicted win probability 0%. expected return 0.00R. Model rejects the trade because win probability is too low., AI decision Qualified",4.15,1270558,150.78,4.95,1.07,1.11,True,True,True,True,True,True,True,False,False,True,premarket_high
148.41,140.74,163.75,146.58,end_of_day,129,-236.07,-0.24,5.17,-1.23,GOOGL,Momentum Price Action Trend,Momentum + Price Action Trend,EMA + VWAP + Premarket High,Signal Selector -> Policy Critic -> Risk Governor -> Execution Router,Approved,Bracket Order / Core Session,Setup EMA + VWAP + Premarket High -> Policy Approved -> Entry 148.41 / Stop 140.74 / Target 163.75 -> Route Bracket Order / Core Session,2025-04-07,100,86,45,100,70,71,82,HeavyTradingModel-v2,0.0,0.0,Qualified,"RVOL strong, Volume accelerating, EMA stack intact, Above VWAP, Intraday expansion, Close near high, Not extended from EMA 9, ORB confirmed, Setup: EMA + VWAP + Premarket High, Breakout via premarket_high, SPY above VWAP, ML score 86, Catalyst score 45, Regime score 100, Liquidity score 70, Final score 71, AI confidence 82, Setup fit 92, Trend quality 99, ML 86, Catalyst 45, Regime 100, Memory 65, Anomaly 45, Confidence 82. GOOGL matches EMA + VWAP + Premarket High. EMA 9/21/50 stack is aligned. price is holding above VWAP. volume is expanding. SPY regime is supportive. breakout is confirmed through premarket high. predicted win probability 0%. expected return 0.00R. Model rejects the trade because win probability is too low., AI decision Qualified",3.37,1333498,148.41,5.28,4.66,1.36,True,True,True,True,True,True,True,False,False,True,premarket_high
152.36,143.06,170.96,158.73,end_of_day,106,675.22,0.68,6.1,4.18,GOOGL,Momentum Price Action Trend,Momentum + Price Action Trend,EMA + VWAP + ORB,Signal Selector -> Policy Critic -> Risk Governor -> Execution Router,Approved,Bracket Order / Core Session,Setup EMA + VWAP + ORB -> Policy Approved -> Entry 152.36 / Stop 143.06 / Target 170.96 -> Route Bracket Order / Core Session,2025-04-09,90,81,45,100,55,70,83,HeavyTradingModel-v2,0.0,0.0,Qualified,"Volume accelerating, EMA stack intact, Above VWAP, Intraday expansion, Close near high, Not extended from EMA 9, First 5m bullish, First 5m above VWAP, ORB confirmed, Setup: EMA + VWAP + ORB, Breakout via previous_day_high, SPY above VWAP, ML score 81, Catalyst score 45, Regime score 100, Liquidity score 55, Final score 70, AI confidence 83, Setup fit 96, Trend quality 100, ML 81, Catalyst 45, Regime 100, Memory 62, Anomaly 56, Confidence 83. GOOGL matches EMA + VWAP + ORB. EMA 9/21/50 stack is aligned. price is holding above VWAP. volume is expanding. SPY regime is supportive. breakout is confirmed through previous day high. predicted win probability 0%. expected return 0.00R. Model rejects the trade because win probability is too low., AI decision Qualified",1.28,1461414,152.36,6.4,5.32,2.87,True,True,True,True,True,True,True,True,True,True,previous_day_high
171.88,162.92,189.81,168.57,end_of_day,111,-367.41,-0.37,5.21,-1.93,GOOGL,Momentum Price Action Trend,Momentum + Price Action Trend,EMA + VWAP + ORB,Signal Selector -> Policy Critic -> Risk Governor -> Execution Router,Approved,Bracket Order / Core Session,Setup EMA + VWAP + ORB -> Policy Approved -> Entry 171.88 / Stop 162.92 / Target 189.81 -> Route Bracket Order / Core Session,2025-05-21,90,79,45,100,55,70,82,HeavyTradingModel-v2,0.0,0.0,Qualified,"Volume accelerating, EMA stack intact, Above VWAP, Intraday expansion, Close near high, Not extended from EMA 9, First 5m bullish, First 5m above VWAP, ORB confirmed, Setup: EMA + VWAP + ORB, Breakout via previous_day_high, SPY above VWAP, ML score 79, Catalyst score 45, Regime score 100, Liquidity score 55, Final score 70, AI confidence 82, Setup fit 96, Trend quality 97, ML 79, Catalyst 45, Regime 100, Memory 69, Anomaly 52, Confidence 82. GOOGL matches EMA + VWAP + ORB. EMA 9/21/50 stack is aligned. price is holding above VWAP. volume is expanding. SPY regime is supportive. breakout is confirmed through previous day high. predicted win probability 0%. expected return 0.00R. Model rejects the trade because win probability is too low., AI decision Qualified",2.36,1468774,171.88,5.66,4.22,0.89,True,True,True,True,True,True,True,True,True,True,previous_day_high
174.4,163.67,195.86,170.85,end_of_day,92,-326.6,-0.33,6.15,-2.04,GOOGL,Momentum Price Action Trend,Momentum + Price Action Trend,EMA + VWAP + ORB,Signal Selector -> Policy Critic -> Risk Governor -> Execution Router,Approved,Bracket Order / Core Session,Setup EMA + VWAP + ORB -> Policy Approved -> Entry 174.40 / Stop 163.67 / Target 195.86 -> Route Bracket Order / Core Session,2025-05-22,110,85,45,100,70,71,82,HeavyTradingModel-v2,0.0,0.0,Qualified,"RVOL strong, Volume accelerating, EMA stack intact, Above VWAP, Intraday expansion, Close near high, Not extended from EMA 9, First 5m bullish, First 5m above VWAP, ORB confirmed, Setup: EMA + VWAP + ORB, Breakout via previous_day_high, SPY above VWAP, ML score 85, Catalyst score 45, Regime score 100, Liquidity score 70, Final score 71, AI confidence 82, Setup fit 96, Trend quality 89, ML 85, Catalyst 45, Regime 100, Memory 66, Anomaly 52, Confidence 82. GOOGL matches EMA + VWAP + ORB. EMA 9/21/50 stack is aligned. price is holding above VWAP. volume is expanding. SPY regime is supportive. breakout is confirmed through previous day high. predicted win probability 0%. expected return 0.00R. Model rejects the trade because win probability is too low., AI decision Qualified",3.62,1519940,174.4,5.98,1.83,1.3,True,True,True,True,True,True,True,True,True,True,previous_day_high
178.56,173.89,187.91,178.63,end_of_day,211,15.82,0.02,2.62,0.04,GOOGL,Momentum Price Action Trend,Momentum + Price Action Trend,EMA + VWAP + ORB,Signal Selector -> Policy Critic -> Risk Governor -> Execution Router,Approved,Bracket Order / Core Session,Setup EMA + VWAP + ORB -> Policy Approved -> Entry 178.56 / Stop 173.89 / Target 187.91 -> Route Bracket Order / Core Session,2025-06-10,95,87,45,68,80,70,76,HeavyTradingModel-v2,0.0,0.0,Qualified,"RVOL strong, Volume accelerating, EMA stack intact, Above VWAP, Intraday expansion, Not extended from EMA 9, First 5m bullish, First 5m above VWAP, ORB confirmed, Setup: EMA + VWAP + ORB, Breakout via previous_day_high, ML score 87, Catalyst score 45, Regime score 68, Liquidity score 80, Final score 70, AI confidence 76, Setup fit 96, Trend quality 78, ML 87, Catalyst 45, Regime 68, Memory 64, Anomaly 70, Confidence 76. GOOGL matches EMA + VWAP + ORB. EMA 9/21/50 stack is aligned. price is holding above VWAP. volume is expanding. breakout is confirmed through previous day high. predicted win probability 0%. expected return 0.00R. Model rejects the trade because win probability is too low., AI decision Qualified",6.87,1315869,178.56,4.67,1.2,0.64,True,True,True,True,False,False,True,True,True,True,previous_day_high
179.09,172.83,191.61,176.58,end_of_day,158,-396.58,-0.4,3.5,-1.4,GOOGL,Momentum Price Action Trend,Momentum + Price Action Trend,EMA + VWAP + ORB,Signal Selector -> Policy Critic -> Risk Governor -> Execution Router,Approved,Bracket Order / Core Session,Setup EMA + VWAP + ORB -> Policy Approved -> Entry 179.09 / Stop 172.83 / Target 191.61 -> Route Bracket Order / Core Session,2025-07-09,110,85,45,100,70,72,82,HeavyTradingModel-v2,0.0,0.0,Qualified,"RVOL strong, Volume accelerating, EMA stack intact, Above VWAP, Intraday expansion, Close near high, Not extended from EMA 9, First 5m bullish, First 5m above VWAP, ORB confirmed, Setup: EMA + VWAP + ORB, Breakout via premarket_high, SPY above VWAP, ML score 85, Catalyst score 45, Regime score 100, Liquidity score 70, Final score 72, AI confidence 82, Setup fit 96, Trend quality 91, ML 85, Catalyst 45, Regime 100, Memory 67, Anomaly 52, Confidence 82. GOOGL matches EMA + VWAP + ORB. EMA 9/21/50 stack is aligned. price is holding above VWAP. volume is expanding. SPY regime is supportive. breakout is confirmed through premarket high. predicted win probability 0%. expected return 0.00R. Model rejects the trade because win probability is too low., AI decision Qualified",3.55,1085412,179.09,4.84,2.17,1.03,True,True,True,True,True,True,True,True,True,True,premarket_high
189.33,183.72,200.55,190.16,end_of_day,175,145.25,0.15,2.96,0.44,GOOGL,Momentum Price Action Trend,Momentum + Price Action Trend,EMA + VWAP + ORB,Signal Selector -> Policy Critic -> Risk Governor -> Execution Router,Approved,Bracket Order / Core Session,Setup EMA + VWAP + ORB -> Policy Approved -> Entry 189.33 / Stop 183.72 / Target 200.55 -> Route Bracket Order / Core Session,2025-07-21,105,84,45,100,80,71,80,HeavyTradingModel-v2,0.0,0.0,Qualified,"RVOL strong, Volume accelerating, EMA stack intact, Above VWAP, Intraday expansion, Not extended from EMA 9, First 5m bullish, First 5m above VWAP, ORB confirmed, Setup: EMA + VWAP + ORB, Breakout via premarket_high, SPY above VWAP, ML score 84, Catalyst score 45, Regime score 100, Liquidity score 80, Final score 71, AI confidence 80, Setup fit 96, Trend quality 76, ML 84, Catalyst 45, Regime 100, Memory 64, Anomaly 56, Confidence 80. GOOGL matches EMA + VWAP + ORB. EMA 9/21/50 stack is aligned. price is holding above VWAP. volume is expanding. SPY regime is supportive. breakout is confirmed through premarket high. predicted win probability 0%. expected return 0.00R. Model rejects the trade because win probability is too low., AI decision Qualified",4.91,1105393,189.33,3.83,0.8,0.75,True,True,True,True,True,False,True,True,True,True,premarket_high
301.55,278.27,348.11,292.78,end_of_day,42,-368.34,-0.38,7.72,-2.91,GOOGL,Momentum Price Action Trend,Momentum + Price Action Trend,EMA + VWAP + ORB,Signal Selector -> Policy Critic -> Risk Governor -> Execution Router,Approved,Bracket Order / Core Session,Setup EMA + VWAP + ORB -> Policy Approved -> Entry 301.55 / Stop 278.27 / Target 348.11 -> Route Bracket Order / Core Session,2025-11-19,110,93,45,100,80,76,85,HeavyTradingModel-v2,0.0,0.0,Qualified,"RVOL strong, Volume accelerating, EMA stack intact, Above VWAP, Intraday expansion, Close near high, Not extended from EMA 9, First 5m bullish, First 5m above VWAP, ORB confirmed, Setup: EMA + VWAP + ORB, Breakout via premarket_high, SPY above VWAP, ML score 93, Catalyst score 45, Regime score 100, Liquidity score 80, Final score 76, AI confidence 85, Setup fit 96, Trend quality 94, ML 93, Catalyst 45, Regime 100, Memory 67, Anomaly 65, Confidence 85. GOOGL matches EMA + VWAP + ORB. EMA 9/21/50 stack is aligned. price is holding above VWAP. volume is expanding. SPY regime is supportive. breakout is confirmed through premarket high. predicted win probability 0%. expected return 0.00R. Model rejects the trade because win probability is too low., AI decision Qualified",5.06,1288616,301.55,9.79,3.11,1.39,True,True,True,True,True,True,True,True,True,True,premarket_high
322.83,312.42,343.65,332.3,end_of_day,94,890.18,0.91,3.22,2.93,GOOGL,Momentum Price Action Trend,Momentum + Price Action Trend,EMA + VWAP + ORB,Signal Selector -> Policy Critic -> Risk Governor -> Execution Router,Approved,Bracket Order / Core Session,Setup EMA + VWAP + ORB -> Policy Approved -> Entry 322.83 / Stop 312.42 / Target 343.65 -> Route Bracket Order / Core Session,2026-02-05,110,83,45,100,70,70,82,HeavyTradingModel-v2,0.0,0.0,Qualified,"RVOL strong, Volume accelerating, EMA stack intact, Above VWAP, Intraday expansion, Close near high, Not extended from EMA 9, First 5m bullish, First 5m above VWAP, ORB confirmed, Setup: EMA + VWAP + ORB, Breakout via premarket_high, SPY above VWAP, ML score 83, Catalyst score 45, Regime score 100, Liquidity score 70, Final score 70, AI confidence 82, Setup fit 96, Trend quality 92, ML 83, Catalyst 45, Regime 100, Memory 65, Anomaly 50, Confidence 82. GOOGL matches EMA + VWAP + ORB. EMA 9/21/50 stack is aligned. price is holding above VWAP. volume is expanding. SPY regime is supportive. breakout is confirmed through premarket high. predicted win probability 0%. expected return 0.00R. Model rejects the trade because win probability is too low., AI decision Qualified",2.96,1076465,322.83,10.41,2.52,0.24,True,True,True,True,True,True,True,True,True,True,premarket_high
144.56,127.4,178.88,143.81,end_of_day,58,-43.5,-0.04,11.87,-0.52,TSLA,Momentum Price Action Trend,Momentum + Price Action Trend,EMA + VWAP + ORB,Signal Selector -> Policy Critic -> Risk Governor -> Execution Router,Approved,Bracket Order / Core Session,Setup EMA + VWAP + ORB -> Policy Approved -> Entry 144.56 / Stop 127.40 / Target 178.88 -> Route Bracket Order / Core Session,2023-01-23,90,82,45,100,55,70,82,HeavyTradingModel-v2,0.0,0.0,Qualified,"Volume accelerating, EMA stack intact, Above VWAP, Intraday expansion, Close near high, Not extended from EMA 9, First 5m bullish, First 5m above VWAP, ORB confirmed, Setup: EMA + VWAP + ORB, Breakout via previous_day_high, SPY above VWAP, ML score 82, Catalyst score 45, Regime score 100, Liquidity score 55, Final score 70, AI confidence 82, Setup fit 96, Trend quality 100, ML 82, Catalyst 45, Regime 100, Memory 50, Anomaly 61, Confidence 82. TSLA matches EMA + VWAP + ORB. EMA 9/21/50 stack is aligned. price is holding above VWAP. volume is expanding. SPY regime is supportive. breakout is confirmed through previous day high. predicted win probability 0%. expected return 0.00R. Model rejects the trade because win probability is too low., AI decision Qualified",0.82,1999499,144.56,9.12,6.89,0.7,True,True,True,True,True,True,True,True,True,True,previous_day_high
312.89,285.64,367.4,320.41,end_of_day,36,270.72,0.28,8.71,2.4,TSLA,Momentum Price Action Trend,Momentum + Price Action Trend,EMA + VWAP + ORB,Signal Selector -> Policy Critic -> Risk Governor -> Execution Router,Approved,Bracket Order / Core Session,Setup EMA + VWAP + ORB -> Policy Approved -> Entry 312.89 / Stop 285.64 / Target 367.40 -> Route Bracket Order / Core Session,2024-11-08,110,89,45,100,70,71,82,HeavyTradingModel-v2,0.0,0.0,Qualified,"RVOL strong, Volume accelerating, EMA stack intact, Above VWAP, Intraday expansion, Close near high, Not extended from EMA 9, First 5m bullish, First 5m above VWAP, ORB confirmed, Setup: EMA + VWAP + ORB, Breakout via previous_day_high, SPY above VWAP, ML score 89, Catalyst score 45, Regime score 100, Liquidity score 70, Final score 71, AI confidence 82, Setup fit 96, Trend quality 95, ML 89, Catalyst 45, Regime 100, Memory 45, Anomaly 58, Confidence 82. TSLA matches EMA + VWAP + ORB. EMA 9/21/50 stack is aligned. price is holding above VWAP. volume is expanding. SPY regime is supportive. breakout is confirmed through previous day high. predicted win probability 0%. expected return 0.00R. Model rejects the trade because win probability is too low., AI decision Qualified",3.77,1065845,312.89,16.02,3.58,1.43,True,True,True,True,True,True,True,True,True,True,previous_day_high
235.6,214.2,278.41,230.55,end_of_day,46,-232.3,-0.24,9.08,-2.14,TSLA,Momentum Price Action Trend,Momentum + Price Action Trend,EMA + VWAP + ORB,Signal Selector -> Policy Critic -> Risk Governor -> Execution Router,Approved,Bracket Order / Core Session,Setup EMA + VWAP + ORB -> Policy Approved -> Entry 235.60 / Stop 214.20 / Target 278.41 -> Route Bracket Order / Core Session,2025-03-11,90,81,45,100,55,71,83,HeavyTradingModel-v2,0.0,0.0,Qualified,"Volume accelerating, EMA stack intact, Above VWAP, Intraday expansion, Close near high, Not extended from EMA 9, First 5m bullish, First 5m above VWAP, ORB confirmed, Setup: EMA + VWAP + ORB, Breakout via premarket_high, SPY above VWAP, ML score 81, Catalyst score 45, Regime score 100, Liquidity score 55, Final score 71, AI confidence 83, Setup fit 96, Trend quality 100, ML 81, Catalyst 45, Regime 100, Memory 70, Anomaly 55, Confidence 83. TSLA matches EMA + VWAP + ORB. EMA 9/21/50 stack is aligned. price is holding above VWAP. volume is expanding. SPY regime is supportive. breakout is confirmed through premarket high. predicted win probability 0%. expected return 0.00R. Model rejects the trade because win probability is too low., AI decision Qualified",2.11,1179686,235.6,21.4,5.1,1.14,True,True,True,True,True,True,True,True,True,True,premarket_high
272.55,234.81,348.03,278.43,end_of_day,26,152.88,0.16,13.85,2.16,TSLA,Momentum Price Action Trend,Momentum + Price Action Trend,EMA + VWAP + ORB,Signal Selector -> Policy Critic -> Risk Governor -> Execution Router,Approved,Bracket Order / Core Session,Setup EMA + VWAP + ORB -> Policy Approved -> Entry 272.55 / Stop 234.81 / Target 348.03 -> Route Bracket Order / Core Session,2025-03-24,110,85,45,100,70,71,83,HeavyTradingModel-v2,0.0,0.0,Qualified,"RVOL strong, Volume accelerating, EMA stack intact, Above VWAP, Intraday expansion, Close near high, Not extended from EMA 9, First 5m bullish, First 5m above VWAP, ORB confirmed, Setup: EMA + VWAP + ORB, Breakout via premarket_high, SPY above VWAP, ML score 85, Catalyst score 45, Regime score 100, Liquidity score 70, Final score 71, AI confidence 83, Setup fit 96, Trend quality 97, ML 85, Catalyst 45, Regime 100, Memory 62, Anomaly 53, Confidence 83. TSLA matches EMA + VWAP + ORB. EMA 9/21/50 stack is aligned. price is holding above VWAP. volume is expanding. SPY regime is supportive. breakout is confirmed through premarket high. predicted win probability 0%. expected return 0.00R. Model rejects the trade because win probability is too low., AI decision Qualified",2.68,1449890,272.55,18.29,4.01,0.29,True,True,True,True,True,True,True,True,True,True,premarket_high
250.1,232.81,284.69,259.14,end_of_day,57,515.28,0.52,6.91,3.61,TSLA,Momentum Price Action Trend,Momentum + Price Action Trend,EMA + VWAP + ORB,Signal Selector -> Policy Critic -> Risk Governor -> Execution Router,Approved,Bracket Order / Core Session,Setup EMA + VWAP + ORB -> Policy Approved -> Entry 250.10 / Stop 232.81 / Target 284.69 -> Route Bracket Order / Core Session,2025-03-31,105,84,45,100,80,73,81,HeavyTradingModel-v2,0.0,0.0,Qualified,"RVOL strong, Volume accelerating, EMA stack intact, Above VWAP, Intraday expansion, Not extended from EMA 9, First 5m bullish, First 5m above VWAP, ORB confirmed, Setup: EMA + VWAP + ORB, Breakout via premarket_high, SPY above VWAP, ML score 84, Catalyst score 45, Regime score 100, Liquidity score 80, Final score 73, AI confidence 81, Setup fit 96, Trend quality 81, ML 84, Catalyst 45, Regime 100, Memory 71, Anomaly 58, Confidence 81. TSLA matches EMA + VWAP + ORB. EMA 9/21/50 stack is aligned. price is holding above VWAP. volume is expanding. SPY regime is supportive. breakout is confirmed through premarket high. predicted win probability 0%. expected return 0.00R. Model rejects the trade because win probability is too low., AI decision Qualified",4.4,1518786,250.1,17.29,2.17,0.97,True,True,True,True,True,False,True,True,True,True,premarket_high
264.68,246.31,301.41,282.7,end_of_day,54,973.08,0.98,6.94,6.81,TSLA,Momentum Price Action Trend,Momentum + Price Action Trend,EMA + VWAP + ORB,Signal Selector -> Policy Critic -> Risk Governor -> Execution Router,Approved,Bracket Order / Core Session,Setup EMA + VWAP + ORB -> Policy Approved -> Entry 264.68 / Stop 246.31 / Target 301.41 -> Route Bracket Order / Core Session,2025-04-02,90,79,45,100,55,71,83,HeavyTradingModel-v2,0.0,0.0,Qualified,"Volume accelerating, EMA stack intact, Above VWAP, Intraday expansion, Close near high, Not extended from EMA 9, First 5m bullish, First 5m above VWAP, ORB confirmed, Setup: EMA + VWAP + ORB, Breakout via premarket_high, SPY above VWAP, ML score 79, Catalyst score 45, Regime score 100, Liquidity score 55, Final score 71, AI confidence 83, Setup fit 96, Trend quality 97, ML 79, Catalyst 45, Regime 100, Memory 78, Anomaly 52, Confidence 83. TSLA matches EMA + VWAP + ORB. EMA 9/21/50 stack is aligned. price is holding above VWAP. volume is expanding. SPY regime is supportive. breakout is confirmed through premarket high. predicted win probability 0%. expected return 0.00R. Model rejects the trade because win probability is too low., AI decision Qualified",1.76,1603429,264.68,18.37,4.08,0.66,True,True,True,True,True,True,True,True,True,True,premarket_high
244.43,217.67,297.94,234.5,end_of_day,37,-367.41,-0.37,10.95,-4.06,TSLA,Momentum Price Action Trend,Momentum + Price Action Trend,EMA + VWAP + Premarket High,Signal Selector -> Policy Critic -> Risk Governor -> Execution Router,Approved,Bracket Order / Core Session,Setup EMA + VWAP + Premarket High -> Policy Approved -> Entry 244.43 / Stop 217.67 / Target 297.94 -> Route Bracket Order / Core Session,2025-04-07,95,89,45,100,80,77,85,HeavyTradingModel-v2,0.0,0.0,Qualified,"RVOL strong, Volume accelerating, EMA stack intact, Above VWAP, Intraday expansion, Close near high, ORB confirmed, Setup: EMA + VWAP + Premarket High, Breakout via premarket_high, SPY above VWAP, ML score 89, Catalyst score 45, Regime score 100, Liquidity score 80, Final score 77, AI confidence 85, Setup fit 92, Trend quality 93, ML 89, Catalyst 45, Regime 100, Memory 85, Anomaly 63, Confidence 85. TSLA matches EMA + VWAP + Premarket High. EMA 9/21/50 stack is aligned. price is holding above VWAP. volume is expanding. SPY regime is supportive. breakout is confirmed through premarket high. predicted win probability 0%. expected return 0.00R. Model rejects the trade because win probability is too low., AI decision Qualified",4.46,1685303,244.43,21.69,9.44,6.58,True,True,True,True,True,True,False,False,False,True,premarket_high
232.49,206.41,284.65,272.44,end_of_day,38,1518.1,1.53,11.22,17.18,TSLA,Momentum Price Action Trend,Momentum + Price Action Trend,EMA + VWAP + ORB,Signal Selector -> Policy Critic -> Risk Governor -> Execution Router,Approved,Bracket Order / Core Session,Setup EMA + VWAP + ORB -> Policy Approved -> Entry 232.49 / Stop 206.41 / Target 284.65 -> Route Bracket Order / Core Session,2025-04-09,105,77,45,100,70,70,80,HeavyTradingModel-v2,0.0,0.0,Qualified,"RVOL strong, Volume accelerating, EMA stack intact, Above VWAP, Intraday expansion, Not extended from EMA 9, First 5m bullish, First 5m above VWAP, ORB confirmed, Setup: EMA + VWAP + ORB, Breakout via premarket_high, SPY above VWAP, ML score 77, Catalyst score 45, Regime score 100, Liquidity score 70, Final score 70, AI confidence 80, Setup fit 96, Trend quality 81, ML 77, Catalyst 45, Regime 100, Memory 80, Anomaly 47, Confidence 80. TSLA matches EMA + VWAP + ORB. EMA 9/21/50 stack is aligned. price is holding above VWAP. volume is expanding. SPY regime is supportive. breakout is confirmed through premarket high. predicted win probability 0%. expected return 0.00R. Model rejects the trade because win probability is too low., AI decision Qualified",2.83,1732233,232.49,26.08,2.11,1.19,True,True,True,True,True,False,True,True,True,True,premarket_high
239.24,214.59,288.53,237.94,end_of_day,41,-53.1,-0.05,10.3,-0.54,TSLA,Momentum Price Action Trend,Momentum + Price Action Trend,EMA + VWAP + ORB,Signal Selector -> Policy Critic -> Risk Governor -> Execution Router,Approved,Bracket Order / Core Session,Setup EMA + VWAP + ORB -> Policy Approved -> Entry 239.24 / Stop 214.59 / Target 288.53 -> Route Bracket Order / Core Session,2025-04-22,90,77,45,100,55,72,83,HeavyTradingModel-v2,0.0,0.0,Qualified,"Volume accelerating, EMA stack intact, Above VWAP, Intraday expansion, Close near high, Not extended from EMA 9, First 5m bullish, First 5m above VWAP, ORB confirmed, Setup: EMA + VWAP + ORB, Breakout via previous_day_high, SPY above VWAP, ML score 77, Catalyst score 45, Regime score 100, Liquidity score 55, Final score 72, AI confidence 83, Setup fit 96, Trend quality 94, ML 77, Catalyst 45, Regime 100, Memory 89, Anomaly 49, Confidence 83. TSLA matches EMA + VWAP + ORB. EMA 9/21/50 stack is aligned. price is holding above VWAP. volume is expanding. SPY regime is supportive. breakout is confirmed through previous day high. predicted win probability 0%. expected return 0.00R. Model rejects the trade because win probability is too low., AI decision Qualified",0.78,1830349,239.24,24.65,3.14,0.7,True,True,True,True,True,True,True,True,True,True,previous_day_high
267.33,244.6,312.78,285.17,end_of_day,45,802.8,0.78,8.5,6.67,TSLA,Momentum Price Action Trend,Momentum + Price Action Trend,EMA + VWAP + ORB,Signal Selector -> Policy Critic -> Risk Governor -> Execution Router,Approved,Bracket Order / Core Session,Setup EMA + VWAP + ORB -> Policy Approved -> Entry 267.33 / Stop 244.60 / Target 312.78 -> Route Bracket Order / Core Session,2025-04-25,90,76,45,100,55,70,81,HeavyTradingModel-v2,0.0,0.0,Qualified,"Volume accelerating, EMA stack intact, Above VWAP, Intraday expansion, Close near high, Not extended from EMA 9, First 5m bullish, First 5m above VWAP, ORB confirmed, Setup: EMA + VWAP + ORB, Breakout via previous_day_high, SPY above VWAP, ML score 76, Catalyst score 45, Regime score 100, Liquidity score 55, Final score 70, AI confidence 81, Setup fit 96, Trend quality 91, ML 76, Catalyst 45, Regime 100, Memory 86, Anomaly 46, Confidence 81. TSLA matches EMA + VWAP + ORB. EMA 9/21/50 stack is aligned. price is holding above VWAP. volume is expanding. SPY regime is supportive. breakout is confirmed through previous day high. predicted win probability 0%. expected return 0.00R. Model rejects the trade because win probability is too low., AI decision Qualified",1.46,1767213,267.33,22.73,2.23,1.43,True,True,True,True,True,True,True,True,True,True,previous_day_high
293.98,277.59,326.76,287.17,end_of_day,63,-429.03,-0.42,5.58,-2.32,TSLA,Momentum Price Action Trend,Momentum + Price Action Trend,EMA + VWAP + Previous Day High,Signal Selector -> Policy Critic -> Risk Governor -> Execution Router,Approved,Bracket Order / Core Session,Setup EMA + VWAP + Previous Day High -> Policy Approved -> Entry 293.98 / Stop 277.59 / Target 326.76 -> Route Bracket Order / Core Session,2025-05-02,80,75,45,100,55,70,81,HeavyTradingModel-v2,0.0,0.0,Qualified,"Volume accelerating, EMA stack intact, Above VWAP, Intraday expansion, Close near high, Not extended from EMA 9, ORB confirmed, Setup: EMA + VWAP + Previous Day High, Breakout via previous_day_high, SPY above VWAP, ML score 75, Catalyst score 45, Regime score 100, Liquidity score 55, Final score 70, AI confidence 81, Setup fit 92, Trend quality 95, ML 75, Catalyst 45, Regime 100, Memory 92, Anomaly 36, Confidence 81. TSLA matches EMA + VWAP + Previous Day High. EMA 9/21/50 stack is aligned. price is holding above VWAP. volume is expanding. SPY regime is supportive. breakout is confirmed through previous day high. predicted win probability 0%. expected return 0.00R. Model rejects the trade because win probability is too low., AI decision Qualified",0.66,1584345,293.98,16.39,3.47,0.86,True,True,True,True,True,True,True,False,False,True,previous_day_high
289.45,271.03,326.31,284.94,end_of_day,55,-248.05,-0.24,6.36,-1.56,TSLA,Momentum Price Action Trend,Momentum + Price Action Trend,EMA + VWAP + ORB,Signal Selector -> Policy Critic -> Risk Governor -> Execution Router,Approved,Bracket Order / Core Session,Setup EMA + VWAP + ORB -> Policy Approved -> Entry 289.45 / Stop 271.03 / Target 326.31 -> Route Bracket Order / Core Session,2025-05-08,90,75,45,100,55,70,81,HeavyTradingModel-v2,0.0,0.0,Qualified,"Volume accelerating, EMA stack intact, Above VWAP, Intraday expansion, Close near high, Not extended from EMA 9, First 5m bullish, First 5m above VWAP, ORB confirmed, Setup: EMA + VWAP + ORB, Breakout via premarket_high, SPY above VWAP, ML score 75, Catalyst score 45, Regime score 100, Liquidity score 55, Final score 70, AI confidence 81, Setup fit 96, Trend quality 89, ML 75, Catalyst 45, Regime 100, Memory 89, Anomaly 44, Confidence 81. TSLA matches EMA + VWAP + ORB. EMA 9/21/50 stack is aligned. price is holding above VWAP. volume is expanding. SPY regime is supportive. breakout is confirmed through premarket high. predicted win probability 0%. expected return 0.00R. Model rejects the trade because win probability is too low., AI decision Qualified",1.08,1195988,289.45,15.57,1.7,1.29,True,True,True,True,True,True,True,True,True,True,premarket_high
305.28,279.5,356.83,298.21,end_of_day,39,-275.53,-0.27,8.44,-2.31,TSLA,Momentum Price Action Trend,Momentum + Price Action Trend,EMA + VWAP + ORB,Signal Selector -> Policy Critic -> Risk Governor -> Execution Router,Approved,Bracket Order / Core Session,Setup EMA + VWAP + ORB -> Policy Approved -> Entry 305.28 / Stop 279.50 / Target 356.83 -> Route Bracket Order / Core Session,2025-05-09,110,86,45,100,70,75,85,HeavyTradingModel-v2,0.0,0.0,Qualified,"RVOL strong, Volume accelerating, EMA stack intact, Above VWAP, Intraday expansion, Close near high, Not extended from EMA 9, First 5m bullish, First 5m above VWAP, ORB confirmed, Setup: EMA + VWAP + ORB, Breakout via premarket_high, SPY above VWAP, ML score 86, Catalyst score 45, Regime score 100, Liquidity score 70, Final score 75, AI confidence 85, Setup fit 96, Trend quality 93, ML 86, Catalyst 45, Regime 100, Memory 86, Anomaly 55, Confidence 85. TSLA matches EMA + VWAP + ORB. EMA 9/21/50 stack is aligned. price is holding above VWAP. volume is expanding. SPY regime is supportive. breakout is confirmed through premarket high. predicted win probability 0%. expected return 0.00R. Model rejects the trade because win probability is too low., AI decision Qualified",3.53,1123334,305.28,15.82,2.89,2.27,True,True,True,True,True,True,True,True,True,True,premarket_high
341.72,326.73,371.69,342.01,end_of_day,68,19.72,0.02,4.39,0.08,TSLA,Momentum Price Action Trend,Momentum + Price Action Trend,EMA + VWAP + ORB,Signal Selector -> Policy Critic -> Risk Governor -> Execution Router,Approved,Bracket Order / Core Session,Setup EMA + VWAP + ORB -> Policy Approved -> Entry 341.72 / Stop 326.73 / Target 371.69 -> Route Bracket Order / Core Session,2025-05-19,90,75,45,100,55,70,81,HeavyTradingModel-v2,0.0,0.0,Qualified,"Volume accelerating, EMA stack intact, Above VWAP, Intraday expansion, Close near high, Not extended from EMA 9, First 5m bullish, First 5m above VWAP, ORB confirmed, Setup: EMA + VWAP + ORB, Breakout via premarket_high, SPY above VWAP, ML score 75, Catalyst score 45, Regime score 100, Liquidity score 55, Final score 70, AI confidence 81, Setup fit 96, Trend quality 90, ML 75, Catalyst 45, Regime 100, Memory 84, Anomaly 45, Confidence 81. TSLA matches EMA + VWAP + ORB. EMA 9/21/50 stack is aligned. price is holding above VWAP. volume is expanding. SPY regime is supportive. breakout is confirmed through premarket high. predicted win probability 0%. expected return 0.00R. Model rejects the trade because win probability is too low., AI decision Qualified",0.57,1058141,341.72,14.99,2.1,0.51,True,True,True,True,True,True,True,True,True,True,premarket_high
343.88,329.12,373.4,340.79,end_of_day,69,-213.21,-0.21,4.29,-0.9,TSLA,Momentum Price Action Trend,Momentum + Price Action Trend,EMA + VWAP + ORB,Signal Selector -> Policy Critic -> Risk Governor -> Execution Router,Approved,Bracket Order / Core Session,Setup EMA + VWAP + ORB -> Policy Approved -> Entry 343.88 / Stop 329.12 / Target 373.40 -> Route Bracket Order / Core Session,2025-05-22,90,78,45,100,55,72,83,HeavyTradingModel-v2,0.0,0.0,Qualified,"Volume accelerating, EMA stack intact, Above VWAP, Intraday expansion, Close near high, Not extended from EMA 9, First 5m bullish, First 5m above VWAP, ORB confirmed, Setup: EMA + VWAP + ORB, Breakout via premarket_high, SPY above VWAP, ML score 78, Catalyst score 45, Regime score 100, Liquidity score 55, Final score 72, AI confidence 83, Setup fit 96, Trend quality 95, ML 78, Catalyst 45, Regime 100, Memory 86, Anomaly 50, Confidence 83. TSLA matches EMA + VWAP + ORB. EMA 9/21/50 stack is aligned. price is holding above VWAP. volume is expanding. SPY regime is supportive. breakout is confirmed through premarket high. predicted win probability 0%. expected return 0.00R. Model rejects the trade because win probability is too low., AI decision Qualified",0.97,1000546,343.88,14.76,3.58,0.71,True,True,True,True,True,True,True,True,True,True,premarket_high
295.33,276.07,333.86,308.56,end_of_day,53,701.19,0.69,6.52,4.48,TSLA,Momentum Price Action Trend,Momentum + Price Action Trend,EMA + VWAP + ORB,Signal Selector -> Policy Critic -> Risk Governor -> Execution Router,Approved,Bracket Order / Core Session,Setup EMA + VWAP + ORB -> Policy Approved -> Entry 295.33 / Stop 276.07 / Target 333.86 -> Route Bracket Order / Core Session,2025-06-09,85,74,45,100,55,70,81,HeavyTradingModel-v2,0.0,0.0,Qualified,"Volume accelerating, EMA stack intact, Above VWAP, Intraday expansion, Not extended from EMA 9, First 5m bullish, First 5m above VWAP, ORB confirmed, Setup: EMA + VWAP + ORB, Breakout via premarket_high, SPY above VWAP, ML score 74, Catalyst score 45, Regime score 100, Liquidity score 55, Final score 70, AI confidence 81, Setup fit 96, Trend quality 86, ML 74, Catalyst 45, Regime 100, Memory 85, Anomaly 51, Confidence 81. TSLA matches EMA + VWAP + ORB. EMA 9/21/50 stack is aligned. price is holding above VWAP. volume is expanding. SPY regime is supportive. breakout is confirmed through premarket high. predicted win probability 0%. expected return 0.00R. Model rejects the trade because win probability is too low., AI decision Qualified",1.77,1093943,295.33,19.26,3.76,0.09,True,True,True,True,True,False,True,True,True,True,premarket_high
319.56,281.9,394.87,326.58,end_of_day,27,189.54,0.19,11.78,2.2,TSLA,Momentum Price Action Trend,Momentum + Price Action Trend,EMA + VWAP + ORB,Signal Selector -> Policy Critic -> Risk Governor -> Execution Router,Approved,Bracket Order / Core Session,Setup EMA + VWAP + ORB -> Policy Approved -> Entry 319.56 / Stop 281.90 / Target 394.87 -> Route Bracket Order / Core Session,2025-06-10,90,76,45,100,55,71,82,HeavyTradingModel-v2,0.0,0.0,Qualified,"Volume accelerating, EMA stack intact, Above VWAP, Intraday expansion, Close near high, Not extended from EMA 9, First 5m bullish, First 5m above VWAP, ORB confirmed, Setup: EMA + VWAP + ORB, Breakout via premarket_high, SPY above VWAP, ML score 76, Catalyst score 45, Regime score 100, Liquidity score 55, Final score 71, AI confidence 82, Setup fit 96, Trend quality 91, ML 76, Catalyst 45, Regime 100, Memory 90, Anomaly 46, Confidence 82. TSLA matches EMA + VWAP + ORB. EMA 9/21/50 stack is aligned. price is holding above VWAP. volume is expanding. SPY regime is supportive. breakout is confirmed through premarket high. predicted win probability 0%. expected return 0.00R. Model rejects the trade because win probability is too low., AI decision Qualified",1.35,1085782,319.56,19.68,2.3,0.91,True,True,True,True,True,True,True,True,True,True,premarket_high
321.09,300.88,361.5,325.27,end_of_day,51,213.18,0.21,6.29,1.3,TSLA,Momentum Price Action Trend,Momentum + Price Action Trend,EMA + VWAP + ORB,Signal Selector -> Policy Critic -> Risk Governor -> Execution Router,Approved,Bracket Order / Core Session,Setup EMA + VWAP + ORB -> Policy Approved -> Entry 321.09 / Stop 300.88 / Target 361.50 -> Route Bracket Order / Core Session,2025-06-13,90,74,45,100,55,70,81,HeavyTradingModel-v2,0.0,0.0,Qualified,"Volume accelerating, EMA stack intact, Above VWAP, Intraday expansion, Close near high, Not extended from EMA 9, First 5m bullish, First 5m above VWAP, ORB confirmed, Setup: EMA + VWAP + ORB, Breakout via premarket_high, SPY above VWAP, ML score 74, Catalyst score 45, Regime score 100, Liquidity score 55, Final score 70, AI confidence 81, Setup fit 96, Trend quality 88, ML 74, Catalyst 45, Regime 100, Memory 92, Anomaly 43, Confidence 81. TSLA matches EMA + VWAP + ORB. EMA 9/21/50 stack is aligned. price is holding above VWAP. volume is expanding. SPY regime is supportive. breakout is confirmed through premarket high. predicted win probability 0%. expected return 0.00R. Model rejects the trade because win probability is too low., AI decision Qualified",1.28,1055089,321.09,20.21,1.44,0.61,True,True,True,True,True,True,True,True,True,True,premarket_high
323.4,303.92,362.36,322.06,end_of_day,53,-71.28,-0.07,6.02,-0.42,TSLA,Momentum Price Action Trend,Momentum + Price Action Trend,EMA + VWAP + ORB,Signal Selector -> Policy Critic -> Risk Governor -> Execution Router,Approved,Bracket Order / Core Session,Setup EMA + VWAP + ORB -> Policy Approved -> Entry 323.40 / Stop 303.92 / Target 362.36 -> Route Bracket Order / Core Session,2025-06-18,85,71,45,100,55,70,80,HeavyTradingModel-v2,0.0,0.0,Qualified,"Volume accelerating, EMA stack intact, Above VWAP, Intraday expansion, Not extended from EMA 9, First 5m bullish, First 5m above VWAP, ORB confirmed, Setup: EMA + VWAP + ORB, Breakout via premarket_high, SPY above VWAP, ML score 71, Catalyst score 45, Regime score 100, Liquidity score 55, Final score 70, AI confidence 80, Setup fit 96, Trend quality 81, ML 71, Catalyst 45, Regime 100, Memory 95, Anomaly 46, Confidence 80. TSLA matches EMA + VWAP + ORB. EMA 9/21/50 stack is aligned. price is holding above VWAP. volume is expanding. SPY regime is supportive. breakout is confirmed through premarket high. predicted win probability 0%. expected return 0.00R. Model rejects the trade because win probability is too low., AI decision Qualified",1.03,1039838,323.4,19.48,2.18,0.11,True,True,True,True,True,False,True,True,True,True,premarket_high
338.43,317.76,379.76,348.58,end_of_day,50,507.5,0.49,6.11,3.0,TSLA,Momentum Price Action Trend,Momentum + Price Action Trend,EMA + VWAP + ORB,Signal Selector -> Policy Critic -> Risk Governor -> Execution Router,Approved,Bracket Order / Core Session,Setup EMA + VWAP + ORB -> Policy Approved -> Entry 338.43 / Stop 317.76 / Target 379.76 -> Route Bracket Order / Core Session,2025-06-23,110,85,45,100,70,75,84,HeavyTradingModel-v2,0.0,0.0,Qualified,"RVOL strong, Volume accelerating, EMA stack intact, Above VWAP, Intraday expansion, Close near high, Not extended from EMA 9, First 5m bullish, First 5m above VWAP, ORB confirmed, Setup: EMA + VWAP + ORB, Breakout via previous_day_high, SPY above VWAP, ML score 85, Catalyst score 45, Regime score 100, Liquidity score 70, Final score 75, AI confidence 84, Setup fit 96, Trend quality 89, ML 85, Catalyst 45, Regime 100, Memory 94, Anomaly 51, Confidence 84. TSLA matches EMA + VWAP + ORB. EMA 9/21/50 stack is aligned. price is holding above VWAP. volume is expanding. SPY regime is supportive. breakout is confirmed through previous day high. predicted win probability 0%. expected return 0.00R. Model rejects the trade because win probability is too low., AI decision Qualified",3.65,1069629,338.43,20.67,1.74,1.3,True,True,True,True,True,True,True,True,True,True,previous_day_high
328.2,311.36,361.88,323.79,end_of_day,61,-269.01,-0.26,5.13,-1.34,TSLA,Momentum Price Action Trend,Momentum + Price Action Trend,EMA + VWAP + ORB,Signal Selector -> Policy Critic -> Risk Governor -> Execution Router,Approved,Bracket Order / Core Session,Setup EMA + VWAP + ORB -> Policy Approved -> Entry 328.20 / Stop 311.36 / Target 361.88 -> Route Bracket Order / Core Session,2025-06-27,85,70,45,100,55,70,80,HeavyTradingModel-v2,0.0,0.0,Qualified,"Volume accelerating, EMA stack intact, Above VWAP, Intraday expansion, Not extended from EMA 9, First 5m bullish, First 5m above VWAP, ORB confirmed, Setup: EMA + VWAP + ORB, Breakout via premarket_high, SPY above VWAP, ML score 70, Catalyst score 45, Regime score 100, Liquidity score 55, Final score 70, AI confidence 80, Setup fit 96, Trend quality 80, ML 70, Catalyst 45, Regime 100, Memory 98, Anomaly 45, Confidence 80. TSLA matches EMA + VWAP + ORB. EMA 9/21/50 stack is aligned. price is holding above VWAP. volume is expanding. SPY regime is supportive. breakout is confirmed through premarket high. predicted win probability 0%. expected return 0.00R. Model rejects the trade because win probability is too low., AI decision Qualified",1.68,1079204,328.2,16.84,1.93,0.49,True,True,True,True,True,False,True,True,True,True,premarket_high
304.81,288.96,336.51,300.0,end_of_day,65,-312.65,-0.3,5.2,-1.58,TSLA,Momentum Price Action Trend,Momentum + Price Action Trend,EMA + VWAP + Premarket High,Signal Selector -> Policy Critic -> Risk Governor -> Execution Router,Approved,Bracket Order / Core Session,Setup EMA + VWAP + Premarket High -> Policy Approved -> Entry 304.81 / Stop 288.96 / Target 336.51 -> Route Bracket Order / Core Session,2025-07-01,95,78,45,100,70,72,80,HeavyTradingModel-v2,0.0,0.0,Qualified,"RVOL strong, Volume accelerating, EMA stack intact, Above VWAP, Intraday expansion, Not extended from EMA 9, ORB confirmed, Setup: EMA + VWAP + Premarket High, Breakout via premarket_high, SPY above VWAP, ML score 78, Catalyst score 45, Regime score 100, Liquidity score 70, Final score 72, AI confidence 80, Setup fit 92, Trend quality 84, ML 78, Catalyst 45, Regime 100, Memory 96, Anomaly 40, Confidence 80. TSLA matches EMA + VWAP + Premarket High. EMA 9/21/50 stack is aligned. price is holding above VWAP. volume is expanding. SPY regime is supportive. breakout is confirmed through premarket high. predicted win probability 0%. expected return 0.00R. Model rejects the trade because win probability is too low., AI decision Qualified",3.31,1107604,304.81,15.85,3.08,0.68,True,True,True,True,True,False,True,False,False,True,premarket_high
439.0,418.1,480.8,439.31,end_of_day,49,15.19,0.01,4.76,0.07,TSLA,Momentum Price Action Trend,Momentum + Price Action Trend,EMA + VWAP + ORB,Signal Selector -> Policy Critic -> Risk Governor -> Execution Router,Approved,Bracket Order / Core Session,Setup EMA + VWAP + ORB -> Policy Approved -> Entry 439.00 / Stop 418.10 / Target 480.80 -> Route Bracket Order / Core Session,2025-10-17,90,76,45,100,55,72,82,HeavyTradingModel-v2,0.0,0.0,Qualified,"Volume accelerating, EMA stack intact, Above VWAP, Intraday expansion, Close near high, Not extended from EMA 9, First 5m bullish, First 5m above VWAP, ORB confirmed, Setup: EMA + VWAP + ORB, Breakout via premarket_high, SPY above VWAP, ML score 76, Catalyst score 45, Regime score 100, Liquidity score 55, Final score 72, AI confidence 82, Setup fit 96, Trend quality 92, ML 76, Catalyst 45, Regime 100, Memory 94, Anomaly 47, Confidence 82. TSLA matches EMA + VWAP + ORB. EMA 9/21/50 stack is aligned. price is holding above VWAP. volume is expanding. SPY regime is supportive. breakout is confirmed through premarket high. predicted win probability 0%. expected return 0.00R. Model rejects the trade because win probability is too low., AI decision Qualified",1.73,1005166,439.0,20.9,2.55,1.32,True,True,True,True,True,True,True,True,True,True,premarket_high
448.3,423.84,497.21,447.46,end_of_day,42,-35.28,-0.03,5.46,-0.19,TSLA,Momentum Price Action Trend,Momentum + Price Action Trend,EMA + VWAP + Premarket High,Signal Selector -> Policy Critic -> Risk Governor -> Execution Router,Approved,Bracket Order / Core Session,Setup EMA + VWAP + Premarket High -> Policy Approved -> Entry 448.30 / Stop 423.84 / Target 497.21 -> Route Bracket Order / Core Session,2025-10-20,100,79,45,100,70,71,81,HeavyTradingModel-v2,0.0,0.0,Qualified,"RVOL strong, Volume accelerating, EMA stack intact, Above VWAP, Intraday expansion, Close near high, Not extended from EMA 9, First 5m bullish, ORB confirmed, Setup: EMA + VWAP + Premarket High, Breakout via premarket_high, SPY above VWAP, ML score 79, Catalyst score 45, Regime score 100, Liquidity score 70, Final score 71, AI confidence 81, Setup fit 92, Trend quality 88, ML 79, Catalyst 45, Regime 100, Memory 96, Anomaly 32, Confidence 81. TSLA matches EMA + VWAP + Premarket High. EMA 9/21/50 stack is aligned. price is holding above VWAP. volume is expanding. SPY regime is supportive. breakout is confirmed through premarket high. predicted win probability 0%. expected return 0.00R. Model rejects the trade because win probability is too low., AI decision Qualified",3.1,1029177,448.3,20.81,1.28,0.69,True,True,True,True,True,True,True,True,False,True,premarket_high
437.02,414.0,483.06,449.01,end_of_day,44,527.56,0.52,5.27,2.74,TSLA,Momentum Price Action Trend,Momentum + Price Action Trend,EMA + VWAP + ORB,Signal Selector -> Policy Critic -> Risk Governor -> Execution Router,Approved,Bracket Order / Core Session,Setup EMA + VWAP + ORB -> Policy Approved -> Entry 437.02 / Stop 414.00 / Target 483.06 -> Route Bracket Order / Core Session,2025-10-23,75,69,45,100,55,71,83,HeavyTradingModel-v2,0.0,0.0,Qualified,"Volume accelerating, EMA stack intact, Above VWAP, Intraday expansion, Close near high, Not extended from EMA 9, First 5m bullish, First 5m above VWAP, ORB confirmed, Setup: EMA + VWAP + ORB, SPY above VWAP, ML score 69, Catalyst score 45, Regime score 100, Liquidity score 55, Final score 71, AI confidence 83, Setup fit 96, Trend quality 100, ML 69, Catalyst 45, Regime 100, Memory 95, Anomaly 55, Confidence 83. TSLA matches EMA + VWAP + ORB. EMA 9/21/50 stack is aligned. price is holding above VWAP. volume is expanding. SPY regime is supportive. predicted win probability 0%. expected return 0.00R. Model rejects the trade because win probability is too low., AI decision Qualified",1.82,1090874,437.02,18.84,4.92,0.55,True,True,False,True,True,True,True,True,True,True,none
453.54,430.27,500.08,452.0,end_of_day,44,-67.76,-0.07,5.13,-0.34,TSLA,Momentum Price Action Trend,Momentum + Price Action Trend,EMA + VWAP + ORB,Signal Selector -> Policy Critic -> Risk Governor -> Execution Router,Approved,Bracket Order / Core Session,Setup EMA + VWAP + ORB -> Policy Approved -> Entry 453.54 / Stop 430.27 / Target 500.08 -> Route Bracket Order / Core Session,2025-10-27,90,76,45,100,55,72,83,HeavyTradingModel-v2,0.0,0.0,Qualified,"Volume accelerating, EMA stack intact, Above VWAP, Intraday expansion, Close near high, Not extended from EMA 9, First 5m bullish, First 5m above VWAP, ORB confirmed, Setup: EMA + VWAP + ORB, Breakout via previous_day_high, SPY above VWAP, ML score 76, Catalyst score 45, Regime score 100, Liquidity score 55, Final score 72, AI confidence 83, Setup fit 96, Trend quality 92, ML 76, Catalyst 45, Regime 100, Memory 99, Anomaly 47, Confidence 83. TSLA matches EMA + VWAP + ORB. EMA 9/21/50 stack is aligned. price is holding above VWAP. volume is expanding. SPY regime is supportive. breakout is confirmed through previous day high. predicted win probability 0%. expected return 0.00R. Model rejects the trade because win probability is too low., AI decision Qualified",2.02,1179892,453.54,19.08,2.46,0.97,True,True,True,True,True,True,True,True,True,True,previous_day_high
461.03,438.76,505.57,460.6,end_of_day,46,-19.78,-0.02,4.83,-0.09,TSLA,Momentum Price Action Trend,Momentum + Price Action Trend,EMA + VWAP + ORB,Signal Selector -> Policy Critic -> Risk Governor -> Execution Router,Approved,Bracket Order / Core Session,Setup EMA + VWAP + ORB -> Policy Approved -> Entry 461.03 / Stop 438.76 / Target 505.57 -> Route Bracket Order / Core Session,2025-10-28,85,70,45,100,55,70,80,HeavyTradingModel-v2,0.0,0.0,Qualified,"Volume accelerating, EMA stack intact, Above VWAP, Intraday expansion, Not extended from EMA 9, First 5m bullish, First 5m above VWAP, ORB confirmed, Setup: EMA + VWAP + ORB, Breakout via previous_day_high, SPY above VWAP, ML score 70, Catalyst score 45, Regime score 100, Liquidity score 55, Final score 70, AI confidence 80, Setup fit 96, Trend quality 80, ML 70, Catalyst 45, Regime 100, Memory 98, Anomaly 45, Confidence 80. TSLA matches EMA + VWAP + ORB. EMA 9/21/50 stack is aligned. price is holding above VWAP. volume is expanding. SPY regime is supportive. breakout is confirmed through previous day high. predicted win probability 0%. expected return 0.00R. Model rejects the trade because win probability is too low., AI decision Qualified",1.35,1205816,461.03,19.02,1.88,-0.05,True,True,True,True,True,False,True,True,True,True,previous_day_high
455.17,437.25,491.02,456.51,end_of_day,57,76.38,0.07,3.94,0.29,TSLA,Momentum Price Action Trend,Momentum + Price Action Trend,EMA + VWAP + ORB,Signal Selector -> Policy Critic -> Risk Governor -> Execution Router,Approved,Bracket Order / Core Session,Setup EMA + VWAP + ORB -> Policy Approved -> Entry 455.17 / Stop 437.25 / Target 491.02 -> Route Bracket Order / Core Session,2025-10-31,90,74,45,100,55,71,82,HeavyTradingModel-v2,0.0,0.0,Qualified,"Volume accelerating, EMA stack intact, Above VWAP, Intraday expansion, Close near high, Not extended from EMA 9, First 5m bullish, First 5m above VWAP, ORB confirmed, Setup: EMA + VWAP + ORB, Breakout via previous_day_high, SPY above VWAP, ML score 74, Catalyst score 45, Regime score 100, Liquidity score 55, Final score 71, AI confidence 82, Setup fit 96, Trend quality 88, ML 74, Catalyst 45, Regime 100, Memory 98, Anomaly 43, Confidence 82. TSLA matches EMA + VWAP + ORB. EMA 9/21/50 stack is aligned. price is holding above VWAP. volume is expanding. SPY regime is supportive. breakout is confirmed through previous day high. predicted win probability 0%. expected return 0.00R. Model rejects the trade because win probability is too low., AI decision Qualified",1.63,1193122,455.17,17.92,1.51,0.43,True,True,True,True,True,True,True,True,True,True,previous_day_high
468.65,443.84,518.27,468.23,end_of_day,41,-17.22,-0.02,5.29,-0.09,TSLA,Momentum Price Action Trend,Momentum + Price Action Trend,EMA + VWAP + ORB,Signal Selector -> Policy Critic -> Risk Governor -> Execution Router,Approved,Bracket Order / Core Session,Setup EMA + VWAP + ORB -> Policy Approved -> Entry 468.65 / Stop 443.84 / Target 518.27 -> Route Bracket Order / Core Session,2025-11-03,85,72,45,100,55,71,81,HeavyTradingModel-v2,0.0,0.0,Qualified,"Volume accelerating, EMA stack intact, Above VWAP, Intraday expansion, Not extended from EMA 9, First 5m bullish, First 5m above VWAP, ORB confirmed, Setup: EMA + VWAP + ORB, Breakout via previous_day_high, SPY above VWAP, ML score 72, Catalyst score 45, Regime score 100, Liquidity score 55, Final score 71, AI confidence 81, Setup fit 96, Trend quality 83, ML 72, Catalyst 45, Regime 100, Memory 100, Anomaly 47, Confidence 81. TSLA matches EMA + VWAP + ORB. EMA 9/21/50 stack is aligned. price is holding above VWAP. volume is expanding. SPY regime is supportive. breakout is confirmed through previous day high. predicted win probability 0%. expected return 0.00R. Model rejects the trade because win probability is too low., AI decision Qualified",0.99,1191975,468.65,18.07,2.74,-0.0,True,True,True,True,True,False,True,True,True,True,previous_day_high
461.96,442.61,500.67,462.2,end_of_day,53,12.72,0.01,4.19,0.05,TSLA,Momentum Price Action Trend,Momentum + Price Action Trend,EMA + VWAP + Previous Day High,Signal Selector -> Policy Critic -> Risk Governor -> Execution Router,Approved,Bracket Order / Core Session,Setup EMA + VWAP + Previous Day High -> Policy Approved -> Entry 461.96 / Stop 442.61 / Target 500.67 -> Route Bracket Order / Core Session,2025-11-05,80,75,45,100,55,70,81,HeavyTradingModel-v2,0.0,0.0,Qualified,"Volume accelerating, EMA stack intact, Above VWAP, Intraday expansion, Close near high, Not extended from EMA 9, ORB confirmed, Setup: EMA + VWAP + Previous Day High, Breakout via previous_day_high, SPY above VWAP, ML score 75, Catalyst score 45, Regime score 100, Liquidity score 55, Final score 70, AI confidence 81, Setup fit 92, Trend quality 94, ML 75, Catalyst 45, Regime 100, Memory 99, Anomaly 35, Confidence 81. TSLA matches EMA + VWAP + Previous Day High. EMA 9/21/50 stack is aligned. price is holding above VWAP. volume is expanding. SPY regime is supportive. breakout is confirmed through previous day high. predicted win probability 0%. expected return 0.00R. Model rejects the trade because win probability is too low., AI decision Qualified",0.76,1205148,461.96,19.35,3.12,0.72,True,True,True,True,True,True,True,False,False,True,previous_day_high
398.14,376.37,441.67,404.32,end_of_day,47,290.46,0.28,5.47,1.55,TSLA,Momentum Price Action Trend,Momentum + Price Action Trend,EMA + VWAP + ORB,Signal Selector -> Policy Critic -> Risk Governor -> Execution Router,Approved,Bracket Order / Core Session,Setup EMA + VWAP + ORB -> Policy Approved -> Entry 398.14 / Stop 376.37 / Target 441.67 -> Route Bracket Order / Core Session,2025-11-14,110,83,45,100,70,76,85,HeavyTradingModel-v2,0.0,0.0,Qualified,"RVOL strong, Volume accelerating, EMA stack intact, Above VWAP, Intraday expansion, Close near high, Not extended from EMA 9, First 5m bullish, First 5m above VWAP, ORB confirmed, Setup: EMA + VWAP + ORB, Breakout via premarket_high, SPY above VWAP, ML score 83, Catalyst score 45, Regime score 100, Liquidity score 70, Final score 76, AI confidence 85, Setup fit 96, Trend quality 93, ML 83, Catalyst 45, Regime 100, Memory 100, Anomaly 50, Confidence 85. TSLA matches EMA + VWAP + ORB. EMA 9/21/50 stack is aligned. price is holding above VWAP. volume is expanding. SPY regime is supportive. breakout is confirmed through premarket high. predicted win probability 0%. expected return 0.00R. Model rejects the trade because win probability is too low., AI decision Qualified",2.77,1216925,398.14,21.77,2.91,1.59,True,True,True,True,True,True,True,True,True,True,premarket_high
416.62,382.83,484.19,409.02,end_of_day,30,-228.0,-0.22,8.11,-1.82,TSLA,Momentum Price Action Trend,Momentum + Price Action Trend,EMA + VWAP + ORB,Signal Selector -> Policy Critic -> Risk Governor -> Execution Router,Approved,Bracket Order / Core Session,Setup EMA + VWAP + ORB -> Policy Approved -> Entry 416.62 / Stop 382.83 / Target 484.19 -> Route Bracket Order / Core Session,2025-11-17,90,77,45,100,55,73,83,HeavyTradingModel-v2,0.0,0.0,Qualified,"Volume accelerating, EMA stack intact, Above VWAP, Intraday expansion, Close near high, Not extended from EMA 9, First 5m bullish, First 5m above VWAP, ORB confirmed, Setup: EMA + VWAP + ORB, Breakout via premarket_high, SPY above VWAP, ML score 77, Catalyst score 45, Regime score 100, Liquidity score 55, Final score 73, AI confidence 83, Setup fit 96, Trend quality 93, ML 77, Catalyst 45, Regime 100, Memory 100, Anomaly 48, Confidence 83. TSLA matches EMA + VWAP + ORB. EMA 9/21/50 stack is aligned. price is holding above VWAP. volume is expanding. SPY regime is supportive. breakout is confirmed through premarket high. predicted win probability 0%. expected return 0.00R. Model rejects the trade because win probability is too low., AI decision Qualified",2.48,1204632,416.62,22.48,2.76,1.67,True,True,True,True,True,True,True,True,True,True,premarket_high
426.72,398.63,482.9,398.63,stop_loss,36,-1011.24,-1.0,6.58,-6.58,TSLA,Momentum Price Action Trend,Momentum + Price Action Trend,EMA + VWAP + ORB,Signal Selector -> Policy Critic -> Risk Governor -> Execution Router,Approved,Bracket Order / Core Session,Setup EMA + VWAP + ORB -> Policy Approved -> Entry 426.72 / Stop 398.63 / Target 482.90 -> Route Bracket Order / Core Session,2025-11-20,105,78,45,100,70,74,82,HeavyTradingModel-v2,0.0,0.0,Qualified,"RVOL strong, Volume accelerating, EMA stack intact, Above VWAP, Intraday expansion, Not extended from EMA 9, First 5m bullish, First 5m above VWAP, ORB confirmed, Setup: EMA + VWAP + ORB, Breakout via premarket_high, SPY above VWAP, ML score 78, Catalyst score 45, Regime score 100, Liquidity score 70, Final score 74, AI confidence 82, Setup fit 96, Trend quality 80, ML 78, Catalyst 45, Regime 100, Memory 100, Anomaly 49, Confidence 82. TSLA matches EMA + VWAP + ORB. EMA 9/21/50 stack is aligned. price is holding above VWAP. volume is expanding. SPY regime is supportive. breakout is confirmed through premarket high. predicted win probability 0%. expected return 0.00R. Model rejects the trade because win probability is too low., AI decision Qualified",3.21,1216579,426.72,23.24,1.79,1.14,True,True,True,True,True,False,True,True,True,True,premarket_high
414.9,383.82,477.05,417.67,end_of_day,33,91.41,0.09,7.49,0.67,TSLA,Momentum Price Action Trend,Momentum + Price Action Trend,EMA + VWAP + Premarket High,Signal Selector -> Policy Critic -> Risk Governor -> Execution Router,Approved,Bracket Order / Core Session,Setup EMA + VWAP + Premarket High -> Policy Approved -> Entry 414.90 / Stop 383.82 / Target 477.05 -> Route Bracket Order / Core Session,2025-11-24,100,77,45,100,70,70,80,HeavyTradingModel-v2,0.0,0.0,Qualified,"RVOL strong, Volume accelerating, EMA stack intact, Above VWAP, Intraday expansion, Close near high, Not extended from EMA 9, First 5m above VWAP, ORB confirmed, Setup: EMA + VWAP + Premarket High, Breakout via premarket_high, SPY above VWAP, ML score 77, Catalyst score 45, Regime score 100, Liquidity score 70, Final score 70, AI confidence 80, Setup fit 92, Trend quality 88, ML 77, Catalyst 45, Regime 100, Memory 98, Anomaly 30, Confidence 80. TSLA matches EMA + VWAP + Premarket High. EMA 9/21/50 stack is aligned. price is holding above VWAP. volume is expanding. SPY regime is supportive. breakout is confirmed through premarket high. predicted win probability 0%. expected return 0.00R. Model rejects the trade because win probability is too low., AI decision Qualified",2.63,1216576,414.9,23.63,1.35,0.04,True,True,True,True,True,True,True,False,True,True,premarket_high
418.94,396.1,464.62,419.33,end_of_day,45,17.55,0.02,5.45,0.09,TSLA,Momentum Price Action Trend,Momentum + Price Action Trend,EMA + VWAP + ORB,Signal Selector -> Policy Critic -> Risk Governor -> Execution Router,Approved,Bracket Order / Core Session,Setup EMA + VWAP + ORB -> Policy Approved -> Entry 418.94 / Stop 396.10 / Target 464.62 -> Route Bracket Order / Core Session,2025-11-25,90,74,45,100,55,71,82,HeavyTradingModel-v2,0.0,0.0,Qualified,"Volume accelerating, EMA stack intact, Above VWAP, Intraday expansion, Close near high, Not extended from EMA 9, First 5m bullish, First 5m above VWAP, ORB confirmed, Setup: EMA + VWAP + ORB, Breakout via premarket_high, SPY above VWAP, ML score 74, Catalyst score 45, Regime score 100, Liquidity score 55, Final score 71, AI confidence 82, Setup fit 96, Trend quality 88, ML 74, Catalyst 45, Regime 100, Memory 100, Anomaly 43, Confidence 82. TSLA matches EMA + VWAP + ORB. EMA 9/21/50 stack is aligned. price is holding above VWAP. volume is expanding. SPY regime is supportive. breakout is confirmed through premarket high. predicted win probability 0%. expected return 0.00R. Model rejects the trade because win probability is too low., AI decision Qualified",1.38,1207191,418.94,22.84,1.28,0.13,True,True,True,True,True,True,True,True,True,True,premarket_high
441.34,421.83,480.36,446.7,end_of_day,52,278.72,0.27,4.42,1.21,TSLA,Momentum Price Action Trend,Momentum + Price Action Trend,EMA + VWAP + Premarket High,Signal Selector -> Policy Critic -> Risk Governor -> Execution Router,Approved,Bracket Order / Core Session,Setup EMA + VWAP + Premarket High -> Policy Approved -> Entry 441.34 / Stop 421.83 / Target 480.36 -> Route Bracket Order / Core Session,2025-12-03,100,78,45,100,70,71,81,HeavyTradingModel-v2,0.0,0.0,Qualified,"RVOL strong, Volume accelerating, EMA stack intact, Above VWAP, Intraday expansion, Close near high, Not extended from EMA 9, ORB confirmed, Setup: EMA + VWAP + Premarket High, Breakout via premarket_high, SPY above VWAP, ML score 78, Catalyst score 45, Regime score 100, Liquidity score 70, Final score 71, AI confidence 81, Setup fit 92, Trend quality 88, ML 78, Catalyst 45, Regime 100, Memory 100, Anomaly 31, Confidence 81. TSLA matches EMA + VWAP + Premarket High. EMA 9/21/50 stack is aligned. price is holding above VWAP. volume is expanding. SPY regime is supportive. breakout is confirmed through premarket high. predicted win probability 0%. expected return 0.00R. Model rejects the trade because win probability is too low., AI decision Qualified",2.87,1210392,441.34,19.51,1.36,1.06,True,True,True,True,True,True,True,False,False,True,premarket_high
444.42,428.57,476.11,445.19,end_of_day,65,50.37,0.05,3.57,0.17,TSLA,Momentum Price Action Trend,Momentum + Price Action Trend,EMA + VWAP + ORB,Signal Selector -> Policy Critic -> Risk Governor -> Execution Router,Approved,Bracket Order / Core Session,Setup EMA + VWAP + ORB -> Policy Approved -> Entry 444.42 / Stop 428.57 / Target 476.11 -> Route Bracket Order / Core Session,2025-12-09,90,74,45,100,55,71,82,HeavyTradingModel-v2,0.0,0.0,Qualified,"Volume accelerating, EMA stack intact, Above VWAP, Intraday expansion, Close near high, Not extended from EMA 9, First 5m bullish, First 5m above VWAP, ORB confirmed, Setup: EMA + VWAP + ORB, Breakout via premarket_high, SPY above VWAP, ML score 74, Catalyst score 45, Regime score 100, Liquidity score 55, Final score 71, AI confidence 82, Setup fit 96, Trend quality 88, ML 74, Catalyst 45, Regime 100, Memory 100, Anomaly 43, Confidence 82. TSLA matches EMA + VWAP + ORB. EMA 9/21/50 stack is aligned. price is holding above VWAP. volume is expanding. SPY regime is supportive. breakout is confirmed through premarket high. predicted win probability 0%. expected return 0.00R. Model rejects the trade because win probability is too low., AI decision Qualified",1.09,1100702,444.42,15.85,1.34,0.34,True,True,True,True,True,True,True,True,True,True,premarket_high
479.15,441.81,553.84,473.88,end_of_day,27,-142.29,-0.14,7.79,-1.1,TSLA,Momentum Price Action Trend,Momentum + Price Action Trend,EMA + VWAP + Premarket High,Signal Selector -> Policy Critic -> Risk Governor -> Execution Router,Approved,Bracket Order / Core Session,Setup EMA + VWAP + Premarket High -> Policy Approved -> Entry 479.15 / Stop 441.81 / Target 553.84 -> Route Bracket Order / Core Session,2025-12-15,100,79,45,100,70,72,81,HeavyTradingModel-v2,0.0,0.0,Qualified,"RVOL strong, Volume accelerating, EMA stack intact, Above VWAP, Intraday expansion, Close near high, Not extended from EMA 9, First 5m bullish, First 5m above VWAP, Setup: EMA + VWAP + Premarket High, Breakout via premarket_high, SPY above VWAP, ML score 79, Catalyst score 45, Regime score 100, Liquidity score 70, Final score 72, AI confidence 81, Setup fit 92, Trend quality 86, ML 79, Catalyst 45, Regime 100, Memory 100, Anomaly 33, Confidence 81. TSLA matches EMA + VWAP + Premarket High. EMA 9/21/50 stack is aligned. price is holding above VWAP. volume is expanding. SPY regime is supportive. breakout is confirmed through premarket high. predicted win probability 0%. expected return 0.00R. Model rejects the trade because win probability is too low., AI decision Qualified",3.32,1117665,479.15,13.79,0.86,0.65,True,True,True,True,True,True,True,True,True,False,premarket_high
479.89,465.31,509.05,490.53,end_of_day,70,744.8,0.73,3.04,2.22,TSLA,Momentum Price Action Trend,Momentum + Price Action Trend,EMA + VWAP + ORB,Signal Selector -> Policy Critic -> Risk Governor -> Execution Router,Approved,Bracket Order / Core Session,Setup EMA + VWAP + ORB -> Policy Approved -> Entry 479.89 / Stop 465.31 / Target 509.05 -> Route Bracket Order / Core Session,2025-12-16,90,76,45,100,55,73,83,HeavyTradingModel-v2,0.0,0.0,Qualified,"Volume accelerating, EMA stack intact, Above VWAP, Intraday expansion, Close near high, Not extended from EMA 9, First 5m bullish, First 5m above VWAP, ORB confirmed, Setup: EMA + VWAP + ORB, Breakout via premarket_high, SPY above VWAP, ML score 76, Catalyst score 45, Regime score 100, Liquidity score 55, Final score 73, AI confidence 83, Setup fit 96, Trend quality 92, ML 76, Catalyst 45, Regime 100, Memory 100, Anomaly 47, Confidence 83. TSLA matches EMA + VWAP + ORB. EMA 9/21/50 stack is aligned. price is holding above VWAP. volume is expanding. SPY regime is supportive. breakout is confirmed through premarket high. predicted win probability 0%. expected return 0.00R. Model rejects the trade because win probability is too low., AI decision Qualified",0.99,1125937,479.89,14.58,2.62,0.29,True,True,True,True,True,True,True,True,True,True,premarket_high
480.9,463.74,515.21,483.31,end_of_day,60,144.6,0.14,3.57,0.5,TSLA,Momentum Price Action Trend,Momentum + Price Action Trend,EMA + VWAP + Premarket High,Signal Selector -> Policy Critic -> Risk Governor -> Execution Router,Approved,Bracket Order / Core Session,Setup EMA + VWAP + Premarket High -> Policy Approved -> Entry 480.90 / Stop 463.74 / Target 515.21 -> Route Bracket Order / Core Session,2025-12-18,100,77,45,100,70,71,80,HeavyTradingModel-v2,0.0,0.0,Qualified,"RVOL strong, Volume accelerating, EMA stack intact, Above VWAP, Intraday expansion, Close near high, Not extended from EMA 9, ORB confirmed, Setup: EMA + VWAP + Premarket High, Breakout via premarket_high, SPY above VWAP, ML score 77, Catalyst score 45, Regime score 100, Liquidity score 70, Final score 71, AI confidence 80, Setup fit 92, Trend quality 86, ML 77, Catalyst 45, Regime 100, Memory 100, Anomaly 30, Confidence 80. TSLA matches EMA + VWAP + Premarket High. EMA 9/21/50 stack is aligned. price is holding above VWAP. volume is expanding. SPY regime is supportive. breakout is confirmed through premarket high. predicted win probability 0%. expected return 0.00R. Model rejects the trade because win probability is too low., AI decision Qualified",2.86,1129242,480.9,17.16,0.95,0.65,True,True,True,True,True,True,True,False,False,True,premarket_high
370.52,354.19,403.18,392.12,end_of_day,63,1360.8,1.32,4.41,5.83,TSLA,Momentum Price Action Trend,Momentum + Price Action Trend,EMA + VWAP + ORB,Signal Selector -> Policy Critic -> Risk Governor -> Execution Router,Approved,Bracket Order / Core Session,Setup EMA + VWAP + ORB -> Policy Approved -> Entry 370.52 / Stop 354.19 / Target 403.18 -> Route Bracket Order / Core Session,2026-04-15,85,70,45,100,55,70,79,HeavyTradingModel-v2,0.0,0.0,Qualified,"Volume accelerating, EMA stack intact, Above VWAP, Intraday expansion, Not extended from EMA 9, First 5m bullish, First 5m above VWAP, ORB confirmed, Setup: EMA + VWAP + ORB, Breakout via premarket_high, SPY above VWAP, ML score 70, Catalyst score 45, Regime score 100, Liquidity score 55, Final score 70, AI confidence 79, Setup fit 96, Trend quality 79, ML 70, Catalyst 45, Regime 100, Memory 100, Anomaly 44, Confidence 79. TSLA matches EMA + VWAP + ORB. EMA 9/21/50 stack is aligned. price is holding above VWAP. volume is expanding. SPY regime is supportive. breakout is confirmed through premarket high. predicted win probability 0%. expected return 0.00R. Model rejects the trade because win probability is too low., AI decision Qualified",1.99,1063727,370.52,16.33,1.58,0.57,True,True,True,True,True,False,True,True,True,True,premarket_high
406.32,381.82,455.32,400.65,end_of_day,43,-243.81,-0.23,6.03,-1.4,TSLA,Momentum Price Action Trend,Momentum + Price Action Trend,EMA + VWAP + Premarket High,Signal Selector -> Policy Critic -> Risk Governor -> Execution Router,Approved,Bracket Order / Core Session,Setup EMA + VWAP + Premarket High -> Policy Approved -> Entry 406.32 / Stop 381.82 / Target 455.32 -> Route Bracket Order / Core Session,2026-04-17,80,76,45,100,55,71,82,HeavyTradingModel-v2,0.0,0.0,Qualified,"Volume accelerating, EMA stack intact, Above VWAP, Intraday expansion, Close near high, Not extended from EMA 9, First 5m bullish, ORB confirmed, Setup: EMA + VWAP + Premarket High, Breakout via premarket_high, SPY above VWAP, ML score 76, Catalyst score 45, Regime score 100, Liquidity score 55, Final score 71, AI confidence 82, Setup fit 92, Trend quality 95, ML 76, Catalyst 45, Regime 100, Memory 100, Anomaly 36, Confidence 82. TSLA matches EMA + VWAP + Premarket High. EMA 9/21/50 stack is aligned. price is holding above VWAP. volume is expanding. SPY regime is supportive. breakout is confirmed through premarket high. predicted win probability 0%. expected return 0.00R. Model rejects the trade because win probability is too low., AI decision Qualified",1.37,1078505,406.32,16.75,3.53,1.22,True,True,True,True,True,True,True,True,False,True,premarket_high
391.05,375.0,423.13,405.03,end_of_day,65,908.7,0.87,4.1,3.57,TSLA,Momentum Price Action Trend,Momentum + Price Action Trend,EMA + VWAP + ORB,Signal Selector -> Policy Critic -> Risk Governor -> Execution Router,Approved,Bracket Order / Core Session,Setup EMA + VWAP + ORB -> Policy Approved -> Entry 391.05 / Stop 375.00 / Target 423.13 -> Route Bracket Order / Core Session,2026-04-22,90,73,45,100,55,71,81,HeavyTradingModel-v2,0.0,0.0,Qualified,"Volume accelerating, EMA stack intact, Above VWAP, Intraday expansion, Close near high, Not extended from EMA 9, First 5m bullish, First 5m above VWAP, ORB confirmed, Setup: EMA + VWAP + ORB, Breakout via premarket_high, SPY above VWAP, ML score 73, Catalyst score 45, Regime score 100, Liquidity score 55, Final score 71, AI confidence 81, Setup fit 96, Trend quality 86, ML 73, Catalyst 45, Regime 100, Memory 100, Anomaly 41, Confidence 81. TSLA matches EMA + VWAP + ORB. EMA 9/21/50 stack is aligned. price is holding above VWAP. volume is expanding. SPY regime is supportive. breakout is confirmed through premarket high. predicted win probability 0%. expected return 0.00R. Model rejects the trade because win probability is too low., AI decision Qualified",0.75,1008442,391.05,16.04,0.79,0.08,True,True,True,True,True,True,True,True,True,True,premarket_high
378.92,363.68,409.38,378.56,end_of_day,69,-24.84,-0.02,4.02,-0.1,TSLA,Momentum Price Action Trend,Momentum + Price Action Trend,EMA + VWAP + Premarket High,Signal Selector -> Policy Critic -> Risk Governor -> Execution Router,Approved,Bracket Order / Core Session,Setup EMA + VWAP + Premarket High -> Policy Approved -> Entry 378.92 / Stop 363.68 / Target 409.38 -> Route Bracket Order / Core Session,2026-04-27,80,74,45,100,55,70,81,HeavyTradingModel-v2,0.0,0.0,Qualified,"Volume accelerating, EMA stack intact, Above VWAP, Intraday expansion, Close near high, Not extended from EMA 9, ORB confirmed, Setup: EMA + VWAP + Premarket High, Breakout via premarket_high, SPY above VWAP, ML score 74, Catalyst score 45, Regime score 100, Liquidity score 55, Final score 70, AI confidence 81, Setup fit 92, Trend quality 92, ML 74, Catalyst 45, Regime 100, Memory 100, Anomaly 33, Confidence 81. TSLA matches EMA + VWAP + Premarket High. EMA 9/21/50 stack is aligned. price is holding above VWAP. volume is expanding. SPY regime is supportive. breakout is confirmed through premarket high. predicted win probability 0%. expected return 0.00R. Model rejects the trade because win probability is too low., AI decision Qualified",0.9,1012627,378.92,15.23,2.7,0.35,True,True,True,True,True,True,True,False,False,True,premarket_high
